ID,Customer_Age_scaled,Customer_Tenure_Days_scaled,Recency_scaled,Total_Purchases_scaled,Digital_Engagement_scaled,Deal_Dependency_scaled,Income_log_scaled,Total_Spending_log_scaled,Avg_Spending_Per_Purchase_log_scaled,MntWines_log_scaled,MntFruits_log_scaled,MntMeatProducts_log_scaled,MntFishProducts_log_scaled,MntSweetProducts_log_scaled,MntGoldProds_log_scaled,Total_Children_scaled,Family_Size_scaled,Total_Campaign_Acceptance_scaled,NumDealsPurchases_scaled,NumWebPurchases_scaled,NumCatalogPurchases_scaled,NumStorePurchases_scaled,NumWebVisitsMonth_scaled,Education_Encoded_scaled,Customer_Activity_Level_Encoded_scaled,Marital_Status_Divorced,Marital_Status_Married,Marital_Status_Single,Marital_Status_Together,Marital_Status_Widow,Preferred_Shopping_Channel_Catalog,Preferred_Shopping_Channel_Deals,Preferred_Shopping_Channel_None,Preferred_Shopping_Channel_Store,Preferred_Shopping_Channel_Web,Product_Preference_Fish,Product_Preference_Fruits,Product_Preference_Gold,Product_Preference_Meat,Product_Preference_Sweets,Product_Preference_Wines
5524,0.7222222222222222,0.882183908045977,0.18,0.7692307692307693,1.5,-0.2696296296296296,0.18931337139047458,0.5195593751608556,0.6737795444066993,0.4293243030799417,0.8087678244220687,0.7964401784031099,1.0168180866247318,0.8087678244220687,0.7295519805090722,-1.0,-2.0,1.0,0.5,1.0,2.0,-0.2,0.25,0.0,0.0,0,0,1,0,0,1,0,0,0,0,0,0,0,0,0,1
2174,0.8888888888888888,-0.6982758620689655,-0.22,-0.6923076923076923,-0.75,0.9629629629629629,-0.15765665527776215,-0.9805853917736835,-1.0104600024643449,-0.8916042300028858,-0.5308733279587541,-0.8685062832737553,-0.576043627965019,-0.5308733279587541,-0.731393516412085,1.0,0.0,0.0,0.0,-0.75,-0.25,-0.6,-0.25,0.0,0.0,0,0,1,0,0,0,0,0,1,0,0,0,0,0,0,1
4141,0.2777777777777778,-0.12643678160919541,-0.46,0.46153846153846156,0.75,-0.6878306878306878,0.5083245056758617,0.2483158698657138,0.30130998986620444,0.29677053658200475,0.6052486063887117,0.2416213964965861,0.846011808166154,0.3154784929617928,0.31159714487129303,-1.0,-1.0,0.0,-0.5,1.0,0.0,1.0,-0.5,0.0,0.5,0,0,0,1,0,0,0,0,1,0,0,0,0,0,0,1
6182,-0.7777777777777778,-0.6235632183908046,-0.46,-0.5384615384615384,-0.25,0.48148148148148157,-1.0046186038820795,-0.7377145154049668,-0.7886034654472479,-0.8916042300028858,-0.20746290290324726,-0.448840246502505,-0.06562641226476575,-0.2862227858405282,-0.8199621321402158,0.0,0.0,0.0,0.0,-0.5,-0.5,-0.2,0.0,0.0,0.5,0,0,0,1,0,0,0,0,1,0,0,0,0,1,0,0
5324,-0.6111111111111112,-0.5603448275862069,0.9,0.3076923076923077,0.25,0.557504873294347,0.1933879406011272,0.0234579967463868,-0.03262931271112395,-0.0019066133931049845,0.5601290350800188,0.2137712660416344,0.5048840918141492,0.40059811775913484,-0.25641814192069373,0.0,0.0,0.0,1.5,0.25,0.25,0.2,-0.25,2.0,-0.5,0,1,0,0,0,0,0,0,1,0,0,0,0,0,0,1
7446,0.16666666666666666,-0.1810344827586207,-0.66,0.5384615384615384,0.75,-0.43771043771043766,0.3003474309597276,0.21859783232816687,0.21748609264618157,0.3629671563558302,0.5520147438379108,0.14348252050682764,-1.007628303794069,0.5520147438379108,-0.2934993113628321,0.0,0.0,0.0,0.0,0.5,0.5,1.0,0.0,1.0,0.5,0,0,0,1,0,0,0,0,1,0,0,0,0,0,0,1
965,-0.05555555555555555,0.6810344827586207,-0.3,0.46153846153846156,1.0,0.13756613756613756,0.12196766454987966,0.14713217296257322,0.12082963024151103,0.09949348299904068,0.7032404280002826,0.33861611515009493,0.5369709225380106,0.6052486063887117,0.06511398322198858,0.0,-1.0,0.0,1.0,0.75,0.25,0.4,0.0,0.0,0.0,1,0,0,0,0,0,0,0,0,1,0,0,0,0,0,1
6177,-0.8333333333333334,0.1752873563218391,-0.34,-0.38461538461538464,0.75,0.1925925925925927,-0.6564221487920628,-0.3136333730768812,-0.20906720887369978,-0.27314279653681545,0.07082795084356677,-0.06740573948219951,-0.4630290774619893,-0.5308733279587541,-0.02345463250614205,0.0,0.0,0.0,0.0,0.0,-0.5,-0.2,0.5,2.0,0.0,0,1,0,0,0,0,0,0,0,1,0,0,0,0,0,1
4855,-0.2222222222222222,0.09195402298850575,-0.6,-0.6923076923076923,0.75,0.0,-0.8053863796083087,-0.7890549229015935,-0.7016413337602555,-0.8173636728039921,-0.7755238700769802,-0.38223786481114475,-0.4630290774619893,-0.2862227858405282,-1.2182158819572526,0.0,0.0,1.0,-0.5,-0.25,-0.5,-0.6,0.75,2.0,0.5,0,0,0,1,0,0,0,0,0,1,0,0,0,1,0,0
5899,1.1111111111111112,-0.7126436781609196,0.38,-1.0,3.0,1.9259259259259263,-3.378522222284785,-0.7661739823514333,0.0312568793480148,-0.5980305908885469,-0.7755238700769802,-0.8685062832737553,-0.7353286906280291,-0.5308733279587541,-0.3331397665950483,1.0,1.0,1.0,-0.5,-0.75,-0.5,-1.0,3.5,2.0,-0.5,0,0,0,1,0,0,0,0,0,1,0,0,0,0,0,1
1994,-0.7222222222222222,-0.3735632183908046,-0.76,-0.8461538461538461,-0.25,0.48148148148148157,0.0,-1.1050096505306226,-0.9802720925656272,-1.1222164641568182,-0.14311139292026412,-0.8685062832737553,-1.007628303794069,-0.3877619350384901,-1.451179391371804,0.0,0.0,0.0,-0.5,-0.75,-0.5,-0.6,0.25,0.0,0.5,0,1,0,0,0,0,0,0,1,0,0,0,0,1,0,0
387,-0.3333333333333333,0.6810344827586207,0.2,-0.6923076923076923,0.25,0.0,-2.944574468496162,-0.6866278235723599,-0.5295200917875578,-1.0709300510135173,0.2244761299230198,-0.6626115125441394,-0.03144440163293923,-0.5308733279587541,-0.22158573742309376,-1.0,-1.0,0.0,-0.5,-0.5,-0.5,-0.4,0.5,-2.0,0.0,0,1,0,0,0,0,0,0,1,0,0,1,0,0,0,0
2125,0.6111111111111112,-0.3735632183908046,0.66,0.07692307692307693,-1.0,-0.6018518518518519,0.3130245877108779,0.37787150236111294,0.7158259793515886,0.03600299794847313,0.6811734851375101,0.7473224845399347,1.1218034025607897,0.8930366104212158,0.12359411675246054,-1.0,-2.0,0.0,-0.5,-0.25,0.5,0.6,-1.0,0.0,-0.5,1,0,0,0,0,0,0,0,1,0,0,0,0,1,0,0
8180,1.0,-0.3735632183908046,0.08,0.0,0.75,0.1925925925925927,0.220991478603174,-0.09028191437744794,-0.07937349880614086,0.09666194993715657,-0.3877619350384901,-0.0880592281640338,-0.4630290774619893,-0.14311139292026412,-0.2934993113628321,1.0,0.0,0.0,0.5,0.5,-0.25,0.0,0.0,1.0,0.0,1,0,0,0,0,0,0,0,0,1,0,0,0,0,0,1
2569,-0.9444444444444444,0.7787356321839081,-0.22,-0.7692307692307693,0.0,0.1925925925925927,-1.6635701368601348,-0.7890549229015935,-0.5910109556060998,-1.2571159733443953,0.18029903213524281,-0.5077252649352844,-0.24318664449800542,-0.5308733279587541,-0.8199621321402158,-1.0,-1.0,0.0,-0.5,-0.75,-0.5,-0.4,0.5,0.0,0.0,0,1,0,0,0,0,0,0,1,0,0,0,0,1,0,0
2114,1.3333333333333333,0.6494252873563219,-0.52,0.8461538461538461,0.25,-0.7407407407407407,0.7304567165566432,0.4431628682852234,0.5096235069911541,0.5822121458297514,0.33116801477775093,0.2040176343294115,0.6008157204042494,0.7189299498162411,0.3503461201575912,-1.0,-2.0,3.0,-0.5,0.75,1.0,1.4,-0.75,2.0,0.5,0,0,1,0,0,0,0,0,1,0,0,0,0,0,0,1
9736,-0.5555555555555556,0.5632183908045977,0.04,-0.46153846153846156,0.5,0.9629629629629629,-0.31375068749346313,-0.5211182218375319,-0.4997730232875856,-0.39119297747379916,-0.14311139292026412,-0.4674779179008721,-0.576043627965019,0.15594757564090878,-0.9247165705944205,1.0,1.0,0.0,0.5,-0.25,-0.5,-0.4,0.5,0.0,0.0,0,1,0,0,0,0,0,0,0,1,0,0,0,0,0,1
4939,1.3333333333333333,0.8936781609195402,-0.58,-0.15384615384615385,0.5,-0.07407407407407397,-0.47113198514542937,-0.08205094194003035,0.028176982228268907,-0.2402564783035804,-0.14311139292026412,-0.21236944249137837,0.9633865066633797,0.1297907130420535,0.08527600666061479,-1.0,-1.0,0.0,0.0,0.0,-0.25,0.2,0.25,0.0,0.5,0,0,0,1,0,0,0,0,1,0,1,0,0,0,0,0
6565,1.1666666666666667,0.29310344827586204,0.84,0.8461538461538461,1.75,-0.5185185185185185,0.6192193788016435,0.5554684502252414,0.7125472551014471,0.5841886058596328,0.7755238700769802,0.7613565869374939,-1.007628303794069,0.2244761299230198,1.1245687712862287,0.0,0.0,1.0,0.0,1.75,0.5,0.8,-0.25,1.0,-0.5,0,1,0,0,0,0,0,0,0,1,0,0,0,0,0,1
2278,-0.8333333333333334,0.7097701149425287,0.74,-0.5384615384615384,-0.25,0.48148148148148157,-0.6401327729639872,-0.4016282321274053,-0.2195815324212884,-1.1828754161455015,0.2446505421182259,-0.4674779179008721,0.3413974350728991,0.36059806427048563,0.27004467885669003,0.0,-1.0,0.0,0.0,-0.5,-0.25,-0.4,0.0,-1.0,-0.5,0,0,1,0,0,0,0,0,1,0,0,0,1,0,0,0
9360,-0.6666666666666666,0.9597701149425287,-0.16,-0.23076923076923078,0.75,-0.48148148148148145,-0.5005937345621984,-0.0832156375982886,0.07840689940008336,-0.23251884754703742,-0.3877619350384901,0.03230062532477855,0.6613730907052233,0.5175526480805436,0.3866461083646709,-1.0,-1.0,0.0,-0.5,0.0,0.0,0.0,0.5,0.0,0.0,0,1,0,0,0,0,0,0,1,0,0,0,0,0,0,1
5376,-0.5,0.5258620689655172,-0.14,2.1538461538461537,-2.0,1.0525409130060295,-4.658226805347544,0.5445233658775878,0.3576059678910942,-1.4877282074983278,-0.5308733279587541,1.2353973360249602,-0.7353286906280291,-0.5308733279587541,-1.451179391371804,0.0,0.0,0.0,6.5,-1.0,6.5,-1.0,-1.25,0.0,0.0,0,1,0,0,0,1,0,0,0,0,0,0,0,1,0,0
1993,1.1666666666666667,0.5660919540229885,0.28,0.15384615384615385,0.25,0.05664488017429206,0.20160912866857508,0.3314979397285154,0.5913936024594186,0.5327926968698337,-0.7755238700769802,0.09412409277587154,-1.007628303794069,-0.7755238700769802,-0.12820907096034687,0.0,0.0,1.0,0.5,-0.5,0.25,0.8,0.5,2.0,-0.5,0,1,0,0,0,0,0,0,1,0,0,0,0,0,0,1
4047,0.8888888888888888,-0.5373563218390804,-0.98,0.38461538461538464,0.25,-0.09629629629629628,0.36765955903963704,0.11716796104740294,0.09960552319054157,0.2623222289699432,-0.7755238700769802,0.15861307218163676,0.20667320090127414,0.4585898858820568,-0.8199621321402158,0.0,0.0,0.0,0.5,0.5,0.0,0.8,-0.5,2.0,0.5,0,1,0,0,0,0,0,0,1,0,0,0,0,0,0,1
1409,1.0555555555555556,0.3218390804597701,0.4,0.38461538461538464,1.5,1.0592592592592591,-0.3568050307583032,0.042207156146486645,-0.03293737175515416,0.14550200553941922,-0.2862227858405282,-0.33894670494896506,0.4415306577412393,-0.08870296647731721,0.796507499634074,0.0,0.0,0.0,2.5,0.75,-0.25,0.0,0.5,0.0,-0.5,0,0,0,1,0,0,0,0,0,1,0,0,0,0,0,1
7892,0.05555555555555555,0.5373563218390804,0.8,-0.5384615384615384,0.0,0.48148148148148157,-1.555631794399606,-0.6113388507169355,-0.5794582759064119,-1.0709300510135173,-0.20746290290324726,-0.36725569010023346,0.08157014887009044,0.1297907130420535,-0.3331397665950483,-1.0,-2.0,0.0,0.0,-0.5,-0.25,-0.4,0.25,0.0,-0.5,0,0,1,0,0,0,0,0,1,0,0,0,0,1,0,0
2404,-0.3333333333333333,0.1206896551724138,-0.9,-0.07692307692307693,0.75,0.6878306878306878,0.05804561900153654,-0.15937111617477678,-0.15591905026664,-0.0019066133931049845,-0.20746290290324726,-0.3000660731068272,-0.4630290774619893,-0.08870296647731721,0.29807749263654026,1.0,1.0,0.0,1.0,0.25,-0.25,-0.2,0.25,0.0,0.5,0,1,0,0,0,0,0,0,0,1,0,0,0,0,0,1
5255,-0.8888888888888888,0.39655172413793105,-0.6,0.9230769230769231,4.75,-0.9629629629629629,0.0,0.17542938498051944,0.0066503492900789355,-1.1222164641568182,-0.5308733279587541,-1.0822775493153898,-0.4630290774619893,1.1925415122367349,1.5372473467585972,0.0,-1.0,0.0,-1.0,5.75,-0.5,-1.0,-1.25,0.0,0.5,0,0,1,0,0,0,0,0,0,1,0,0,1,0,0,0
9422,-1.0555555555555556,0.10919540229885058,-0.46,-0.46153846153846156,-1.0,0.32098765432098764,-0.4470065094007231,-0.407189097306505,-0.30440348155542213,-0.5169767622838456,-0.3877619350384901,-0.17507188995082262,0.18839803133104463,0.3154784929617928,-0.471701526830916,0.0,0.0,0.0,0.0,-0.5,-0.25,-0.2,-0.75,0.0,0.5,0,1,0,0,0,0,0,0,1,0,0,0,0,1,0,0
1966,0.2777777777777778,-0.3936781609195402,0.94,0.8461538461538461,-0.25,-0.7407407407407407,0.7636943002772868,0.5319205875238677,0.6699190160870913,0.4540176206023161,0.853411178716044,0.9426148804695267,0.20667320090127414,0.7085481389060245,-1.849433141188841,-1.0,-1.0,1.0,-0.5,0.5,1.75,1.0,-1.0,2.0,-0.5,0,1,0,0,0,0,0,0,1,0,0,0,0,1,0,0
6864,-1.0555555555555556,-0.9137931034482759,-0.3,-0.5384615384615384,-0.25,0.48148148148148157,-2.3614444900179987,-0.9429471116559227,-1.110020789569042,-0.9873169549692411,-0.20746290290324726,-0.6958495530356731,-0.576043627965019,-0.3877619350384901,-0.9247165705944205,-1.0,-2.0,0.0,0.0,-0.25,-0.5,-0.4,-0.25,1.0,0.0,1,0,0,0,0,0,0,0,0,1,0,0,0,1,0,0
3033,0.3888888888888889,0.16666666666666666,0.14,-0.3076923076923077,-1.0,-0.43771043771043766,-0.436669101783999,-0.08088990310304343,0.1395650570843286,-0.14552373380004507,0.2446505421182259,-0.15770542268316173,0.3890734775391832,0.33116801477775093,0.7359716976857932,-1.0,-1.0,0.0,-0.5,-0.5,0.75,-0.4,-0.75,1.0,0.0,0,0,0,1,0,1,0,0,0,0,0,0,0,0,0,1
5710,0.0,0.7787356321839081,-0.36,-0.46153846153846156,-0.5,0.32098765432098764,-0.3621173089733521,-0.4393650836347412,-0.35997556857747337,-0.1514650189423361,-0.7755238700769802,-0.9273913017065346,-0.576043627965019,-0.7755238700769802,-1.0529256415547674,0.0,0.0,1.0,0.0,-0.5,-0.25,-0.2,-0.25,0.0,0.0,0,0,0,1,0,0,0,0,1,0,0,0,0,0,0,1
7373,1.0,0.7241379310344828,-0.82,0.15384615384615385,0.25,1.076252723311547,-0.14889812517879253,-0.09991869596776684,-0.17702851506259076,-0.19631979589425674,0.1297907130420535,0.1356864032043119,0.3776858598750006,0.33116801477775093,0.32480597280315754,1.0,0.0,1.0,2.0,0.0,-0.25,0.2,0.0,2.0,0.5,1,0,0,0,0,0,0,0,1,0,0,0,0,0,0,1
8755,1.3333333333333333,0.39655172413793105,-0.9,0.23076923076923078,0.25,-0.6419753086419753,0.4438150209591567,0.40811470778361025,0.6917827428236007,0.3377704213480324,0.4793580006964157,0.7401072261746632,0.8731153335702893,0.7189299498162411,-0.047907629659445665,-1.0,-1.0,0.0,-0.5,-0.25,0.75,0.8,0.25,1.0,0.5,0,1,0,0,0,0,0,0,1,0,0,0,0,0,0,1
10738,1.0555555555555556,-0.14942528735632185,0.12,-0.6923076923076923,0.0,0.0,-0.06027236492271772,-0.6635083853900678,-0.49014000856964185,-0.4828234042714047,-0.7755238700769802,-0.4674779179008721,-0.576043627965019,-0.5308733279587541,-1.0529256415547674,1.0,0.0,0.0,-0.5,-0.5,-0.5,-0.4,0.25,1.0,0.0,0,0,1,0,0,0,0,0,1,0,0,0,0,0,0,1
4339,0.0,-0.5057471264367817,-0.24,1.0,-0.5,0.06878306878306886,0.41446965677217096,0.3083662416020595,0.21873380434149284,0.4626472921153385,0.2446505421182259,0.3072675912337357,-1.007628303794069,0.0,0.20950887690840939,0.0,0.0,0.0,1.5,0.25,1.0,1.4,-1.0,2.0,0.0,0,1,0,0,0,0,0,0,1,0,0,0,0,0,0,1
10755,-0.3333333333333333,-0.16091954022988506,0.54,-0.46153846153846156,0.25,0.9629629629629629,-1.182753666431238,-0.5832399791825652,-0.6044592396335859,-1.0709300510135173,-0.2862227858405282,-0.577371459454412,0.08157014887009044,-0.041572243722302185,0.2252511961698712,0.0,0.0,0.0,0.5,-0.25,-0.25,-0.6,0.25,-1.0,-0.5,0,1,0,0,0,0,0,0,0,1,0,0,1,0,0,0
8595,-0.16666666666666666,-0.6264367816091954,1.0,-0.6153846153846154,-0.75,0.6878306878306878,-0.2927234825231391,-0.6524690412560705,-0.5667208562101296,-0.37909334855171994,-0.7755238700769802,-0.8685062832737553,-0.576043627965019,-0.7755238700769802,-0.9247165705944205,0.0,-1.0,0.0,0.0,-0.75,-0.25,-0.4,-0.25,0.0,-0.5,0,0,0,0,1,0,0,0,1,0,0,0,0,0,0,1
2968,1.5,0.4511494252873563,0.08,0.6923076923076923,1.0,-0.48148148148148145,-0.073998287508014,0.30388881076135155,0.3125073678156832,0.30523280638738176,0.0,0.4252427268901284,0.9885775262689339,0.6052486063887117,0.31159714487129303,-1.0,-2.0,2.0,0.0,0.75,2.0,0.0,0.0,2.0,0.0,1,0,0,0,0,1,0,0,0,0,0,0,0,0,0,1
8601,-0.5555555555555556,0.20114942528735633,-0.92,0.46153846153846156,0.75,-0.4126984126984127,0.678020934136566,0.4649857521312886,0.6916228943702513,0.29285172653355124,0.7576488544432298,0.7893920727653069,0.7282924672799496,1.0553957169436532,0.8134907669154694,0.0,0.0,0.0,0.0,1.0,1.0,0.0,-0.5,0.0,0.5,0,1,0,0,0,0,0,0,0,1,0,0,0,1,0,0
503,-0.8333333333333334,0.3390804597701149,0.78,-0.6153846153846154,0.25,0.6878306878306878,-1.4014875747387485,-0.7377145154049668,-0.7091454559795866,-0.840317816859585,-0.5308733279587541,-0.31259167029201684,-0.4630290774619893,-0.7755238700769802,-0.6546718917377307,0.0,0.0,0.0,0.0,-0.5,-0.5,-0.4,0.5,1.0,-0.5,0,1,0,0,0,0,0,0,1,0,0,0,0,1,0,0
8430,0.7222222222222222,0.5632183908045977,-0.9,-0.8461538461538461,-1.0,0.48148148148148157,-1.2982371533069936,-1.0533270027820778,-0.8970108754924192,-0.9522631819915691,-0.7755238700769802,-0.8685062832737553,-0.4630290774619893,-0.5308733279587541,-1.0529256415547674,0.0,0.0,0.0,-0.5,-1.0,-0.5,-0.4,-0.25,0.0,0.5,0,0,0,1,0,0,0,0,1,0,0,0,0,0,0,1
7281,0.6111111111111112,-0.3448275862068966,0.62,-0.46153846153846156,-1.5,-0.32098765432098764,0.0,-0.2783885677603167,-0.07937349880614086,-0.25221117011747224,0.10153914919796193,-0.10989354155354014,-0.4630290774619893,-0.3877619350384901,0.27004467885669003,-1.0,-2.0,0.0,-0.5,-0.75,0.25,-0.2,-1.0,2.0,-0.5,0,0,1,0,0,0,0,0,1,0,0,0,0,0,0,1
2139,-0.2777777777777778,-0.2471264367816092,-0.6,-0.5384615384615384,-0.5,1.2037037037037037,-2.944574468496162,-0.9312067425426861,-1.0923804172245828,-1.2571159733443953,-0.5308733279587541,-0.6958495530356731,-0.4630290774619893,-0.3877619350384901,-0.3757191474672522,0.0,0.0,0.0,0.5,-0.5,-0.5,-0.4,-0.25,1.0,0.5,0,1,0,0,0,0,0,0,1,0,0,0,1,0,0,0
1371,-0.3333333333333333,-1.0201149425287357,0.46,0.07692307692307693,-1.5,-0.6018518518518519,0.6766814770795286,0.336030669401335,0.6400764302746433,-0.11461769376890923,1.0266508530557896,0.5224722416542271,1.1252646170351268,0.436522943019284,1.1180396247767563,-1.0,-2.0,0.0,-0.5,-0.5,0.5,0.8,-1.25,0.0,-0.5,0,0,1,0,0,0,0,0,1,0,0,0,0,1,0,0
9909,-1.4444444444444444,0.6925287356321839,-0.5,-0.38461538461538464,0.75,0.7703703703703704,-2.944574468496162,-0.43330280744213806,-0.4159150433017064,-1.2571159733443953,0.2637338989659208,-0.577371459454412,0.08157014887009044,0.33116801477775093,0.40963152180849455,-1.0,-1.0,1.0,0.5,-0.25,-0.25,-0.4,0.75,-1.0,0.5,0,1,0,0,0,0,0,0,0,1,0,0,1,0,0,0
7286,0.1111111111111111,0.12931034482758622,0.86,-0.7692307692307693,0.75,0.1925925925925927,-0.3182183833906313,-0.7242661036901205,-0.4806417257539197,-0.840317816859585,-0.08870296647731721,-0.5527179709905995,-0.4630290774619893,-0.14311139292026412,-0.3331397665950483,0.0,0.0,0.0,-0.5,-0.5,-0.5,-0.6,1.0,0.0,-0.5,0,0,0,1,0,0,0,0,0,1,0,0,0,1,0,0
7244,1.0555555555555556,-0.5086206896551724,0.94,-0.38461538461538464,-0.25,0.7703703703703704,0.0,-0.42733831417224394,-0.40570257790789155,-0.4235196603747745,-0.14311139292026412,-0.12517543890733063,-0.24318664449800542,0.07082795084356677,-0.6546718917377307,2.0,1.0,0.0,0.5,-0.5,-0.25,-0.2,0.0,0.0,-0.5,0,0,1,0,0,0,0,0,1,0,0,0,0,0,0,1
6566,0.8888888888888888,0.6954022988505747,-0.2,1.0,1.0,0.8941798941798944,0.528218028753271,0.44428514703981,0.462327359755758,0.5166941841507227,0.6122380649615098,0.5892462685916802,0.5369709225380106,0.5175526480805436,0.2554981117643361,1.0,1.0,0.0,3.5,0.25,0.0,1.4,0.5,2.0,0.0,0,1,0,0,0,0,0,0,1,0,0,0,0,0,0,1
8614,0.7222222222222222,-0.8850574712643678,-0.4,0.15384615384615385,-0.75,-0.6230936819172113,0.37145003269787585,0.09117007676056434,0.16001722556966655,0.11330057322403712,0.28183818133320476,0.23560557943114058,0.4213803280400368,0.7137772141594719,-0.2934993113628321,0.0,-1.0,0.0,-0.5,0.0,0.0,1.0,-1.0,0.0,0.5,0,0,0,0,1,0,0,0,1,0,0,0,0,0,0,1
4114,0.3333333333333333,0.9511494252873564,-0.94,1.0769230769230769,0.0,-0.7637292464878672,0.6613282241800316,0.5365334194685125,0.6052916244607657,0.43707997190347814,0.5083844410841468,0.932479192668824,0.30141258183407427,1.0330105949158508,0.15951573240067232,-1.0,-1.0,0.0,-0.5,0.5,1.75,1.6,-0.75,1.0,0.5,0,1,0,0,0,0,0,0,1,0,0,0,0,1,0,0
1331,-0.3888888888888889,0.5373563218390804,0.1,-0.6153846153846154,0.0,0.6878306878306878,-0.5531296442264743,-0.6262317586662209,-0.5223183684030078,-0.864973770899795,-0.08870296647731721,-0.448840246502505,0.3413974350728991,-0.5308733279587541,-1.0529256415547674,0.0,-1.0,0.0,0.0,-0.5,-0.5,-0.4,0.25,0.0,0.0,0,0,1,0,0,0,0,0,1,0,1,0,0,0,0,0
2225,-0.3888888888888889,-0.9597701149425287,0.1,0.46153846153846156,-1.0,-0.6878306878306878,0.7264222224491218,0.5195593751608556,0.7905293639073061,0.3565192195306826,0.9171797717641137,0.7992234073913516,0.9786941043220889,0.5352041322794227,1.304283837344046,-1.0,-2.0,3.0,-0.5,0.0,1.75,0.4,-1.25,0.0,0.0,1,0,0,0,0,1,0,0,0,0,0,0,0,1,0,0
9381,-0.4444444444444444,0.07471264367816093,0.16,0.6153846153846154,-0.5,0.7954911433172305,0.3920392405303356,0.15701030464601395,0.07876688676654087,0.21002609387838853,0.03718763921497886,0.23256176660337322,0.0,0.36059806427048563,0.8512687935805415,1.0,1.0,0.0,2.5,0.0,0.0,1.0,-0.75,0.0,0.0,0,1,0,0,0,0,0,0,1,0,0,0,0,0,0,1
6260,0.8333333333333334,0.6637931034482759,0.12,0.9230769230769231,-1.25,-0.7489711934156378,0.7227486253658532,0.5900905376301769,0.7500028326615861,0.5748629827763788,0.6190917972785056,0.7071633685923571,1.0345768300636031,0.9171797717641137,1.1683063035481107,-1.0,-1.0,2.0,-0.5,-0.25,2.0,1.6,-1.25,1.0,0.0,0,0,0,1,0,0,0,0,1,0,0,0,0,0,0,1
10383,0.2222222222222222,0.27873563218390807,-0.38,0.46153846153846156,-0.25,-0.6878306878306878,0.4797226980847771,0.3748417948426076,0.5287172905132695,0.1748599401779516,0.48930108423645197,0.7489075344853028,0.8796087921797341,0.9171797717641137,0.28423203449009354,-1.0,-2.0,1.0,-0.5,0.25,0.75,1.0,-0.75,0.0,0.5,1,0,0,0,0,0,0,0,1,0,0,0,0,1,0,0
7437,-1.0,-0.8448275862068966,-0.36,-0.6923076923076923,-1.25,0.0,-0.9321602947291424,-0.9550724787901951,-0.9705004685705578,-0.840317816859585,-0.7755238700769802,-0.7725050540976793,-0.576043627965019,-0.5308733279587541,-0.8199621321402158,0.0,-1.0,0.0,-0.5,-0.75,-0.5,-0.2,-0.75,0.0,0.0,0,0,1,0,0,0,0,0,1,0,0,0,0,0,0,1
8557,-0.6666666666666666,0.0603448275862069,0.16,-0.6153846153846154,-0.25,0.6878306878306878,0.0,-0.7890549229015935,-0.793391613255783,-0.8916042300028858,-0.2862227858405282,-0.41408934665237235,-0.576043627965019,-0.3877619350384901,-0.731393516412085,0.0,-1.0,0.0,0.0,-0.5,-0.5,-0.4,0.0,0.0,0.0,0,0,1,0,0,0,0,0,1,0,0,0,0,1,0,0
8375,0.1111111111111111,-0.6839080459770115,0.28,0.3076923076923077,1.5,-0.050682261208576995,0.13071727118852317,0.09909189133729565,0.10112479932959265,0.31274335391007707,-0.7755238700769802,-0.3255419439953788,-1.007628303794069,-0.7755238700769802,0.32480597280315754,0.0,0.0,0.0,0.5,1.0,0.0,0.2,0.25,2.0,-0.5,0,1,0,0,0,0,0,0,0,1,0,0,0,0,0,1
6853,-0.6666666666666666,0.011494252873563218,-0.74,0.46153846153846156,-1.25,-0.6878306878306878,0.594816960223117,0.47620424515639387,0.7119388402856145,0.46734656694326626,0.38776193503849,0.7908121356971768,0.6613730907052233,0.15594757564090878,0.6754358957375127,-1.0,-2.0,3.0,-0.5,-0.25,1.0,1.2,-1.25,1.0,0.5,0,0,1,0,0,0,0,0,1,0,0,0,0,0,0,1
3076,-0.2777777777777778,0.8735632183908046,-0.62,0.5384615384615384,-0.5,0.08754208754208763,0.3984815479189056,0.1606476182252876,0.11433183307641288,0.31643599033541864,0.2637338989659208,0.15861307218163676,0.10538624670896068,0.2637338989659208,-0.731393516412085,1.0,1.0,0.0,1.0,0.0,0.0,1.4,-0.75,0.0,0.5,0,0,0,1,0,0,0,0,1,0,0,0,0,0,0,1
1012,1.0,0.40229885057471265,-0.46,0.6923076923076923,1.5,0.0,0.2833620417249315,0.29644311158838826,0.29917641553536495,0.36487741878981317,-0.041572243722302185,0.2619606140880888,0.4213803280400368,0.18029903213524281,1.1013845829883637,0.0,-1.0,0.0,1.0,1.0,0.0,1.0,0.25,0.0,0.5,0,0,1,0,0,0,0,0,1,0,0,0,0,0,0,1
6518,1.0555555555555556,0.07758620689655173,-0.82,0.3076923076923077,0.75,-0.6588693957115009,0.42188153174492804,0.15701030464601395,0.20418308964415435,0.37916938629095653,-0.7755238700769802,-0.12517543890733063,-1.007628303794069,-0.08870296647731721,-0.731393516412085,0.0,-1.0,0.0,-0.5,0.75,0.25,0.6,-0.25,2.0,0.5,0,0,0,0,1,0,0,0,1,0,0,0,0,0,0,1
4137,1.2222222222222223,-0.4339080459770115,-0.4,0.07692307692307693,0.5,-0.6018518518518519,0.48795242837835595,0.3690503917001784,0.6998460385211429,0.2742057467271763,0.5352041322794227,0.6450298099972086,0.8731153335702893,0.9229660673179124,0.12359411675246054,-1.0,-1.0,0.0,-0.5,0.75,0.5,-0.2,-0.5,0.0,0.5,0,0,0,1,0,0,0,0,0,1,0,0,0,0,0,1
8082,-0.05555555555555555,0.13793103448275862,0.52,-0.7692307692307693,-0.25,0.1925925925925927,-1.0586863734760532,-0.8980690116780572,-0.7731933616127528,-1.4877282074983278,-0.2862227858405282,-0.8685062832737553,-0.4630290774619893,-0.08870296647731721,-0.25641814192069373,0.0,0.0,1.0,-0.5,-0.75,-0.25,-0.6,0.25,0.0,-0.5,0,1,0,0,0,0,0,0,1,0,0,0,1,0,0,0
1386,0.16666666666666666,-0.882183908045977,-0.98,-0.8461538461538461,-0.25,0.48148148148148157,-0.7019210407361187,-1.2939081469693843,-1.2705562266487218,-0.9205531871755583,-0.7755238700769802,-1.347057338477785,-1.007628303794069,-0.7755238700769802,-1.849433141188841,1.0,1.0,0.0,-0.5,-0.75,-0.5,-0.6,0.25,0.0,0.5,0,0,0,1,0,0,0,0,1,0,0,0,0,0,0,1
9369,-0.5,-0.7298850574712644,-0.6,1.3076923076923077,1.75,-0.7824074074074073,0.8270384364402319,0.431458754926298,0.35065196564026463,0.4559547621830325,0.18029903213524281,0.5795133474700859,1.0776997205029695,0.36059806427048563,0.2554981117643361,0.0,-1.0,3.0,-0.5,1.75,2.0,1.0,-0.25,-1.0,0.5,0,0,1,0,0,0,0,0,0,1,0,0,0,0,0,1
4477,0.6666666666666666,-0.23275862068965517,-0.9,0.23076923076923078,0.0,-0.6419753086419753,0.4535690591422747,0.18458875269220404,0.2891301354234072,0.1159945403850232,0.6052486063887117,0.3268614495863134,-0.19072946429594947,0.7841329828271124,0.8512687935805415,0.0,0.0,0.0,-0.5,0.25,0.0,1.0,-0.5,0.0,0.5,0,0,0,1,0,0,0,0,1,0,0,0,0,0,0,1
1357,0.0,0.2614942528735632,0.82,0.3076923076923077,-0.5,1.165692007797271,0.5760621427051626,0.5067706243215152,0.83444443109918,0.5285494690440247,0.6696001163716948,0.7528416216644517,0.5942131229410537,0.42494957425346885,0.6235049459869083,2.0,2.0,0.0,2.5,-0.5,0.75,0.0,-0.25,0.0,-0.5,0,0,0,1,0,0,1,0,0,0,0,0,0,0,0,1
1402,0.8888888888888888,0.8620689655172413,-0.96,0.46153846153846156,-0.5,-0.13756613756613756,0.40622237726781174,0.4253173706863715,0.6198576767024983,0.34727687169716787,0.49897171996375944,0.7310993889042334,1.0536404500772254,0.6754342347185844,-0.3757191474672522,-1.0,-1.0,0.0,0.5,0.0,1.5,0.2,-0.75,1.0,0.5,0,1,0,0,0,1,0,0,0,0,0,0,0,0,0,1
10629,-0.16666666666666666,0.853448275862069,-0.48,-0.46153846153846156,0.5,0.9629629629629629,0.0,-0.47460988895130574,-0.4205036834005015,-0.6343615367458626,-0.2862227858405282,-0.16628997471088275,0.12784066103007083,-0.20746290290324726,-0.1887448729086275,0.0,0.0,0.0,0.5,-0.25,-0.5,-0.4,0.5,-1.0,0.5,0,1,0,0,0,0,0,0,0,1,0,0,0,1,0,0
6312,0.6111111111111112,0.32471264367816094,-0.4,1.1538461538461537,2.0,-0.19259259259259257,0.36078001228512074,0.28756263692928435,0.13632344639055524,0.1304336283548972,0.8770630192749421,0.556662892337077,0.7376463687461494,0.5083844410841468,0.7164932658922031,0.0,0.0,0.0,1.0,1.5,0.25,1.6,0.25,0.0,0.5,0,1,0,0,0,0,0,0,1,0,0,0,0,1,0,0
8132,-0.2777777777777778,0.27011494252873564,0.78,0.6923076923076923,1.75,0.24074074074074087,0.2535675668341719,0.18908474200593337,0.10778413934932699,0.390529626301374,-0.08870296647731721,-0.01140372710202764,-1.007628303794069,-0.08870296647731721,-0.12820907096034687,1.0,1.0,1.0,1.5,1.25,0.0,0.6,0.25,2.0,-0.5,0,1,0,0,0,0,0,0,0,1,0,0,0,0,0,1
1050,1.0,-0.8505747126436781,0.18,-0.5384615384615384,-1.25,-0.2407407407407407,-0.9107295728630359,-0.6635083853900678,-0.6666439996511707,-0.8173636728039921,0.07082795084356677,-0.6037264941113603,-0.37536818175688036,0.20307829839592387,-0.5264628207773835,-1.0,-1.0,0.0,-0.5,-0.5,-0.25,-0.2,-1.0,0.0,0.0,0,1,0,0,0,0,0,0,1,0,0,0,0,0,1,0
5846,-0.3888888888888889,0.5775862068965517,0.38,-0.8461538461538461,-0.5,0.48148148148148157,-0.37355780717012105,-1.2369046798572463,-1.1855559147687382,-1.3528286983107507,-0.5308733279587541,-0.8685062832737553,-0.576043627965019,-0.5308733279587541,-1.451179391371804,0.0,-1.0,0.0,-0.5,-0.75,-0.5,-0.6,0.0,0.0,-0.5,1,0,0,0,0,0,0,0,1,0,0,0,0,1,0,0
1859,-0.1111111111111111,0.9051724137931034,-0.3,0.3076923076923077,0.75,-0.6588693957115009,0.5841571343722176,0.5772152605188012,0.9624727569459193,0.4715199013000401,0.8898992019955868,0.9975328451026196,0.7935546279640983,0.2637338989659208,-0.15768008000897207,-1.0,-1.0,1.0,-0.5,0.75,1.0,0.0,-0.25,1.0,0.0,0,1,0,0,0,0,0,0,0,1,0,0,0,1,0,0
7503,-0.3333333333333333,0.7729885057471264,-0.18,0.5384615384615384,0.0,-0.9629629629629629,0.5957860330674051,0.6348607010731833,0.9687660560380993,0.5906932729998985,0.8704655164602081,0.9319897672479299,0.9280201559679603,0.8704655164602081,0.42078835216682153,-1.0,-2.0,2.0,-1.0,0.25,1.5,0.8,-0.5,0.0,0.0,0,0,1,0,0,0,0,0,1,0,0,0,0,0,0,1
10401,-0.3333333333333333,-0.16666666666666666,-0.74,-0.8461538461538461,-1.5,0.48148148148148157,-1.0231078126256916,-1.1239774268840612,-1.0104600024643449,-1.4877282074983278,-0.7755238700769802,-0.9273913017065346,-1.007628303794069,-0.2862227858405282,-0.5264628207773835,-1.0,-1.0,0.0,-0.5,-1.0,-0.5,-0.4,-0.75,-1.0,0.5,0,0,0,1,0,0,0,0,1,0,0,0,1,0,0,0
1618,0.2777777777777778,0.5373563218390804,-0.8,0.46153846153846156,2.25,-0.4126984126984127,0.13323140262905397,0.20600800137005074,0.22567461132252345,0.3975096681855146,-0.7755238700769802,-0.01723584784811107,-1.007628303794069,-0.7755238700769802,0.42078835216682153,-1.0,-1.0,2.0,0.0,1.5,-0.25,0.6,0.5,0.0,0.5,0,0,0,1,0,0,0,0,0,1,0,0,0,0,0,1
3332,-0.8333333333333334,0.8994252873563219,0.76,-0.23076923076923078,0.5,0.9629629629629629,-0.8354789235760447,-0.32243832632945224,-0.3405153215818565,-0.32950874539303654,-0.20746290290324726,0.005576690118878176,-0.19072946429594947,-0.14311139292026412,-0.1887448729086275,0.0,-1.0,0.0,1.0,-0.25,-0.25,-0.2,0.5,0.0,-0.5,0,0,1,0,0,0,0,0,1,0,0,0,0,1,0,0
2261,0.05555555555555555,0.04310344827586207,-0.88,-0.8461538461538461,-0.25,0.48148148148148157,-1.0243871899962853,-1.1651076174231962,-1.0751866849165583,-1.1828754161455015,-0.5308733279587541,-0.9273913017065346,-0.576043627965019,-0.7755238700769802,-0.9247165705944205,0.0,0.0,0.0,-0.5,-0.75,-0.5,-0.6,0.25,0.0,0.5,0,1,0,0,0,0,0,0,1,0,0,0,0,1,0,0
5346,-0.16666666666666666,0.014367816091954023,0.76,-0.46153846153846156,0.25,0.9629629629629629,-1.1930470062696912,-0.592371074363497,-0.6197209190000177,-0.6343615367458626,-0.14311139292026412,-0.4674779179008721,-0.19072946429594947,-0.7755238700769802,-0.02345463250614205,0.0,0.0,0.0,0.5,-0.25,-0.5,-0.4,0.25,-1.0,-0.5,0,1,0,0,0,0,0,0,0,1,0,0,0,0,0,1
4119,0.3888888888888889,0.16666666666666666,0.14,-0.3076923076923077,-1.0,-0.43771043771043766,-0.436669101783999,-0.08088990310304343,0.1395650570843286,-0.14552373380004507,0.2446505421182259,-0.15770542268316173,0.3890734775391832,0.33116801477775093,0.7359716976857932,-1.0,-1.0,0.0,-0.5,-0.5,0.75,-0.4,-0.75,1.0,0.0,0,0,0,1,0,1,0,0,0,0,0,0,0,0,0,1
535,-0.9444444444444444,-0.6666666666666666,-0.62,0.9230769230769231,-1.25,-0.7489711934156378,0.7036266055458885,0.24926648881031102,0.13742104219881487,-0.021598935963539782,0.346189691316188,0.7000396845042451,0.30141258183407427,0.7032404280002826,0.6463380979458401,-1.0,-2.0,0.0,-0.5,-0.25,2.0,1.6,-1.25,0.0,0.5,1,0,0,0,0,0,0,0,1,0,0,0,0,1,0,0
5268,0.5555555555555556,-0.09770114942528736,0.92,-0.6153846153846154,-0.25,0.6878306878306878,-0.8520230431870731,-0.7177209670600709,-0.6760112674860832,-0.7567047208153088,0.0,-0.577371459454412,-0.06562641226476575,-0.20746290290324726,-1.0529256415547674,1.0,1.0,0.0,0.0,-0.75,-0.5,-0.2,0.25,0.0,-0.5,0,1,0,0,0,0,0,0,1,0,0,0,0,0,0,1
273,0.0,-0.022988505747126436,-0.02,-0.15384615384615385,0.25,1.2592592592592595,-0.5383215760880131,-0.3550195626333726,-0.4466788414273617,-0.09634704951805173,-0.7755238700769802,-0.5295595783247905,-1.007628303794069,-0.7755238700769802,-0.8199621321402158,1.0,1.0,1.0,1.5,-0.25,-0.25,-0.2,0.25,1.0,0.0,0,1,0,0,0,0,1,0,0,0,0,0,0,0,0,1
4452,0.7222222222222222,-0.9310344827586207,-0.92,0.15384615384615385,1.0,0.3965141612200436,-0.02962686676567362,-0.023059348717453625,-0.04229985655987047,0.17147074489430597,-0.08870296647731721,-0.2222919870910548,-1.007628303794069,-0.2862227858405282,0.19332305418233545,0.0,-1.0,3.0,1.0,0.5,-0.25,0.2,0.25,0.0,0.5,0,0,1,0,0,0,0,0,0,1,0,0,0,0,0,1
8504,-0.16666666666666666,-0.8850574712643678,0.42,0.3076923076923077,-0.5,-0.6588693957115009,0.6700050045588881,0.45722294342610237,0.7445583704419582,0.23156145912473347,0.6754342347185844,0.8115029232599419,0.8424885083022684,0.9531986810242506,1.0139414499117485,-1.0,-1.0,1.0,-0.5,0.25,1.0,0.4,-1.0,0.0,-0.5,0,1,0,0,0,0,0,0,1,0,0,0,0,1,0,0
771,0.16666666666666666,-0.5660919540229885,0.6,-0.38461538461538464,-1.25,-0.38518518518518513,0.08135614840209089,-0.26289769272369334,-0.12028351032312752,-0.08388480134854172,0.03718763921497886,-0.20269812873847687,-0.37536818175688036,-0.7755238700769802,-0.6546718917377307,0.0,0.0,0.0,-0.5,-0.5,0.0,0.0,-1.0,0.0,-0.5,0,0,0,1,0,0,0,0,1,0,0,0,0,0,0,1
8996,0.7222222222222222,0.6637931034482759,-0.9,1.0769230769230769,1.75,1.4278416347381866,0.0,0.15517814285111692,-0.07542200516097054,0.09236894680469392,0.5520147438379108,0.3984920459122059,0.5291915534463482,0.5083844410841468,0.4424723863229611,2.0,2.0,0.0,5.0,0.75,0.0,0.6,0.75,2.0,0.5,0,1,0,0,0,0,1,0,0,0,0,0,0,0,0,1
9235,0.7222222222222222,-0.9281609195402298,-0.08,-0.8461538461538461,-0.25,0.48148148148148157,0.0,-1.1239774268840612,-1.0104600024643449,-1.026503739190463,-0.7755238700769802,-0.7725050540976793,-0.576043627965019,-0.7755238700769802,-1.451179391371804,1.0,0.0,0.0,-0.5,-0.75,-0.5,-0.6,0.25,0.0,0.0,0,0,1,0,0,0,0,0,1,0,0,0,0,1,0,0
5798,-0.16666666666666666,-0.39655172413793105,0.76,0.0,-1.5,-0.5777777777777777,0.0,0.336405900854944,0.6839055823356645,0.3112547468334815,0.5083844410841468,0.636633944804024,0.7975429393933342,0.4129838139810195,-0.15768008000897207,-1.0,-1.0,0.0,-0.5,-0.5,0.5,0.6,-1.25,1.0,-0.5,0,0,0,1,0,0,0,0,1,0,0,0,0,0,0,1
11178,-0.1111111111111111,-0.7413793103448276,0.4,-0.7692307692307693,-0.25,0.1925925925925927,-0.293986385632967,-0.9198276734736306,-0.8089445712674348,-0.7958915050365306,-0.3877619350384901,-0.6958495530356731,-1.007628303794069,-0.5308733279587541,-0.9247165705944205,0.0,-1.0,0.0,-0.5,-0.75,-0.5,-0.4,0.25,1.0,-0.5,0,0,1,0,0,0,0,0,1,0,0,0,0,0,0,1
2230,0.0,-0.9195402298850575,0.7,-0.38461538461538464,-0.25,0.7703703703703704,-1.188701117972618,-0.8134455571304952,-1.0356153283130884,-0.6097055827056526,-0.3877619350384901,-0.577371459454412,-1.007628303794069,-0.7755238700769802,-1.849433141188841,0.0,0.0,0.0,0.5,-0.25,-0.25,-0.4,-0.25,2.0,-0.5,0,1,0,0,0,0,0,0,0,1,0,0,0,0,0,1
7516,-0.7222222222222222,-0.9137931034482759,-0.38,-0.6923076923076923,-0.25,0.0,-0.8182979619069767,-0.797007714698515,-0.714828469485766,-1.1222164641568182,-0.2862227858405282,-0.6626115125441394,0.0,-0.14311139292026412,-0.5264628207773835,0.0,0.0,0.0,-0.5,-0.5,-0.5,-0.4,0.0,0.0,0.5,0,1,0,0,0,0,0,0,1,0,1,0,0,0,0,0
7247,0.5555555555555556,0.6551724137931034,0.46,0.5384615384615384,1.0,0.3501683501683502,-0.10660827223555787,0.15701030464601395,0.10787426159097202,0.35324777599841445,-0.7755238700769802,-0.352839017326429,-1.007628303794069,-0.7755238700769802,0.6388274196251017,0.0,-1.0,1.0,1.5,0.75,0.5,0.2,0.0,0.0,-0.5,0,0,0,0,1,0,0,0,0,1,0,0,0,0,0,1
11100,-0.1111111111111111,0.25287356321839083,-0.24,-0.6153846153846154,0.0,0.6878306878306878,0.013051245098084772,-0.6748874544591233,-0.6044592396335859,-0.40374930259193015,-0.3877619350384901,-0.8174977601529947,-1.007628303794069,-0.5308733279587541,-1.2182158819572526,1.0,0.0,0.0,0.0,-0.5,-0.5,-0.4,0.25,0.0,0.0,1,0,0,0,0,0,0,0,1,0,0,0,0,0,0,1
4646,1.0555555555555556,-0.41954022988505746,-0.1,0.7692307692307693,-0.5,-0.7318518518518518,0.6487855874260423,0.3337712495466141,0.3390299494607657,0.057475165715934605,0.38776193503849,0.7201724517006157,0.6936799412060767,-0.7755238700769802,1.2598752326730989,-1.0,-1.0,1.0,-0.5,0.25,1.25,1.4,-1.0,-1.0,0.0,0,1,0,0,0,0,0,0,1,0,0,0,0,1,0,0
3037,-0.7222222222222222,0.05172413793103448,-0.34,0.07692307692307693,0.25,-0.2407407407407407,-0.03687230601503132,0.012815807162220619,0.06057579853197544,-0.08388480134854172,0.5834093037298083,0.11959996366442333,0.638257876730324,0.6811734851375101,-0.4217083823231789,-1.0,-1.0,0.0,0.0,0.25,0.0,0.4,-0.25,2.0,0.0,0,1,0,0,0,0,0,0,1,0,0,0,0,0,0,1
1473,0.5555555555555556,-0.04310344827586207,-0.98,-0.6153846153846154,0.25,0.6878306878306878,-0.10958138209987052,-0.6262317586662209,-0.5223183684030078,-0.39119297747379916,-0.5308733279587541,-0.9273913017065346,-0.576043627965019,-0.5308733279587541,-0.471701526830916,0.0,-1.0,0.0,0.0,-0.5,-0.5,-0.4,0.5,-1.0,0.5,0,0,1,0,0,0,0,0,1,0,0,0,0,0,0,1
1016,0.6111111111111112,-0.7614942528735632,-0.12,-0.6153846153846154,-0.25,0.6878306878306878,-0.6069132100236536,-0.7242661036901205,-0.6868773577146858,-0.47480607351807536,-0.5308733279587541,-0.8685062832737553,-0.576043627965019,-0.7755238700769802,-0.8199621321402158,0.0,-1.0,0.0,0.0,-0.5,-0.5,-0.4,0.0,2.0,0.0,0,0,1,0,0,0,0,0,1,0,0,0,0,0,0,1
4518,-0.5,0.22701149425287356,0.2,0.9230769230769231,1.25,-0.5349794238683128,0.7830136393510666,0.39967805518385985,0.4062801770091173,0.26404608322334977,1.0433619562618106,0.3802500208348134,1.0452817240679892,0.9505548025655839,0.8616214828560621,0.0,0.0,0.0,0.0,1.25,0.75,1.2,-0.25,0.0,0.0,0,0,0,1,0,0,0,0,1,0,0,0,0,0,0,1
9370,1.3888888888888888,0.14942528735632185,0.38,0.07692307692307693,0.25,-0.6018518518518519,0.37983984507706076,0.38385745157808526,0.7266727855471112,0.3887614921491851,0.7798546743976487,0.5365178124043597,0.7187103995221312,0.5352041322794227,0.6824857843071304,-1.0,-1.0,0.0,-0.5,0.5,0.25,0.2,-0.5,2.0,-0.5,0,1,0,0,0,0,0,0,0,1,0,0,0,0,0,1
8908,0.6111111111111112,-0.8735632183908046,-0.28,0.38461538461538464,-1.25,-0.674074074074074,0.8096047707924795,0.37619139694576686,0.5636778794377281,0.07309790080410362,0.7576488544432298,0.8857093280100816,0.5369709225380106,0.38776193503849,0.2554981117643361,-1.0,-1.0,1.0,-0.5,-0.25,2.25,0.0,-1.25,0.0,0.0,0,1,0,0,0,1,0,0,0,0,0,0,0,1,0,0
8373,-0.5,-0.4454022988505747,0.9,-0.7692307692307693,-0.75,0.1925925925925927,-1.1272521893869996,-0.9550724787901951,-0.8663688591569083,-1.4877282074983278,-0.2862227858405282,-0.8685062832737553,-0.06562641226476575,-0.7755238700769802,-0.5264628207773835,0.0,0.0,0.0,-0.5,-0.75,-0.5,-0.4,-0.25,-2.0,-0.5,0,0,0,1,0,0,0,0,1,0,1,0,0,0,0,0
7533,0.3333333333333333,-0.22413793103448276,-0.68,-0.15384615384615385,0.5,0.814814814814815,-0.06937811707100418,-0.27641634673446774,-0.3119076037747529,-0.06256556538178842,-0.5308733279587541,-0.2761835162644227,-0.576043627965019,-0.5308733279587541,-0.6546718917377307,1.0,1.0,0.0,1.0,0.0,-0.25,-0.2,0.25,0.0,0.5,0,1,0,0,0,0,0,0,0,1,0,0,0,0,0,1
2683,0.05555555555555555,0.4482758620689655,0.14,0.8461538461538461,0.75,-0.07407407407407397,0.030670903138958112,0.30715049070161565,0.265443623079861,0.1748599401779516,0.8737796828181837,0.5295595783247905,0.6936799412060767,0.8463518209205468,0.557769482217709,1.0,1.0,0.0,1.0,0.5,0.5,1.4,0.0,0.0,0.0,0,1,0,0,0,0,0,0,1,0,0,0,0,0,0,1
3629,-0.4444444444444444,0.5775862068965517,-0.64,-0.46153846153846156,0.25,0.32098765432098764,-0.4391675326163426,-0.3699124705826581,-0.23967679910320852,-0.27314279653681545,-0.2862227858405282,-0.28793818182820424,-0.37536818175688036,-0.20746290290324726,0.06511398322198858,0.0,-1.0,0.0,0.0,-0.25,-0.25,-0.4,0.25,0.0,0.5,0,0,1,0,0,0,0,0,0,1,0,0,0,0,0,1
10991,0.5555555555555556,0.6120689655172413,-0.62,-0.07692307692307693,-0.5,-0.5502645502645502,0.8419576856892536,0.28195637520045513,0.631484852016833,0.3179016452457064,1.0856136152542766,0.17316707966436307,0.35386976203613035,0.33116801477775093,0.32480597280315754,-1.0,-1.0,0.0,-0.5,0.25,0.5,-0.2,-1.0,1.0,0.5,0,1,0,0,0,0,0,0,0,1,0,0,0,0,0,1
5077,-0.5,-0.33620689655172414,-0.06,0.6923076923076923,0.0,-0.7222222222222222,0.6252299696529954,0.3303560225087831,0.35994799726614757,0.295990458553867,0.9022848982174715,0.5579688645108356,0.24085521153310066,0.48930108423645197,0.6682984286737267,0.0,0.0,0.0,-0.5,0.5,1.0,1.2,-0.75,0.0,0.0,0,0,0,1,0,0,0,0,1,0,0,0,0,0,0,1
7431,-1.1666666666666667,0.6896551724137931,-0.18,0.15384615384615385,1.75,-0.6230936819172113,0.4319331711091887,0.5632667644700042,1.0118987601890028,0.6755208761158169,0.2446505421182259,0.5819699249958074,0.24085521153310066,0.6190917972785056,0.7164932658922031,-1.0,-2.0,2.0,-0.5,0.75,0.5,0.0,0.75,2.0,0.0,0,0,1,0,0,0,0,0,0,1,0,0,0,0,0,1
3267,0.3888888888888889,-1.0114942528735633,-0.44,0.38461538461538464,1.25,-0.09629629629629628,0.16677401880771078,0.15822672207775854,0.1726009440431853,0.3674074927816808,-0.7755238700769802,-0.43106976387327783,-1.007628303794069,-0.7755238700769802,0.5125052426754879,0.0,0.0,1.0,0.5,1.0,-0.25,0.6,0.0,1.0,0.5,0,0,0,1,0,0,0,0,0,1,0,0,0,0,0,1
999,-1.1666666666666667,0.5373563218390804,0.92,0.7692307692307693,0.0,-0.7318518518518518,0.789144671983553,0.22574870145497408,0.1461385254759209,0.34323589335690685,0.5680609671737329,0.23560557943114058,0.3285161072382096,0.29905896856117287,-0.047907629659445665,-1.0,-2.0,3.0,-0.5,0.5,1.25,1.2,-0.75,0.0,-0.5,0,0,1,0,0,0,0,0,1,0,0,0,0,0,0,1
9215,-0.5555555555555556,0.5977011494252874,-0.6,0.46153846153846156,1.0,0.4126984126984127,-0.23798890971555317,0.12188732129260083,0.0760365090322353,0.2570964179736899,-0.7755238700769802,0.15488624760885494,-1.007628303794069,-0.7755238700769802,0.6156877000947116,0.0,0.0,0.0,1.5,0.5,0.5,0.2,0.25,2.0,0.5,0,1,0,0,0,0,0,0,0,1,0,0,0,0,0,1
2286,0.4444444444444444,-0.1839080459770115,-0.44,-0.5384615384615384,-0.25,0.48148148148148157,-0.017616801854675946,-0.4581720465193257,-0.3178760201642757,-0.32950874539303654,-0.5308733279587541,-0.43106976387327783,-1.007628303794069,-0.5308733279587541,0.06511398322198858,1.0,0.0,0.0,0.0,-0.5,-0.25,-0.4,0.0,0.0,0.5,0,0,1,0,0,0,0,0,1,0,0,0,0,0,0,1
1592,0.0,-0.5747126436781609,-0.48,0.0,-1.0,-0.9629629629629629,0.8710127826599269,0.5432393695674164,1.0596674996462767,0.3797770634034223,0.8498991485069379,0.9478186282798026,0.9659795543721166,0.7841329828271124,0.1766680123939431,-1.0,-1.0,2.0,-1.0,0.0,1.0,0.0,-1.25,0.0,0.5,0,1,0,0,0,1,0,0,0,0,0,0,0,1,0,0
367,-0.4444444444444444,0.3994252873563218,0.5,0.38461538461538464,2.25,0.48148148148148157,-0.5209734316313294,0.1389072361976707,0.13822201109066343,-0.43037976169502096,0.8166116166417164,0.1277278551610678,0.8859966614049789,0.8637423393967315,0.9060300875270091,0.0,0.0,0.0,1.5,1.25,-0.25,0.0,0.75,-1.0,-0.5,0,1,0,0,0,0,0,0,0,1,1,0,0,0,0,0
5234,0.16666666666666666,-0.008620689655172414,0.72,-0.6153846153846154,-0.75,0.6878306878306878,-0.7852503289632295,-0.5832399791825652,-0.4490492317952098,-0.864973770899795,-0.14311139292026412,-0.36725569010023346,-1.007628303794069,0.03718763921497886,0.12359411675246054,1.0,1.0,0.0,0.0,-0.75,-0.25,-0.4,-0.25,-1.0,-0.5,0,0,0,1,0,0,0,0,1,0,0,0,1,0,0,0
9862,0.05555555555555555,-0.3706896551724138,-0.24,-0.6153846153846154,-0.25,0.6878306878306878,-1.3035342373118066,-0.9087883293396334,-0.9845033595303953,-1.4877282074983278,-0.08870296647731721,-0.8174977601529947,-0.03144440163293923,-0.14311139292026412,-1.0529256415547674,0.0,0.0,0.0,0.0,-0.5,-0.5,-0.4,0.0,0.0,0.0,0,0,0,1,0,0,0,0,1,0,1,0,0,0,0,0
9805,0.9444444444444444,0.05172413793103448,0.32,0.5384615384615384,0.25,0.08754208754208763,0.135496047887411,0.18852572365940948,0.16389420746509561,0.2018360648981957,0.5981179371223457,0.25912047841190844,0.4415306577412393,0.7388200638697252,0.3866461083646709,0.0,0.0,0.0,1.0,0.5,0.0,1.0,-0.5,1.0,-0.5,0,0,0,1,0,0,0,0,1,0,0,0,0,0,0,1
6205,0.16666666666666666,-0.6637931034482759,-0.72,-0.46153846153846156,-0.5,0.9629629629629629,-0.6980146977606716,-0.5877773436645394,-0.6120472085288577,-0.5354650255067588,-0.2862227858405282,-0.31259167029201684,-1.007628303794069,-0.20746290290324726,-0.471701526830916,0.0,-1.0,1.0,0.5,-0.5,-0.25,-0.4,-0.25,1.0,0.5,0,0,1,0,0,0,0,0,1,0,0,0,0,0,0,1
8442,-0.8333333333333334,-0.16666666666666666,0.28,-0.6923076923076923,-0.25,0.9629629629629629,-1.4816314574133183,-0.9429471116559227,-0.951369171036892,-0.9522631819915691,-0.7755238700769802,-0.8174977601529947,-0.4630290774619893,-0.20746290290324726,-0.6546718917377307,1.0,1.0,0.0,0.0,-0.75,-0.5,-0.4,0.25,1.0,-0.5,0,1,0,0,0,0,0,0,1,0,0,0,0,0,0,1
7386,-0.3333333333333333,0.22126436781609196,0.68,-0.7692307692307693,-0.25,0.1925925925925927,-0.7734032839191677,-0.8134455571304952,-0.6321821154250621,-0.7567047208153088,-0.7755238700769802,-0.577371459454412,-0.19072946429594947,-0.2862227858405282,-1.2182158819572526,0.0,-1.0,0.0,-0.5,-0.75,-0.5,-0.4,0.25,0.0,-0.5,1,0,0,0,0,0,0,0,1,0,0,0,0,0,0,1
7215,-0.7222222222222222,0.3390804597701149,0.4,0.9230769230769231,-0.25,-0.9629629629629629,1.0491532532161971,0.38877277293913254,0.38669446918688805,0.4719803901300681,0.40059811775913484,0.15861307218163676,0.48780116990121963,0.7388200638697252,1.0979948462543365,-1.0,-2.0,4.0,-1.0,0.5,1.5,1.6,-1.0,0.0,-0.5,0,0,1,0,0,0,0,0,1,0,0,0,0,0,0,1
1491,0.2777777777777778,0.40229885057471265,0.76,0.07692307692307693,-1.25,-0.2407407407407407,0.5056509624073938,0.12720814065619415,0.26426357734260186,-0.02363382381512742,0.46912667204124586,0.23256176660337322,0.45123103458037667,0.4129838139810195,1.1114354289630752,-1.0,-1.0,0.0,0.0,-0.25,0.5,0.4,-1.25,-1.0,-0.5,0,0,0,1,0,0,0,0,1,0,0,0,1,0,0,0
11071,-0.7777777777777778,0.22413793103448276,-0.24,0.07692307692307693,-1.25,-0.6018518518518519,0.6702741613546247,0.5836128453392229,1.0897683856862834,0.3149638502052972,0.9531986810242506,1.0081106335288197,1.019082330942232,-0.7755238700769802,1.2416337415292167,-1.0,-2.0,1.0,-0.5,-0.25,1.0,0.2,-1.25,0.0,0.0,0,0,1,0,0,1,0,0,0,0,0,0,0,1,0,0
3381,0.9444444444444444,-0.9626436781609196,0.04,-0.5384615384615384,-0.25,0.48148148148148157,0.08615053785020557,-0.5447298937907445,-0.46663883479408225,-0.3001335189415751,-0.7755238700769802,-0.5295595783247905,-1.007628303794069,-0.7755238700769802,-0.9247165705944205,1.0,1.0,0.0,0.0,-0.5,-0.5,-0.2,0.0,1.0,0.0,0,1,0,0,0,0,0,0,1,0,0,0,0,0,0,1
8268,0.5,-0.008620689655172414,-0.52,0.15384615384615385,0.75,0.05664488017429206,0.0,0.0073776125982124505,0.011386645329147618,0.2334518228840672,-0.7755238700769802,-0.33894670494896506,-0.06562641226476575,-0.7755238700769802,-0.25641814192069373,0.0,0.0,0.0,0.5,0.5,-0.25,0.4,0.0,2.0,0.5,0,1,0,0,0,0,0,0,1,0,0,0,0,0,0,1
11051,0.7777777777777778,-0.8793103448275862,0.46,0.6153846153846154,0.25,0.0418679549114332,0.6267734373300965,0.18908474200593337,0.13569492607644654,0.3445883469533741,0.28183818133320476,0.18718687293363348,0.10538624670896068,0.1297907130420535,-0.3757191474672522,1.0,1.0,0.0,1.0,0.5,0.25,1.0,-0.5,2.0,-0.5,0,0,0,1,0,0,0,0,1,0,0,0,0,0,0,1
8026,1.0,-0.2413793103448276,-0.78,0.3076923076923077,0.25,0.557504873294347,0.3121746059365336,0.05766819956832852,0.0277435960291832,-0.12276593269885651,0.6636679410374086,0.03230062532477855,0.638257876730324,0.8127115092919589,0.4933515120546405,0.0,0.0,0.0,1.5,0.25,0.5,0.0,-0.25,0.0,0.5,0,1,0,0,0,0,0,0,0,1,0,0,0,0,0,1
433,0.6666666666666666,0.3448275862068966,-0.14,0.6153846153846154,2.5,0.29307568438003223,0.2711345417613069,0.17251992413549005,0.10627379303769792,0.3717893470634447,-0.14311139292026412,-0.13305193421934894,-1.007628303794069,-0.14311139292026412,0.29807749263654026,1.0,0.0,0.0,1.5,1.75,-0.25,0.2,0.5,1.0,0.0,0,0,1,0,0,0,0,0,0,1,0,0,0,0,0,1
9597,0.05555555555555555,-0.6235632183908046,-0.78,0.3076923076923077,0.5,-0.6588693957115009,0.5470438872299578,0.22321066427281164,0.3225458259972454,0.10090026364291874,0.8737796828181837,0.392507644323463,0.24085521153310066,0.543709510679399,0.9516539432228468,-1.0,-1.0,0.0,-0.5,0.75,0.0,0.8,-0.5,0.0,0.5,0,1,0,0,0,0,0,0,1,0,0,0,0,0,0,1
1295,0.3888888888888889,-0.09770114942528736,0.94,0.3076923076923077,0.25,-0.6588693957115009,0.0,0.22321066427281164,0.3225458259972454,0.09380611157325025,0.7032404280002826,0.4063281461003298,0.43158467582904997,0.733951626354678,0.9247165705944209,0.0,0.0,0.0,-0.5,0.5,0.75,0.4,-0.5,0.0,-0.5,0,1,0,0,0,0,0,0,1,0,0,0,0,0,0,1
5290,0.3333333333333333,-0.10632183908045977,0.04,0.07692307692307693,1.0,0.8425925925925927,-0.32472348105043275,-0.1291111474273687,-0.18897493191071416,0.077645166942126,-0.7755238700769802,-0.26477978916239525,-0.4630290774619893,-0.7755238700769802,-0.02345463250614205,1.0,1.0,0.0,1.5,0.25,-0.25,0.0,0.5,2.0,0.0,0,1,0,0,0,0,0,0,0,1,0,0,0,0,0,1
1685,0.16666666666666666,0.32471264367816094,-0.56,0.6153846153846154,-0.5,-0.7117552334943639,0.31176158724671843,0.48734183232689443,0.6712393078021853,0.5044007982225821,0.18029903213524281,0.8259941828715803,0.43158467582904997,0.5680609671737329,-1.849433141188841,-1.0,-1.0,1.0,-0.5,0.0,0.75,1.6,-0.75,2.0,0.5,0,0,0,1,0,0,0,0,1,0,0,0,0,0,0,1
5342,-0.3333333333333333,0.9597701149425287,-0.36,-0.6923076923076923,0.0,0.9629629629629629,-2.5751435262872158,-0.9550724787901951,-0.9705004685705578,-1.7183404416522603,-0.5308733279587541,-1.0822775493153898,-0.06562641226476575,-0.08870296647731721,-0.5264628207773835,0.0,-1.0,0.0,0.0,-0.75,-0.5,-0.4,0.5,-2.0,0.0,1,0,0,0,0,0,0,0,1,0,1,0,0,0,0,0
9579,0.6111111111111112,0.0028735632183908046,0.24,-0.46153846153846156,0.25,0.9629629629629629,-0.6423974351805178,-0.48483516436731666,-0.43799261943015777,-0.39119297747379916,-0.5308733279587541,-0.2537066518592377,-0.576043627965019,-0.7755238700769802,-0.22158573742309376,2.0,2.0,0.0,0.5,-0.5,0.0,-0.6,0.5,2.0,-0.5,0,1,0,0,0,0,1,0,0,0,0,0,0,0,0,1
7660,-0.16666666666666666,-0.9051724137931034,-0.24,-0.6923076923076923,-0.75,0.9629629629629629,-0.5501394755140067,-0.7661739823514333,-0.6635500710610391,-0.7958915050365306,-0.7755238700769802,-0.7725050540976793,-0.37536818175688036,-0.3877619350384901,-0.10017625718049661,1.0,0.0,2.0,0.0,-0.75,-0.25,-0.6,-0.25,2.0,0.0,0,0,1,0,0,0,0,0,1,0,0,0,1,0,0,0
1461,0.2777777777777778,-0.05747126436781609,0.5,-0.6153846153846154,0.0,0.6878306878306878,-0.5055181949680836,-0.8580526489864454,-0.9045149977117501,-0.7567047208153088,-0.5308733279587541,-0.6320354792626287,-0.4630290774619893,-0.5308733279587541,-0.9247165705944205,1.0,0.0,0.0,0.0,-0.5,-0.5,-0.4,0.25,2.0,-0.5,1,0,0,0,0,0,0,0,1,0,0,0,0,0,0,1
821,-1.2222222222222223,0.7528735632183908,-0.06,0.5384615384615384,-0.5,-0.7003367003367003,0.9059177440588021,0.6120865489626551,0.9273475262627191,0.5673478082397053,0.6811734851375101,0.9958791780666286,0.5520822202293374,0.6811734851375101,-0.10017625718049661,-1.0,-2.0,0.0,-0.5,0.25,0.5,1.4,-1.0,1.0,0.0,0,0,1,0,0,0,0,0,1,0,0,0,0,0,0,1
11084,-0.3333333333333333,-0.3706896551724138,-0.9,0.15384615384615385,0.25,-0.28322440087145967,0.3624969239322302,0.36106774196494423,0.644853351383672,0.4792628286541297,-0.7755238700769802,0.4704404216752095,0.02911296866803439,0.29905896856117287,0.40963152180849455,0.0,0.0,1.0,0.0,-0.25,0.75,0.4,0.25,1.0,0.5,0,0,0,1,0,0,0,0,1,0,0,0,0,0,0,1
8690,0.4444444444444444,0.22988505747126436,0.48,0.6153846153846154,-0.5,-0.7117552334943639,0.7904603528273265,0.4623272894536136,0.6259947966454704,0.27503854597698657,0.4129838139810195,0.9205563578358713,0.41090383247321843,0.5352041322794227,0.9338367416070775,-1.0,-1.0,0.0,-0.5,0.25,1.25,1.0,-1.0,0.0,-0.5,0,1,0,0,0,0,0,0,1,0,0,0,0,1,0,0
2937,-0.2222222222222222,-0.14655172413793102,-0.04,0.7692307692307693,1.25,-0.2696296296296296,0.43700151009696797,0.2909708690353395,0.2624186018157405,0.4181533645768633,0.2244761299230198,0.2562590681129749,0.4789728140673139,0.46912667204124586,0.1766680123939431,0.0,-1.0,0.0,0.5,1.0,0.75,0.8,0.0,2.0,0.0,0,0,1,0,0,0,0,0,1,0,0,0,0,0,0,1
9701,-1.0,0.31896551724137934,-0.72,-0.23076923076923078,0.5,0.48148148148148157,-0.3125444501494581,-0.08791145391541316,0.07007408134769756,-0.5550414438340489,0.4793580006964157,-0.18406045734010976,0.6832034456392585,0.2244761299230198,0.8867153709959247,0.0,0.0,0.0,0.5,0.0,0.0,-0.4,0.25,0.0,0.5,0,0,0,1,0,0,0,0,0,1,0,0,1,0,0,0
9949,-0.3333333333333333,0.7557471264367817,-0.26,0.0,0.5,0.1925925925925927,0.232678144323115,0.29350658570817045,0.6062899771391104,0.4093830873518442,0.2244761299230198,0.28127140722671196,0.3659582635642842,0.543709510679399,0.3982537498170369,1.0,1.0,0.0,0.5,-0.25,0.25,0.2,0.5,0.0,0.0,0,1,0,0,0,0,0,0,1,0,0,0,0,0,0,1
10837,-0.2777777777777778,0.7270114942528736,-0.04,-0.6923076923076923,-0.25,0.0,-1.1674103779543494,-0.6470705429580874,-0.46203463986412896,-1.3528286983107507,-0.5308733279587541,-0.48707177625345005,0.18839803133104463,0.10153914919796193,-0.22158573742309376,0.0,0.0,1.0,-0.5,-0.5,-0.5,-0.4,0.0,0.0,0.0,0,1,0,0,0,0,0,0,1,0,1,0,0,0,0,0
3120,-0.6111111111111112,-0.14655172413793102,0.0,-0.8461538461538461,0.0,0.48148148148148157,-0.43956448431108525,-1.0533270027820778,-0.8970108754924192,-1.0709300510135173,-0.5308733279587541,-0.6958495530356731,-1.007628303794069,-0.5308733279587541,-0.9247165705944205,0.0,0.0,0.0,-0.5,-0.75,-0.5,-0.6,0.5,0.0,0.0,0,0,0,1,0,0,0,0,1,0,0,0,0,1,0,0
5885,-0.16666666666666666,0.9195402298850575,0.9,0.07692307692307693,0.75,1.564814814814815,-0.5574972331377399,-0.2319881136804578,-0.3669205714797708,-0.28636452812991303,-0.2862227858405282,0.111295365103796,0.0,-0.5308733279587541,0.15951573240067232,2.0,2.0,0.0,2.5,0.0,-0.25,-0.2,0.5,-1.0,-0.5,0,1,0,0,0,0,1,0,0,0,0,0,0,1,0,0
4050,0.2222222222222222,-1.0,0.32,-0.5384615384615384,-1.0,-0.2407407407407407,-0.053594115652757957,-0.4185681663755605,-0.2491129742641324,-0.4669774034596694,0.2244761299230198,-0.31259167029201684,0.0,0.29905896856117287,-0.5869986227256642,-1.0,-1.0,0.0,-0.5,-0.5,-0.25,-0.2,-0.75,1.0,-0.5,0,1,0,0,0,0,0,0,1,0,0,0,0,0,0,1
3830,0.9444444444444444,-0.8333333333333334,0.2,0.07692307692307693,-0.5,-0.6018518518518519,0.220991478603174,0.05446652964780006,0.13451488033918738,0.1748599401779516,0.3154784929617928,0.05727660978811897,0.4415306577412393,0.15594757564090878,-0.3331397665950483,1.0,1.0,0.0,-0.5,0.0,0.5,0.4,-0.75,1.0,0.0,0,1,0,0,0,0,0,0,1,0,0,0,0,0,0,1
7987,0.05555555555555555,-0.6954022988505747,0.94,0.3076923076923077,1.25,0.253411306042885,0.3775372280059044,0.05526954965023012,0.02350352304063471,0.2277482010308148,0.2446505421182259,-0.12517543890733063,0.24085521153310066,0.15594757564090878,-0.3331397665950483,0.0,0.0,1.0,1.0,1.0,-0.25,0.2,0.0,0.0,-0.5,0,1,0,0,0,0,0,0,0,1,0,0,0,0,0,1
7798,-0.1111111111111111,0.5919540229885057,-0.42,0.15384615384615385,1.25,0.3965141612200436,-0.15765665527776215,0.029527380263985,0.05056221997615462,0.09666194993715657,0.29905896856117287,-0.060762154832983736,-0.1444589521359689,0.29905896856117287,0.7485998699746281,0.0,0.0,0.0,1.0,0.75,-0.25,0.0,0.25,-1.0,0.5,0,0,0,1,0,0,0,0,0,1,0,0,0,0,0,1
92,-1.0,-0.8850574712643678,-0.74,-0.3076923076923077,0.0,1.1380471380471382,-0.6237462683791374,-0.548816018966205,-0.6691859220857992,-1.1222164641568182,-0.041572243722302185,-0.38223786481114475,0.16923104457519936,0.18029903213524281,-0.10017625718049661,0.0,-1.0,0.0,1.0,-0.25,-0.5,-0.2,0.0,0.0,0.5,0,0,1,0,0,0,0,0,1,0,0,0,0,1,0,0
7055,1.0,0.7816091954022989,0.16,0.8461538461538461,1.0,-0.5185185185185185,0.26310385409796644,0.3496667444370331,0.34155131061928207,0.5407461384003872,-0.7755238700769802,-0.060762154832983736,-1.007628303794069,-0.7755238700769802,0.6463380979458401,0.0,0.0,0.0,0.0,1.0,0.75,1.2,-0.25,2.0,0.0,0,0,0,1,0,0,0,0,1,0,0,0,0,0,0,1
10240,1.1666666666666667,0.3994252873563218,-0.78,0.46153846153846156,1.25,-0.6878306878306878,0.45966976093712836,0.46125852984895804,0.6848750559491562,0.5792252647818541,0.38776193503849,0.526740403250484,0.3890734775391832,0.15594757564090878,0.31159714487129303,-1.0,-1.0,3.0,-0.5,1.5,0.5,0.2,-0.5,0.0,0.5,0,0,0,1,0,0,0,0,0,1,0,0,0,0,0,1
3025,0.6666666666666666,0.0,-0.9,0.0,1.0,0.1925925925925927,-0.04246680117173212,-0.09506891411634182,-0.08778371342262238,0.06537822439993456,-0.08870296647731721,0.011073137303157714,-0.37536818175688036,0.1297907130420535,-1.0529256415547674,0.0,-1.0,0.0,0.5,0.5,-0.25,0.0,0.25,0.0,0.5,0,0,1,0,0,0,0,0,0,1,0,0,0,0,0,1
9283,-0.4444444444444444,-0.1896551724137931,0.0,-0.8461538461538461,-1.25,0.48148148148148157,0.24262474154860386,-1.1239774268840612,-1.0104600024643449,-0.9873169549692411,-0.5308733279587541,-0.8174977601529947,-0.576043627965019,-0.7755238700769802,-1.849433141188841,2.0,1.0,0.0,-0.5,-1.0,-0.5,-0.4,-0.5,0.0,0.0,0,0,1,0,0,0,0,0,1,0,0,0,0,0,0,1
9970,-0.3888888888888889,-0.29022988505747127,-0.92,-0.46153846153846156,-1.5,-0.32098765432098764,0.11479913554070972,-0.3291824141483557,-0.16856589900309757,-0.4669774034596694,0.10153914919796193,-0.060762154832983736,-0.06562641226476575,0.4129838139810195,-0.2934993113628321,0.0,0.0,0.0,-0.5,-0.75,-0.25,0.2,-1.0,0.0,0.5,0,0,0,1,0,0,0,0,1,0,0,0,0,1,0,0
2730,0.8333333333333334,-0.1235632183908046,0.3,0.23076923076923078,-1.25,-0.6419753086419753,0.683862549976599,0.4187722340563216,0.711084947773264,0.3730307780806078,0.10153914919796193,0.6652459815291024,0.9607762292753982,0.8204690990142031,0.4835297564776514,-1.0,-2.0,0.0,-0.5,-0.25,0.5,1.0,-1.25,0.0,-0.5,0,0,1,0,0,0,0,0,1,0,0,0,0,0,0,1
2795,0.6666666666666666,0.020114942528735632,-0.98,-0.8461538461538461,-0.25,0.48148148148148157,-0.7967385061479232,-1.2369046798572463,-1.1855559147687382,-1.1222164641568182,-0.7755238700769802,-1.0822775493153898,-1.007628303794069,-0.7755238700769802,-0.8199621321402158,2.0,1.0,0.0,-0.5,-0.75,-0.5,-0.6,0.25,1.0,0.5,0,0,1,0,0,0,0,0,1,0,0,0,0,0,0,1
9260,1.3888888888888888,0.7040229885057471,-0.58,0.9230769230769231,1.75,-0.5349794238683128,0.4812242856395907,0.5393604119814963,0.6581449042424682,0.6797370735397181,0.2244761299230198,0.4973415557657681,0.4789728140673139,0.2244761299230198,0.1766680123939431,-1.0,-1.0,0.0,0.0,1.5,1.0,0.8,0.0,2.0,0.5,0,1,0,0,0,0,0,0,0,1,0,0,0,0,0,1
8182,-0.7777777777777778,-0.5201149425287356,0.84,-0.3076923076923077,0.5,1.1380471380471382,-1.214699967959343,-0.43632152270221347,-0.4806417257539197,-0.39119297747379916,-0.2862227858405282,-0.11745807564874954,-0.19072946429594947,-0.20746290290324726,-0.8199621321402158,0.0,0.0,0.0,1.0,-0.25,-0.5,-0.2,0.5,0.0,-0.5,0,1,0,0,0,0,0,0,1,0,0,0,0,0,0,1
10095,-0.2777777777777778,0.19540229885057472,-0.8,0.38461538461538464,-0.5,-0.674074074074074,0.5619107013758643,0.4369287034352659,0.6734692804170249,0.5805560790626036,0.1297907130420535,0.4833360424721543,0.10538624670896068,0.1297907130420535,-0.3757191474672522,-1.0,-2.0,0.0,-0.5,0.25,0.5,1.0,-1.0,2.0,0.5,1,0,0,0,0,0,0,0,1,0,0,0,0,0,0,1
8475,-0.16666666666666666,-0.6781609195402298,0.98,1.6923076923076923,-2.25,1.3793793793793796,1.711971305508171,0.5174967016428298,0.4087770711703911,-0.7054183076720079,-0.3877619350384901,1.2023604416013423,-0.7353286906280291,-0.3877619350384901,-1.451179391371804,0.0,0.0,0.0,6.5,-1.0,5.0,-1.0,-1.5,2.0,-0.5,0,1,0,0,0,1,0,0,0,0,0,0,0,1,0,0
4370,0.2222222222222222,-0.367816091954023,0.68,-0.46153846153846156,-0.25,0.9629629629629629,-0.2552074358675902,-0.5529478001162654,-0.5535925515281798,-0.7387163872530763,-0.5308733279587541,-0.2761835162644227,-0.24318664449800542,-0.2862227858405282,0.08527600666061479,2.0,2.0,0.0,0.5,-0.5,-0.5,-0.2,0.0,0.0,-0.5,0,0,0,1,0,0,0,0,1,0,0,0,0,1,0,0
10573,0.9444444444444444,-0.382183908045977,-0.44,0.23076923076923078,0.0,-0.6419753086419753,0.3012774036217792,0.022582752395062945,0.0010017135788860747,-0.10929433017656585,0.2244761299230198,0.14348252050682764,0.9193858457302698,0.3154784929617928,0.06511398322198858,-1.0,-2.0,1.0,-0.5,0.5,1.25,-0.2,-0.75,0.0,0.5,1,0,0,0,0,1,0,0,0,0,1,0,0,0,0,0
3712,0.6111111111111112,-0.14655172413793102,0.28,-0.23076923076923078,-0.5,-0.48148148148148145,0.028304060720899558,-0.1565155763805579,-0.051232833920639355,0.06537822439993456,-0.14311139292026412,-0.26477978916239525,-0.19072946429594947,-0.7755238700769802,-1.2182158819572526,-1.0,-2.0,1.0,-0.5,-0.25,0.0,0.2,-0.5,0.0,-0.5,1,0,0,0,0,0,0,0,1,0,0,0,0,0,0,1
6637,-1.0,-0.33620689655172414,-0.06,0.0,-1.25,-0.5777777777777777,0.40530834280226563,0.38286649815129775,0.7681064636925852,0.15398669809263243,1.0223464567351235,0.5745522843801054,1.019082330942232,0.7576488544432298,0.9247165705944209,-1.0,-2.0,0.0,-0.5,-0.25,0.5,0.4,-1.25,0.0,0.0,0,0,1,0,0,0,0,0,1,0,0,0,0,1,0,0
3152,0.7222222222222222,-0.6666666666666666,0.7,-0.46153846153846156,-0.5,0.9629629629629629,-1.0368295111137698,-0.548816018966205,-0.5466271966127273,-0.7958915050365306,0.07082795084356677,-0.4674779179008721,-0.1444589521359689,0.2446505421182259,-0.10017625718049661,1.0,1.0,0.0,0.5,-0.5,-0.25,-0.4,-0.25,0.0,-0.5,0,0,0,1,0,0,0,0,1,0,0,0,1,0,0,0
5610,0.2777777777777778,-0.8247126436781609,0.18,-0.6923076923076923,-0.25,0.9629629629629629,-0.6563306633867172,-0.8775198049779676,-0.8466829546908915,-1.026503739190463,-0.2862227858405282,-0.6958495530356731,-0.1444589521359689,-0.5308733279587541,-0.6546718917377307,1.0,1.0,0.0,0.0,-0.75,-0.5,-0.4,0.25,0.0,0.0,0,0,0,1,0,0,0,0,1,0,0,0,0,1,0,0
6460,-0.6666666666666666,-0.014367816091954023,0.58,-0.6153846153846154,0.25,0.6878306878306878,-0.8900210610562785,-0.7112896646823601,-0.6653163039185653,-0.864973770899795,-0.20746290290324726,-0.8685062832737553,-0.03144440163293923,0.0,-0.22158573742309376,0.0,0.0,0.0,0.0,-0.5,-0.5,-0.4,0.5,0.0,-0.5,0,1,0,0,0,0,0,0,1,0,0,0,1,0,0,0
1349,0.0,-0.8247126436781609,-0.9,-0.5384615384615384,0.0,-0.2407407407407407,-0.027836021856493153,-0.36239104724037136,-0.15092552665863845,-0.23636516930573712,-0.041572243722302185,-0.38223786481114475,-0.576043627965019,-0.2862227858405282,0.06511398322198858,1.0,1.0,0.0,-0.5,-0.25,-0.25,-0.4,0.0,0.0,0.5,0,1,0,0,0,0,0,0,0,1,0,0,0,0,0,1
1880,0.6111111111111112,-0.5919540229885057,-0.64,-0.5384615384615384,-0.5,0.48148148148148157,0.06314217330331252,-0.5327356348180307,-0.446161419573059,-0.25221117011747224,-0.7755238700769802,-0.8685062832737553,-1.007628303794069,-0.7755238700769802,-0.731393516412085,1.0,1.0,0.0,0.0,-0.5,-0.25,-0.4,-0.25,2.0,0.5,0,0,0,1,0,0,0,0,1,0,0,0,0,0,0,1
641,0.16666666666666666,-0.7758620689655172,0.56,-0.6153846153846154,-0.75,-0.13756613756613756,0.020740737765279384,-0.4424339026230696,-0.20528382220311123,-0.35613920449612735,-0.7755238700769802,-0.6320354792626287,-1.007628303794069,-0.7755238700769802,0.3866461083646709,0.0,-1.0,1.0,-0.5,-0.5,0.0,-0.6,-0.5,0.0,-0.5,0,0,1,0,0,0,0,0,0,1,0,0,0,0,0,1
8717,-0.2777777777777778,0.8591954022988506,0.14,1.0,1.75,-0.7566137566137565,0.6859570405504885,0.5663003382159001,0.6825702923067427,0.6263905725352299,0.733951626354678,0.7218739978937513,0.6613730907052233,0.733951626354678,0.04421863650592419,0.0,0.0,0.0,-0.5,1.75,1.5,0.6,-0.25,2.0,0.0,0,1,0,0,0,0,0,0,0,1,0,0,0,0,0,1
10314,1.2222222222222223,0.5862068965517241,0.6,0.7692307692307693,1.0,-0.7318518518518518,0.7495040218992055,0.4440048965028629,0.5372710225364234,0.5250370280462969,0.7085481389060245,0.21696790803277347,0.7467827177761923,0.8127115092919589,0.8616214828560621,-1.0,-1.0,3.0,-0.5,1.25,2.0,0.0,-0.5,2.0,-0.5,0,1,0,0,0,1,0,0,0,0,0,0,0,0,0,1
10854,0.0,-0.9166666666666666,0.82,-0.6153846153846154,0.0,0.6878306878306878,-0.42746415085913836,-0.797007714698515,-0.8063275501062561,-0.5867514386500596,-0.7755238700769802,-0.577371459454412,-1.007628303794069,-0.7755238700769802,-1.2182158819572526,1.0,1.0,0.0,0.0,-0.5,-0.5,-0.4,0.25,2.0,-0.5,0,1,0,0,0,0,0,0,1,0,0,0,0,0,0,1
10492,0.6111111111111112,-1.0086206896551724,0.94,-0.8461538461538461,-1.75,0.48148148148148157,-0.4500014766178456,-1.3260841332976208,-1.3174103999738638,-1.3528286983107507,-0.7755238700769802,-0.9273913017065346,-0.576043627965019,-0.7755238700769802,-1.451179391371804,2.0,2.0,0.0,-0.5,-1.0,-0.5,-0.4,-1.0,0.0,-0.5,0,0,0,1,0,0,0,0,1,0,0,0,0,1,0,0
6935,1.0555555555555556,-0.41954022988505746,-0.1,0.7692307692307693,-0.5,-0.7318518518518518,0.6487855874260423,0.3337712495466141,0.3390299494607657,0.057475165715934605,0.38776193503849,0.7201724517006157,0.6936799412060767,-0.7755238700769802,1.2598752326730989,-1.0,-1.0,1.0,-0.5,0.25,1.25,1.4,-1.0,-1.0,0.0,0,1,0,0,0,0,0,0,1,0,0,0,0,1,0,0
7698,-0.3333333333333333,-0.882183908045977,0.64,-0.38461538461538464,0.0,-0.38518518518518513,0.008229321402542065,-0.26863099463513307,-0.13034467435708275,-0.04469801712732006,-0.2862227858405282,-0.41408934665237235,-0.576043627965019,-0.14311139292026412,-0.6546718917377307,0.0,0.0,0.0,-0.5,0.0,-0.25,-0.2,-0.25,2.0,-0.5,0,1,0,0,0,0,0,0,0,1,0,0,0,0,0,1
3559,-1.0,-0.8793103448275862,0.56,-0.46153846153846156,-0.25,0.9629629629629629,-1.7616077285633487,-0.7112896646823601,-0.8150904607321814,-0.864973770899795,0.10153914919796193,-0.6958495530356731,-0.4630290774619893,0.1297907130420535,-0.5264628207773835,0.0,0.0,0.0,0.5,-0.5,-0.25,-0.4,0.0,-1.0,-0.5,0,1,0,0,0,0,0,0,1,0,0,0,0,0,0,1
10562,1.3333333333333333,-0.23563218390804597,-0.56,0.6923076923076923,-0.25,-0.7222222222222222,0.40265455148668144,0.3539834148448489,0.40236513149306385,0.4213835173923088,0.38776193503849,0.4043841394174597,0.3890734775391832,0.2446505421182259,0.9979804593974564,-1.0,-1.0,0.0,-0.5,0.5,0.5,1.6,-1.0,1.0,0.5,0,1,0,0,0,0,0,0,1,0,0,0,0,0,0,1
10796,-0.7777777777777778,-0.5689655172413793,-0.66,-0.6923076923076923,-0.5,0.0,-0.799046526701709,-0.6579475202109681,-0.4806417257539197,-0.43037976169502096,-0.5308733279587541,-0.8685062832737553,-1.007628303794069,-0.7755238700769802,-0.3757191474672522,0.0,0.0,0.0,-0.5,-0.75,-0.25,-0.4,0.0,1.0,0.5,0,1,0,0,0,0,0,0,1,0,0,0,0,0,0,1
2563,0.5,-0.9827586206896551,0.62,-0.6923076923076923,-0.25,0.0,-0.9152192826167791,-0.8134455571304952,-0.7419967383448911,-1.4877282074983278,0.03718763921497886,-0.8174977601529947,-0.576043627965019,0.18029903213524281,-0.471701526830916,-1.0,-1.0,0.0,-0.5,-0.5,-0.5,-0.4,0.0,-2.0,-0.5,0,1,0,0,0,0,0,0,1,0,0,0,0,0,1,0
3518,-0.7222222222222222,0.617816091954023,-0.08,-0.7692307692307693,0.25,0.1925925925925927,-1.0856967438749359,-0.7588511575992061,-0.5397325571813726,-0.9205531871755583,-0.5308733279587541,-0.48707177625345005,-0.06562641226476575,-0.20746290290324726,-0.6546718917377307,0.0,0.0,0.0,-0.5,-0.75,-0.25,-0.6,0.75,0.0,0.0,0,1,0,0,0,0,0,0,1,0,0,0,0,1,0,0
5823,0.0,-0.6982758620689655,0.28,-0.6153846153846154,-0.75,0.6878306878306878,-0.7100006193631008,-0.8486903624470598,-0.8895887671794642,-0.5260924866613763,-0.7755238700769802,-1.1921710908689298,-1.007628303794069,-0.7755238700769802,-1.2182158819572526,0.0,-1.0,0.0,0.0,-0.75,-0.5,-0.2,-0.25,2.0,-0.5,0,0,1,0,0,0,0,0,1,0,0,0,0,0,0,1
3934,0.2222222222222222,-0.07183908045977011,-0.3,0.23076923076923078,0.75,-0.32098765432098764,0.2700112809811781,0.15822672207775854,0.24198673034307575,0.23720063016991322,-0.7755238700769802,0.17672056099836142,0.16923104457519936,0.03718763921497886,0.8916052618716774,0.0,0.0,0.0,0.0,0.75,-0.25,0.6,-0.25,0.0,0.0,0,1,0,0,0,0,0,0,1,0,0,0,0,0,0,1
6982,-0.3333333333333333,0.31896551724137934,-0.7,0.6923076923076923,-0.75,-0.7222222222222222,0.559907858543548,0.5112387363915067,0.6860245112026349,0.4989292762409551,0.436522943019284,0.7901027641121662,0.9364687676431993,0.7576488544432298,-0.25641814192069373,-1.0,-1.0,0.0,-0.5,0.0,2.0,0.8,-1.0,0.0,0.5,0,1,0,0,0,1,0,0,0,0,0,0,0,0,0,1
6431,0.3333333333333333,0.3879310344827586,-0.72,-0.6153846153846154,0.0,0.6878306878306878,-0.17709701654119708,-0.6470705429580874,-0.5576050663084442,-0.4669774034596694,-0.5308733279587541,-0.48707177625345005,-0.4630290774619893,-0.7755238700769802,-0.9247165705944205,1.0,1.0,0.0,0.0,-0.5,-0.5,-0.4,0.25,2.0,0.5,0,1,0,0,0,0,0,0,1,0,0,0,0,0,0,1
9733,-0.4444444444444444,0.867816091954023,0.06,-0.7692307692307693,-0.5,0.1925925925925927,-1.109436153107477,-0.5877773436645394,-0.2441010242027937,-1.4877282074983278,-0.20746290290324726,-0.6958495530356731,0.3285161072382096,-0.7755238700769802,0.2252511961698712,0.0,0.0,1.0,-0.5,-0.75,-0.25,-0.6,0.0,-2.0,0.0,0,0,0,1,0,0,0,0,1,0,0,0,1,0,0,0
5602,-1.0555555555555556,0.14942528735632185,0.98,1.0,0.5,-0.7566137566137565,0.4058111293146183,0.43377176053341493,0.44341210044593427,0.3265625193778511,0.33116801477775093,0.7071633685923571,0.9555030588052981,0.896146376122637,0.8134907669154694,-1.0,-1.0,0.0,-0.5,1.0,1.25,1.4,-0.75,2.0,-0.5,0,0,0,1,0,0,0,0,1,0,0,0,0,0,0,1
1324,-1.0,0.11206896551724138,0.88,-0.5384615384615384,0.5,0.48148148148148157,-0.42671596837628656,-0.540688426614952,-0.4597441953627276,-0.6609919958489534,-0.2862227858405282,-0.43106976387327783,-0.4630290774619893,0.28183818133320476,-0.047907629659445665,0.0,0.0,0.0,0.0,-0.25,-0.5,-0.4,0.5,0.0,-0.5,0,1,0,0,0,0,0,0,0,1,0,0,0,0,0,1
326,-0.16666666666666666,0.40229885057471265,-0.22,0.07692307692307693,0.5,0.48148148148148157,-0.006717191680975273,-0.08438401318575041,-0.11077944801682471,0.09949348299904068,-0.08870296647731721,-0.1493095574899771,-0.1444589521359689,0.03718763921497886,-0.3757191474672522,1.0,1.0,0.0,1.0,0.25,-0.25,0.2,0.0,0.0,0.0,0,1,0,0,0,0,0,0,1,0,0,0,0,0,0,1
7224,-0.3888888888888889,-0.5,-0.5,-0.6923076923076923,0.0,0.9629629629629629,-0.75568089241282,-0.9312067425426861,-0.9327620851471012,-0.9205531871755583,-0.7755238700769802,-0.6958495530356731,-0.4630290774619893,-0.5308733279587541,-0.6546718917377307,1.0,1.0,0.0,0.0,-0.75,-0.25,-0.6,0.5,0.0,0.5,0,1,0,0,0,0,0,0,1,0,0,0,0,0,0,1
6999,-0.5555555555555556,-0.8879310344827587,0.62,0.6153846153846154,0.25,-0.7117552334943639,0.4660318560723373,0.27493760096874775,0.28882203644819904,0.4401323155749587,0.2244761299230198,0.17316707966436307,0.3659582635642842,0.2244761299230198,-0.5869986227256642,-1.0,-1.0,0.0,-0.5,0.75,0.25,1.4,-0.75,1.0,-0.5,0,1,0,0,0,0,0,0,1,0,0,0,0,0,0,1
9938,0.8888888888888888,-0.20977011494252873,0.66,0.15384615384615385,-0.75,-0.6230936819172113,0.6790916563212911,0.5156535049753669,0.9252698716270639,0.3623279570687608,0.2446505421182259,0.9482881999292854,0.30141258183407427,1.0453962911377355,0.42078835216682153,-1.0,-1.0,1.0,-0.5,0.0,1.0,0.2,-1.0,0.0,-0.5,0,1,0,0,0,1,0,0,0,0,0,0,0,1,0,0
6422,0.8888888888888888,0.4942528735632184,-0.58,0.15384615384615385,-0.5,-0.6230936819172113,0.8012100112864042,0.4302968040384495,0.770255734479536,0.22582505621604845,1.0764454082578798,0.7489075344853028,0.5369709225380106,0.46912667204124586,1.1114354289630752,-1.0,-1.0,0.0,-0.5,0.25,1.0,0.0,-1.0,0.0,0.5,0,1,0,0,0,1,0,0,0,0,0,0,0,1,0,0
3182,-0.16666666666666666,-0.764367816091954,0.64,0.0,1.0,1.3481481481481483,-0.1409078269706762,-0.15086980922294213,-0.18545420465838192,-0.19631979589425674,-0.5308733279587541,0.062081660423918196,-0.19072946429594947,-0.5308733279587541,0.6682984286737267,1.0,0.0,2.0,2.0,0.25,-0.25,-0.4,0.5,2.0,-0.5,0,0,1,0,0,0,1,0,0,0,0,0,0,0,0,1
7300,1.0,-1.0229885057471264,0.02,0.3076923076923077,1.0,-0.050682261208576995,0.45458753316087996,0.11101034403972046,0.12229053548784324,0.3134851672086603,-0.20746290290324726,-0.2537066518592377,-0.24318664449800542,-0.20746290290324726,0.27004467885669003,0.0,-1.0,1.0,0.5,1.0,-0.25,0.4,-0.25,0.0,0.0,1,0,0,0,0,0,0,0,0,1,0,0,0,0,0,1
10424,0.1111111111111111,-0.4425287356321839,0.22,0.23076923076923078,-1.0,-0.6419753086419753,0.5977424967364154,0.43749980866971183,0.7450213082695218,0.1393062375395991,0.9661289226725314,0.8012976015667549,1.1200612919384083,0.346189691316188,0.7548113759840491,-1.0,-2.0,0.0,-0.5,0.0,0.5,0.8,-1.25,0.0,0.0,0,0,1,0,0,0,0,0,1,0,0,0,0,1,0,0
8727,-0.4444444444444444,-0.28160919540229884,0.28,1.0769230769230769,2.0,-0.36526181353767556,0.32896505737443915,0.3936236151143281,0.34802899055250197,0.4032165512745999,0.5601290350800188,0.6125459582773181,0.46994148984782846,0.8047795771982449,0.45301504376350465,0.0,-1.0,0.0,0.5,1.75,1.0,0.8,0.0,0.0,-0.5,1,0,0,0,0,0,0,0,0,1,0,0,0,0,0,1
2798,-0.3888888888888889,0.7126436781609196,0.1,0.8461538461538461,0.5,-0.9629629629629629,1.052002095900345,0.4214638068710831,0.47053814461250043,0.49033181783134244,0.42494957425346885,0.2731145886550655,0.6988152470312979,1.0514298760758984,0.4933515120546405,-1.0,-1.0,4.0,-1.0,0.75,1.75,1.0,-0.5,2.0,0.0,0,0,0,1,0,0,0,0,1,0,0,0,0,0,0,1
1030,0.2777777777777778,-0.02586206896551724,0.46,-0.6923076923076923,-0.25,0.9629629629629629,-0.35876202317353895,-0.8580526489864454,-0.8150904607321814,-0.6751517126322198,-0.7755238700769802,-0.6037264941113603,-1.007628303794069,-0.7755238700769802,-1.0529256415547674,1.0,0.0,0.0,0.0,-0.75,-0.5,-0.4,0.25,2.0,-0.5,0,0,1,0,0,0,0,0,1,0,0,0,0,0,0,1
624,-0.7777777777777778,0.6896551724137931,-0.88,-0.8461538461538461,-0.75,0.48148148148148157,-1.5310513067418068,-0.8876516871453942,-0.6216529719416104,-1.0709300510135173,-0.20746290290324726,-1.347057338477785,-0.19072946429594947,-0.3877619350384901,-0.25641814192069373,-1.0,-2.0,2.0,-0.5,-1.0,-0.25,-0.6,0.0,1.0,0.5,0,0,1,0,0,0,0,0,1,0,0,0,1,0,0,0
5176,-1.0,-0.4396551724137931,0.78,-0.7692307692307693,0.25,0.1925925925925927,-0.8435218415996639,-0.7377145154049668,-0.5036648170381265,-1.026503739190463,-0.08870296647731721,-0.6037264941113603,-0.19072946429594947,-0.08870296647731721,-0.2934993113628321,0.0,0.0,1.0,-0.5,-0.75,-0.5,-0.4,0.75,0.0,-0.5,0,0,0,1,0,0,0,0,1,0,0,0,1,0,0,0
5552,0.3888888888888889,0.16091954022988506,0.02,0.15384615384615385,0.25,1.076252723311547,-0.08111184485361864,-0.11106900501356505,-0.1964640079656966,-0.25221117011747224,0.2637338989659208,0.19737404968019573,0.5131548246991405,0.15594757564090878,-0.07344777701387911,1.0,0.0,0.0,2.0,0.0,0.0,0.0,0.0,1.0,0.0,1,0,0,0,0,0,1,0,0,0,0,0,0,1,0,0
868,0.2222222222222222,-0.9626436781609196,1.0,-0.6923076923076923,-0.25,0.0,-0.2097150032106643,-0.6635083853900678,-0.49014000856964185,-0.3850881616687997,-0.7755238700769802,-0.8174977601529947,-1.007628303794069,-0.7755238700769802,-0.9247165705944205,0.0,0.0,0.0,-0.5,-0.5,-0.5,-0.4,0.0,0.0,-0.5,0,1,0,0,0,0,0,0,1,0,0,0,0,0,0,1
380,0.8888888888888888,0.8649425287356322,-0.64,1.0769230769230769,2.5,0.03320561941251608,0.34816176065031057,0.56000328545513,0.6477143553021933,0.6324112156376943,0.5981179371223457,0.5928331164356135,0.46994148984782846,0.4585898858820568,1.1742913442279217,0.0,-1.0,2.0,1.5,1.75,0.5,0.8,0.5,0.0,0.5,1,0,0,0,0,0,0,0,0,1,0,0,0,0,0,1
2677,0.7777777777777778,0.28448275862068967,-0.76,0.0,-0.5,0.9629629629629629,-0.16583470577372716,-0.18304579555117834,-0.24144303196073508,-0.29089117110806034,0.36059806427048563,0.005576690118878176,0.638257876730324,-0.20746290290324726,-0.5869986227256642,0.0,0.0,0.0,1.5,-0.25,-0.25,0.2,-0.5,0.0,0.5,0,0,0,1,0,0,0,0,1,0,0,0,0,0,0,1
6521,0.8888888888888888,-0.7270114942528736,-0.62,0.38461538461538464,-1.0,-0.674074074074074,0.638516002115132,0.37753609139407895,0.5661054643316041,0.41761194358417797,0.33116801477775093,0.5916412387487087,0.3776858598750006,0.8603321087721983,-0.3757191474672522,-1.0,-1.0,0.0,-0.5,0.0,1.0,0.8,-1.25,0.0,0.5,0,0,0,1,0,0,0,0,1,0,0,0,0,0,0,1
6927,0.1111111111111111,0.7931034482758621,0.42,0.3076923076923077,1.0,1.469785575048733,-0.22402803629237275,-0.14947173358483143,-0.33388386395303926,0.08361309604427607,-0.7755238700769802,-0.3000660731068272,-1.007628303794069,-0.7755238700769802,-0.471701526830916,1.0,1.0,0.0,3.0,0.25,-0.25,0.0,0.5,2.0,-0.5,0,1,0,0,0,0,1,0,0,0,0,0,0,0,0,1
2877,-0.2222222222222222,0.4827586206896552,-0.56,0.8461538461538461,1.25,1.2592592592592595,-0.1685926349861282,0.11512679358813686,-0.07496753958293838,0.2840643384370668,-0.7755238700769802,-0.04781188112962177,0.16923104457519936,0.03718763921497886,0.33771794786875625,1.0,1.0,0.0,4.0,0.75,-0.25,0.6,0.25,1.0,0.5,0,0,0,1,0,0,1,0,0,0,0,0,0,0,0,1
0,-0.8333333333333334,0.1867816091954023,0.34,0.15384615384615385,-1.25,-0.6230936819172113,0.4941119892981112,0.40873205444753036,0.7311591183014946,0.10508526381173755,0.07082795084356677,0.8019865043481513,1.1692310445751992,0.8047795771982449,0.45301504376350465,-1.0,-1.0,0.0,-0.5,-0.25,0.5,0.8,-1.25,0.0,-0.5,0,1,0,0,0,0,0,0,1,0,0,0,0,1,0,0
1584,-0.3888888888888889,-0.7672413793103449,0.6,0.38461538461538464,1.75,0.7703703703703704,-0.32870631931221816,0.07250867206160339,0.020519641439488038,-0.005752935151804659,-0.041572243722302185,0.35448768837396766,0.2722996131660399,0.28183818133320476,0.7359716976857932,0.0,0.0,0.0,2.0,1.0,-0.25,0.0,0.5,0.0,-0.5,0,1,0,0,0,0,0,0,0,1,0,0,0,0,0,1
7264,-0.4444444444444444,-0.8850574712643678,-0.94,-0.8461538461538461,0.0,0.48148148148148157,0.024292532496319786,-1.143970975228957,-1.042052496423055,-0.864973770899795,-0.7755238700769802,-0.9970374962256624,-1.007628303794069,-0.7755238700769802,-1.451179391371804,2.0,1.0,0.0,-0.5,-0.75,-0.5,-0.6,0.5,-1.0,0.5,0,0,1,0,0,0,0,0,1,0,0,0,0,0,0,1
6274,1.2222222222222223,-0.3735632183908046,0.64,0.7692307692307693,0.5,-0.7318518518518518,0.7486458494909356,0.5191019965424943,0.6729518585627221,0.6045710550303725,0.2244761299230198,0.6936955875134524,0.46994148984782846,0.5981179371223457,-0.22158573742309376,-1.0,-1.0,2.0,-0.5,1.0,2.0,0.2,-0.75,1.0,-0.5,0,1,0,0,0,1,0,0,0,0,0,0,0,0,0,1
1377,0.8888888888888888,-0.15517241379310345,-0.5,-0.23076923076923078,0.5,0.0,-0.2180394082147361,-0.12127077106399337,0.010983249920244676,0.014871889284771489,-0.20746290290324726,-0.26477978916239525,-1.007628303794069,-0.7755238700769802,0.56640962563556,0.0,-1.0,0.0,0.0,0.0,-0.25,0.0,0.25,1.0,0.5,0,0,0,0,1,0,0,0,1,0,0,0,0,0,0,1
454,-0.5555555555555556,0.6781609195402298,-0.02,1.0,2.0,-0.5502645502645502,0.4626669829746912,0.38877277293913254,0.36258080063183135,0.5158886071794683,0.4585898858820568,0.3339575636488821,0.46994148984782846,0.4585898858820568,0.32480597280315754,0.0,0.0,0.0,0.0,1.75,0.5,1.2,0.0,0.0,0.0,0,0,0,1,0,0,0,0,0,1,0,0,0,0,0,1
1755,-1.0,-0.7959770114942529,0.88,-0.6153846153846154,-1.25,-0.13756613756613756,-0.19577155513872832,-0.4581720465193257,-0.23278215967185384,-0.5758421620767741,0.10153914919796193,-0.36725569010023346,0.3285161072382096,-0.5308733279587541,-0.15768008000897207,0.0,0.0,0.0,-0.5,-0.75,-0.25,-0.2,-0.75,-1.0,-0.5,0,0,0,1,0,0,0,0,1,0,0,0,0,0,0,1
2075,0.05555555555555555,-0.3706896551724138,0.14,0.07692307692307693,-1.25,-0.6018518518518519,0.5263184187196233,0.35895665783482317,0.6815670989919577,0.2562174131649438,0.07082795084356677,0.7922269391246591,0.7187103995221312,0.436522943019284,-0.471701526830916,-1.0,-1.0,0.0,-0.5,-0.25,0.75,0.4,-1.25,0.0,0.0,0,1,0,0,0,0,0,0,1,0,0,0,0,1,0,0
4785,0.0,-0.8045977011494253,-0.92,0.5384615384615384,0.0,-0.43771043771043766,0.6316311251971459,0.21756489711519586,0.21564317115993362,0.3629671563558302,-0.041572243722302185,0.3147335583076906,0.16923104457519936,-0.7755238700769802,-0.2934993113628321,1.0,1.0,0.0,0.0,0.5,0.25,1.2,-0.75,2.0,0.5,0,0,0,1,0,0,0,0,1,0,0,0,0,0,0,1
9076,-0.5555555555555556,0.5287356321839081,-0.1,-0.15384615384615385,0.75,0.814814814814815,-0.7862956792425789,-0.2803713637483695,-0.3187329491750369,-0.03823755925042063,-0.5308733279587541,-0.36725569010023346,-1.007628303794069,-0.5308733279587541,-1.0529256415547674,0.0,0.0,0.0,1.0,0.0,-0.25,-0.2,0.5,2.0,0.0,0,1,0,0,0,0,0,0,0,1,0,0,0,0,0,1
7079,0.4444444444444444,0.8706896551724138,-0.22,1.3076923076923077,1.5,-0.06018518518518513,0.3336191871685607,0.42295070298698856,0.3354021042858393,0.5440974013625928,0.346189691316188,0.4270836773869521,0.08157014887009044,0.10153914919796193,0.7548113759840491,0.0,-1.0,0.0,1.5,1.25,1.0,1.4,0.0,0.0,0.0,1,0,0,0,0,0,0,0,1,0,0,0,0,0,0,1
4653,-0.4444444444444444,0.2988505747126437,-0.06,-0.23076923076923078,0.5,0.9629629629629629,-0.30787468667815143,-0.27250318253774625,-0.25416218823674924,-0.09381697552618413,-0.7755238700769802,-0.5295595783247905,-0.576043627965019,-0.5308733279587541,0.27004467885669003,0.0,0.0,0.0,1.0,-0.25,-0.25,-0.2,0.5,0.0,0.0,0,0,0,1,0,0,0,0,1,0,0,0,0,0,0,1
7375,-0.3333333333333333,0.735632183908046,0.7,0.07692307692307693,1.75,-0.2407407407407407,-0.00011915968706359055,0.1382669060535978,0.2840507089696518,0.17710037373919008,-0.041572243722302185,0.062081660423918196,-1.007628303794069,0.10153914919796193,1.1437225019070765,0.0,0.0,0.0,0.0,1.0,0.0,-0.2,0.5,0.0,-0.5,0,0,0,1,0,0,0,0,0,1,0,0,0,0,0,1
709,1.0,0.6063218390804598,-0.44,0.23076923076923078,0.25,0.0,0.004877575822576656,0.3782066093761637,0.6376574921841017,0.500622425577485,0.29905896856117287,0.42153399398368163,-1.007628303794069,-0.7755238700769802,0.7548113759840491,0.0,-1.0,0.0,0.5,-0.5,0.0,1.2,0.5,0.0,0.5,1,0,0,0,0,0,0,0,1,0,0,0,0,0,0,1
460,-0.1111111111111111,0.9597701149425287,0.46,0.15384615384615385,-1.0,-0.6230936819172113,0.676470884340436,0.5494044599959239,0.9866667023870763,0.5027268166957269,0.8007457490195096,0.9123959088953518,0.6499854730410405,0.6190917972785056,-0.1887448729086275,-1.0,-1.0,0.0,-0.5,-0.25,0.75,0.6,-1.0,2.0,-0.5,0,1,0,0,0,0,0,0,1,0,0,0,0,0,0,1
3726,-0.8888888888888888,-0.6408045977011494,0.34,-0.8461538461538461,0.0,0.48148148148148157,-0.6173118236797773,-1.143970975228957,-1.042052496423055,-1.1828754161455015,-0.5308733279587541,-0.7322577070632672,-0.4630290774619893,-0.7755238700769802,-1.849433141188841,0.0,0.0,0.0,-0.5,-0.75,-0.5,-0.6,0.5,2.0,-0.5,0,0,0,1,0,0,0,0,1,0,0,0,0,1,0,0
6798,0.2222222222222222,0.3160919540229885,-0.38,0.6153846153846154,0.75,1.2979066022544286,-0.49935477087716035,0.03295139144733134,-0.13966297747436227,0.09380611157325025,-0.041572243722302185,0.27035647928127343,-0.37536818175688036,0.20307829839592387,0.27004467885669003,1.0,0.0,1.0,3.5,0.25,-0.25,0.6,0.25,0.0,0.5,0,0,1,0,0,0,1,0,0,0,0,0,0,0,0,1
5341,0.4444444444444444,0.5287356321839081,-0.94,-0.07692307692307693,1.0,-0.5502645502645502,0.7151321987589618,0.512871368473084,1.0507951763435122,0.574525041531902,0.7576488544432298,0.3823204675769008,1.0345768300636031,0.9661289226725314,0.06511398322198858,0.0,-1.0,1.0,-0.5,0.5,0.25,-0.2,0.25,-1.0,0.5,1,0,0,0,0,0,0,0,0,1,0,0,0,0,0,1
1606,-0.05555555555555555,0.15517241379310345,0.32,-0.8461538461538461,0.0,0.48148148148148157,-0.43785832206362796,-1.0533270027820778,-0.8970108754924192,-1.2571159733443953,-0.5308733279587541,-0.7725050540976793,-0.37536818175688036,-0.2862227858405282,-1.0529256415547674,0.0,0.0,0.0,-0.5,-0.75,-0.5,-0.6,0.5,0.0,-0.5,0,0,0,1,0,0,0,0,1,0,0,0,0,1,0,0
9617,1.0555555555555556,-0.8103448275862069,-0.24,-0.7692307692307693,-1.25,0.1925925925925927,-1.880543428044279,-1.1050096505306226,-1.1029095607080344,-1.7183404416522603,-0.20746290290324726,-0.9273913017065346,-0.24318664449800542,-0.7755238700769802,-0.9247165705944205,-1.0,-2.0,0.0,-0.5,-0.75,-0.5,-0.4,-0.75,0.0,0.0,0,0,1,0,0,0,0,0,1,0,1,0,0,0,0,0
3233,0.2777777777777778,0.3074712643678161,0.8,1.0769230769230769,0.75,-0.36526181353767556,0.30601637155606565,0.38286649815129775,0.32874955992828897,0.3887614921491851,0.3154784929617928,0.7343995950789408,0.31519804194714235,0.07082795084356677,0.15951573240067232,0.0,0.0,0.0,0.5,0.75,1.5,1.2,-0.25,2.0,-0.5,0,1,0,0,0,0,0,0,1,0,0,0,0,0,0,1
89,-0.2777777777777778,-0.4425287356321839,0.0,-0.5384615384615384,-0.25,0.48148148148148157,-1.28314382640787,-0.6417497235944941,-0.6304158825675358,-1.1222164641568182,0.03718763921497886,-0.448840246502505,-0.24318664449800542,0.0,-0.07344777701387911,0.0,0.0,0.0,0.0,-0.5,-0.5,-0.2,0.0,-1.0,0.0,0,1,0,0,0,0,0,0,1,0,0,0,1,0,0,0
2936,-0.6666666666666666,-0.4281609195402299,-0.06,-0.7692307692307693,-0.25,0.1925925925925927,-1.186435775720241,-1.0375888588858215,-0.9982233443620339,-0.7387163872530763,-0.7755238700769802,-0.9970374962256624,-1.007628303794069,-0.7755238700769802,-1.451179391371804,0.0,0.0,0.0,-0.5,-0.75,-0.5,-0.4,0.25,1.0,0.0,0,0,0,1,0,0,0,0,1,0,0,0,0,0,0,1
9449,0.6666666666666666,-0.25287356321839083,-0.34,0.3076923076923077,-0.25,-0.6588693957115009,0.6732317659705518,0.15640059211579602,0.20309563360567515,0.28808739986986703,-0.14311139292026412,0.23256176660337322,0.08157014887009044,0.48930108423645197,-0.4217083823231789,0.0,-1.0,0.0,-0.5,0.25,0.0,1.2,-0.75,2.0,0.0,0,0,1,0,0,0,0,0,1,0,0,0,0,0,0,1
7297,-0.16666666666666666,-0.49137931034482757,0.1,-0.3076923076923077,0.25,1.1380471380471382,-2.944574468496162,-0.7112896646823601,-0.9310955416091218,-1.1222164641568182,-0.2862227858405282,-0.6958495530356731,0.0,-0.041572243722302185,-0.10017625718049661,0.0,-1.0,0.0,1.0,-0.25,-0.25,-0.4,0.25,0.0,0.0,0,0,1,0,0,0,1,0,0,0,0,0,1,0,0,0
313,0.1111111111111111,-0.3218390804597701,0.98,0.5384615384615384,0.0,-0.7003367003367003,0.547189730802732,0.6140388914980165,0.9308972029877322,0.5455760843592297,0.6811734851375101,0.9210606437028407,1.047388138238264,1.0245052165158748,-0.10017625718049661,-1.0,-2.0,1.0,-0.5,0.5,0.75,1.0,-0.75,0.0,-0.5,0,0,0,0,1,0,0,0,1,0,0,0,0,0,0,1
9940,0.6666666666666666,0.5660919540229885,0.96,0.07692307692307693,0.0,-0.2407407407407407,0.35913184759188543,0.3452990885545578,0.6568455822931768,0.26058939626847893,0.8992289819514839,0.5365178124043597,0.6936799412060767,0.9286590314442188,0.2554981117643361,0.0,0.0,0.0,0.0,0.5,0.5,-0.2,-0.75,0.0,-0.5,0,0,0,1,0,0,0,0,0,1,0,0,0,0,0,1
10735,-0.05555555555555555,-0.06609195402298851,0.52,-0.7692307692307693,0.5,0.1925925925925927,-1.2428919270653918,-0.9940338034885297,-0.9291010727719912,-0.8173636728039921,-0.5308733279587541,-0.8174977601529947,-0.576043627965019,-0.5308733279587541,-1.451179391371804,0.0,-1.0,0.0,-0.5,-0.5,-0.5,-0.6,0.75,0.0,-0.5,0,0,1,0,0,0,0,0,0,1,0,0,0,0,0,1
9529,-1.1111111111111112,-0.4109195402298851,-0.82,0.5384615384615384,-1.0,-0.7003367003367003,0.552015556358203,0.5218378208520376,0.7634822338349884,0.38698391110897085,1.002299396561456,0.7651651577559311,1.1094432049836631,0.15594757564090878,1.1405742271265404,-1.0,-1.0,2.0,-0.5,-0.25,1.75,0.8,-1.0,0.0,0.5,0,1,0,0,0,1,0,0,0,0,0,0,0,0,0,1
6439,0.6666666666666666,0.9339080459770115,-0.24,1.2307692307692308,2.25,0.3416965352449224,0.2647083550566796,0.37787150236111294,0.2757105812440898,0.5014657799621002,-0.7755238700769802,0.25912047841190844,-1.007628303794069,0.4129838139810195,1.0408487810400828,0.0,0.0,0.0,2.5,1.75,0.75,0.6,0.25,0.0,0.0,0,1,0,0,0,0,0,0,0,1,0,0,0,0,0,1
7411,0.3333333333333333,-0.9540229885057471,-0.36,-0.6923076923076923,-0.5,0.9629629629629629,-0.7395130893218972,-1.143970975228957,-1.2556299961164359,-0.8916042300028858,-0.7755238700769802,-0.9273913017065346,-1.007628303794069,-0.7755238700769802,-1.451179391371804,1.0,1.0,0.0,0.0,-0.75,-0.5,-0.4,0.0,2.0,0.0,0,1,0,0,0,0,0,0,1,0,0,0,0,0,0,1
2176,-0.1111111111111111,0.14080459770114942,-0.18,0.07692307692307693,0.5,-0.2407407407407407,0.6803717154039457,0.5358779559601736,1.0028273063750937,0.6457768204506076,0.2244761299230198,0.5309614018750465,0.8206581533682332,-0.7755238700769802,0.6754358957375127,0.0,0.0,4.0,0.0,0.25,0.25,0.2,0.0,0.0,0.0,0,1,0,0,0,0,0,0,1,0,0,0,0,0,0,1
9265,0.9444444444444444,0.5172413793103449,0.5,0.46153846153846156,1.25,-0.4126984126984127,0.5795949483920324,0.4636589097827482,0.6892206415968216,0.5543127735043348,0.6978516802157864,0.3718541556416287,0.9164650493643182,0.1297907130420535,0.653751861581373,0.0,0.0,0.0,0.0,1.25,0.5,0.2,-0.25,0.0,-0.5,0,1,0,0,0,0,0,0,0,1,0,0,0,0,0,1
8867,-1.0,0.8936781609195402,0.82,0.38461538461538464,-0.5,-0.674074074074074,0.4188485894492017,0.6207051258646591,1.0071129665192258,0.5316408095336941,0.955822902212223,0.9265642901500138,0.9633865066633797,0.5175526480805436,1.1114354289630752,-1.0,-1.0,0.0,-0.5,0.0,2.0,0.0,-0.75,2.0,-0.5,0,1,0,0,0,1,0,0,0,0,0,0,0,0,0,1
8932,0.05555555555555555,0.7241379310344828,0.16,0.7692307692307693,1.5,-0.038518518518518445,0.36418843154110775,0.4993626172678855,0.637245414482752,0.566656117498712,0.4129838139810195,0.3802500208348134,1.1130145505030296,0.7290150965998392,0.5997267095804195,0.0,0.0,0.0,1.0,1.25,1.0,0.2,0.0,1.0,0.0,0,0,0,1,0,0,0,0,0,1,0,0,0,0,0,1
10236,-0.2777777777777778,-0.20114942528735633,0.2,-0.6153846153846154,0.25,0.6878306878306878,-0.7651302065101242,-0.6691541525476836,-0.5948262249156425,-0.7757215038103391,-0.2862227858405282,-0.36725569010023346,-0.24318664449800542,-0.5308733279587541,-0.3331397665950483,0.0,-1.0,0.0,0.0,-0.5,-0.5,-0.4,0.5,1.0,0.0,0,0,1,0,0,0,0,0,1,0,0,0,0,1,0,0
6340,-0.8333333333333334,-0.31896551724137934,0.06,-0.6923076923076923,-0.5,0.9629629629629629,-0.8263530848382439,-0.9940338034885297,-1.031357532855537,-1.2571159733443953,-0.2862227858405282,-0.8174977601529947,-1.007628303794069,-0.3877619350384901,-0.4217083823231789,0.0,-1.0,0.0,0.0,-0.75,-0.5,-0.4,0.0,0.0,0.0,0,0,1,0,0,0,0,0,1,0,0,0,1,0,0,0
10089,-0.2222222222222222,0.27011494252873564,-0.88,1.0769230769230769,-0.25,-0.7637292464878672,1.0599507572094733,0.38120898499609795,0.3257800923597224,-0.011607100147329808,0.9906496220969193,0.7176058362974944,0.3659582635642842,1.0433619562618106,1.0256277926463246,-1.0,-2.0,5.0,-0.5,0.5,1.75,1.6,-1.0,0.0,0.5,1,0,0,0,0,0,0,0,1,0,0,0,0,1,0,0
2227,0.6666666666666666,0.8304597701149425,0.86,-0.3076923076923077,0.0,0.08754208754208763,-1.0136041912980103,-0.23373653568849992,-0.13065189723086804,-0.4445394784782874,0.590840233434414,-0.0951995573419654,0.20667320090127414,0.29905896856117287,0.022534602349784674,-1.0,-1.0,0.0,0.0,-0.25,-0.25,0.0,0.0,-1.0,-0.5,0,0,0,1,0,0,0,0,1,0,0,0,0,1,0,0
10992,0.16666666666666666,0.8994252873563219,0.56,0.8461538461538461,0.75,0.14814814814814828,0.5933015543452673,0.39298050092475006,0.41930181756375756,0.43707997190347814,0.4129838139810195,0.6302136846211231,0.49643548013891015,0.5520147438379108,0.12359411675246054,1.0,1.0,0.0,1.5,0.0,1.0,1.2,0.5,0.0,-0.5,0,0,0,1,0,0,0,0,1,0,0,0,0,0,0,1
5304,-0.2222222222222222,0.7701149425287356,-0.28,-0.6923076923076923,-0.5,0.9629629629629629,-0.7780023280148951,-0.9087883293396334,-0.8970108754924192,-0.6474103906387431,-0.7755238700769802,-0.7725050540976793,-1.007628303794069,-0.7755238700769802,-1.451179391371804,0.0,-1.0,0.0,0.0,-0.75,-0.5,-0.4,0.0,2.0,0.0,0,0,1,0,0,0,0,0,1,0,0,0,0,0,0,1
309,0.5,0.7614942528735632,-0.02,0.3076923076923077,1.25,-0.050682261208576995,0.3205083009047224,0.37753609139407895,0.6003334858105088,0.5517881848204311,0.3154784929617928,0.2137712660416344,0.02911296866803439,0.07082795084356677,-0.07344777701387911,0.0,0.0,1.0,0.5,1.0,0.25,0.0,0.0,2.0,0.0,0,0,0,1,0,0,0,0,0,1,0,0,0,0,0,1
3406,0.3333333333333333,0.7442528735632183,0.96,0.07692307692307693,-0.75,0.48148148148148157,-0.16942431146992445,-0.07628186134675716,-0.09656723111416539,-0.07662553606130001,0.46912667204124586,0.09848981445151267,0.31519804194714235,0.36059806427048563,-0.3757191474672522,0.0,-1.0,0.0,1.0,-0.25,0.0,0.4,-0.75,0.0,-0.5,0,0,1,0,0,0,0,0,1,0,0,0,0,0,0,1
2661,0.3333333333333333,0.09770114942528736,0.92,-0.38461538461538464,-0.5,1.3481481481481483,-1.5464393823173463,-0.8051353070497679,-1.0229211988893891,-0.864973770899795,-0.20746290290324726,-1.1921710908689298,-0.06562641226476575,-0.08870296647731721,-0.471701526830916,1.0,0.0,0.0,1.0,-0.5,-0.5,-0.2,-0.25,0.0,-0.5,0,0,1,0,0,0,0,0,1,0,0,0,0,0,0,1
3153,0.7222222222222222,-0.4396551724137931,-0.5,-0.8461538461538461,0.0,0.48148148148148157,-0.3550007947265554,-1.143970975228957,-1.042052496423055,-0.8916042300028858,-0.7755238700769802,-0.9970374962256624,-1.007628303794069,-0.7755238700769802,-1.2182158819572526,2.0,1.0,0.0,-0.5,-0.75,-0.5,-0.6,0.5,2.0,0.5,0,0,1,0,0,0,0,0,1,0,0,0,0,0,0,1
10264,-0.5,0.7787356321839081,0.22,-0.6923076923076923,-0.25,0.9629629629629629,-1.854903791550729,-0.9312067425426861,-0.9327620851471012,-1.4877282074983278,-0.3877619350384901,-0.7725050540976793,-0.37536818175688036,-0.2862227858405282,-0.3331397665950483,0.0,-1.0,2.0,0.0,-0.75,-0.25,-0.6,0.25,0.0,0.0,1,0,0,0,0,0,0,0,1,0,0,0,1,0,0,0
1184,0.1111111111111111,0.13505747126436782,-0.06,0.7692307692307693,1.5,-0.2696296296296296,0.4663174195944441,0.2797772848299497,0.24242053179565434,0.38400000656442257,0.543709510679399,0.44150035016075667,-0.03144440163293923,-0.7755238700769802,0.0,1.0,0.0,0.0,0.5,1.5,0.0,1.0,-0.25,2.0,0.0,1,0,0,0,0,0,0,0,0,1,0,0,0,0,0,1
4200,0.0,-0.9885057471264368,0.72,0.0,0.0,0.5777777777777778,-0.23156425503941974,-0.13443196679096206,-0.15675488563482065,-0.013581605210210618,-0.3877619350384901,-0.02917420973125466,0.25689194028030826,0.15594757564090878,-0.6546718917377307,0.0,0.0,0.0,1.0,0.0,-0.25,0.2,-0.25,1.0,-0.5,0,1,0,0,0,0,0,0,1,0,0,0,0,0,0,1
9396,-0.4444444444444444,0.6522988505747126,-0.36,-0.8461538461538461,0.25,0.48148148148148157,-0.4728756708091626,-1.0079898207268727,-0.8228518726499564,-0.9522631819915691,-0.7755238700769802,-0.8685062832737553,-0.37536818175688036,-0.5308733279587541,-0.8199621321402158,0.0,0.0,0.0,-0.5,-0.75,-0.5,-0.6,0.75,2.0,0.0,0,1,0,0,0,0,0,0,1,0,0,0,0,0,0,1
2387,1.0,0.4454022988505747,-0.8,0.15384615384615385,1.0,1.076252723311547,-0.24489503950275998,-0.13443196679096206,-0.23708771418716104,0.0056551468021431945,-0.3877619350384901,0.021834313389506158,-0.4630290774619893,-0.3877619350384901,-0.10017625718049661,1.0,1.0,1.0,2.0,0.25,0.0,-0.2,0.5,1.0,0.5,0,0,0,1,0,0,1,0,0,0,0,0,0,0,0,1
6690,0.2222222222222222,0.3333333333333333,-0.38,-0.3076923076923077,0.25,1.1380471380471382,-0.4542443845007626,-0.5447298937907445,-0.6624284916964146,-0.4994620275582855,-0.20746290290324726,-0.41408934665237235,-0.37536818175688036,-0.3877619350384901,-0.10017625718049661,1.0,1.0,0.0,1.0,-0.25,-0.25,-0.4,0.25,1.0,0.5,0,1,0,0,0,0,1,0,0,0,0,0,0,0,0,1
1225,0.3888888888888889,-1.014367816091954,-0.04,0.3076923076923077,-1.25,-0.6588693957115009,0.6801807297728283,0.49056929649037156,0.8050370697042046,0.3384585356090084,0.7925370970967528,0.6759251048842254,1.085402816358483,0.7925370970967528,1.304283837344046,-1.0,-1.0,1.0,-0.5,-0.25,1.25,0.6,-1.25,0.0,0.0,0,1,0,0,0,0,0,0,1,0,0,0,0,0,0,1
9703,0.0,0.764367816091954,0.42,-0.3076923076923077,0.25,1.1380471380471382,-0.457534722812599,-0.28236484871521556,-0.21565220911085176,-0.26884979340435305,-0.3877619350384901,-0.24294547577288908,-1.007628303794069,-0.5308733279587541,0.5915768039993726,1.0,1.0,2.0,1.0,-0.25,0.0,-0.6,0.25,2.0,-0.5,0,1,0,0,0,0,1,0,0,0,0,0,0,0,0,1
291,0.0,0.05459770114942529,-0.72,-0.15384615384615385,-1.25,-0.5185185185185185,0.5364225333994644,0.3349026851028207,0.7770007063486388,0.014871889284771489,0.7483599993089757,0.5657123017251794,0.9934275298654396,0.9930105414272017,0.8867153709959247,-1.0,-1.0,0.0,-0.5,-0.25,0.25,0.2,-1.25,0.0,0.5,0,1,0,0,0,0,0,0,1,0,0,0,0,1,0,0
4557,0.0,-0.25287356321839083,-0.76,-0.5384615384615384,-0.25,0.48148148148148157,-1.292958340948531,-0.6524690412560705,-0.6482883916946074,-0.9205531871755583,-0.041572243722302185,-0.4674779179008721,-0.1444589521359689,-0.3877619350384901,-0.07344777701387911,0.0,0.0,0.0,0.0,-0.5,0.0,-0.6,0.0,0.0,0.5,0,0,0,1,0,0,0,0,0,1,0,0,1,0,0,0
2379,0.9444444444444444,0.8304597701149425,-0.36,-0.07692307692307693,0.25,-0.13756613756613756,0.45735170702752825,0.5236505233338344,1.0704326313445072,0.4968006501277793,0.5680609671737329,0.7621213449281633,0.7854544378651803,0.7436222620819857,1.0178633675962592,-1.0,-2.0,1.0,0.0,-0.25,0.5,0.0,0.25,0.0,0.0,0,0,1,0,0,0,0,0,1,0,0,0,0,0,0,1
5726,-0.7222222222222222,-0.7327586206896551,-0.68,-0.38461538461538464,-0.25,0.7703703703703704,-0.7345947688198775,-0.6926408107857763,-0.8466829546908915,-0.7757215038103391,-0.041572243722302185,-0.39783172338174416,-1.007628303794069,0.0,-0.731393516412085,0.0,-1.0,0.0,0.5,-0.25,-0.5,-0.2,-0.25,1.0,0.5,0,0,1,0,0,0,0,0,1,0,0,0,0,1,0,0
3066,-0.2777777777777778,-0.6063218390804598,-0.94,-0.23076923076923078,0.0,0.0,0.2853904937237402,-0.19865108851523436,-0.12529546038446593,-0.013581605210210618,-0.7755238700769802,-0.16628997471088275,-0.24318664449800542,-0.3877619350384901,-0.3331397665950483,0.0,0.0,0.0,0.0,0.0,0.0,-0.2,-0.25,2.0,0.5,0,0,0,1,0,0,0,0,0,1,0,0,0,0,0,1
6336,0.5555555555555556,-0.7816091954022989,0.12,-0.38461538461538464,-0.25,1.3481481481481483,-0.8585344808409595,-0.7736447529211181,-0.9743922623210988,-0.840317816859585,-0.3877619350384901,-0.577371459454412,-0.1444589521359689,-0.041572243722302185,-0.9247165705944205,1.0,1.0,0.0,1.0,-0.5,-0.5,-0.2,0.0,0.0,0.0,0,1,0,0,0,0,0,0,1,0,0,0,0,1,0,0
10967,0.3888888888888889,0.4367816091954023,-0.22,-0.46153846153846156,0.0,0.9629629629629629,-0.6599026529517886,-0.5098546942678703,-0.4806417257539197,-0.5451092696564066,-0.08870296647731721,-0.1932656374308362,-0.4630290774619893,-0.041572243722302185,-0.471701526830916,1.0,0.0,0.0,0.5,-0.5,-0.5,-0.2,0.25,0.0,0.0,1,0,0,0,0,0,0,0,1,0,0,0,0,1,0,0
2304,0.3888888888888889,-0.20114942528735633,0.74,0.6153846153846154,0.25,-0.4605475040257649,0.39065521065772124,0.24544926197715833,0.2361126421919047,0.4240515599710099,-0.041572243722302185,0.14732171351364587,-0.06562641226476575,0.33116801477775093,-0.6546718917377307,0.0,0.0,0.0,0.0,0.5,0.25,1.4,-0.5,2.0,-0.5,0,0,0,1,0,0,0,0,1,0,0,0,0,0,0,1
3445,0.7777777777777778,0.4942528735632184,0.14,0.6153846153846154,0.75,-0.4605475040257649,0.2556610763927517,0.32575276100231965,0.3799014634209311,0.0715682285619688,1.0223464567351235,0.4570942087313561,0.8092705357040504,0.8242848780577742,1.0772254026197174,-1.0,-2.0,1.0,0.0,0.75,0.5,1.0,-0.25,0.0,0.0,0,0,1,0,0,0,0,0,1,0,0,0,0,1,0,0
7828,-0.6111111111111112,-0.8505747126436781,-0.4,-0.23076923076923078,-1.25,-0.48148148148148145,0.636748561365665,0.26778302585723607,0.7089065460628385,-0.3096399692907102,0.9425022223340124,0.6740055204993026,1.0515673829891448,0.33116801477775093,-0.25641814192069373,-1.0,-1.0,0.0,-0.5,-0.25,0.25,0.0,-1.25,1.0,0.5,0,0,0,1,0,0,0,0,1,0,0,0,0,1,0,0
3762,-0.8888888888888888,0.27873563218390807,-0.38,0.15384615384615385,-1.25,-0.6230936819172113,0.4705506836828983,0.31318966519397545,0.5583280774461739,0.0393979572696202,-0.7755238700769802,0.7719263340603012,0.3776858598750006,0.9452068801959573,0.45301504376350465,-1.0,-2.0,2.0,-0.5,-0.25,0.75,0.6,-1.25,2.0,0.5,0,0,1,0,0,0,0,0,1,0,0,0,0,1,0,0
4391,0.1111111111111111,0.22413793103448276,0.3,0.5384615384615384,1.5,-0.7003367003367003,0.3325169101058309,0.30633776385622347,0.3745254285636908,0.4293243030799417,0.20307829839592387,0.1511227049614788,0.18839803133104463,-0.041572243722302185,0.9560232320347458,0.0,-1.0,0.0,-0.5,1.25,0.25,0.8,0.0,1.0,-0.5,1,0,0,0,0,0,0,0,0,1,0,0,0,0,0,1
4669,-0.6111111111111112,0.4224137931034483,-0.06,-0.38461538461538464,0.25,0.7703703703703704,-1.1343620699746078,-0.4989241280625301,-0.5274958990790617,-1.1828754161455015,0.28183818133320476,-0.7322577070632672,0.31519804194714235,0.37444125516027954,-0.1887448729086275,0.0,0.0,0.0,0.5,-0.25,-0.5,-0.2,0.25,-2.0,0.0,0,1,0,0,0,0,0,0,1,0,1,0,0,0,0,0
10144,-0.3333333333333333,0.735632183908046,0.7,0.07692307692307693,1.75,-0.2407407407407407,-0.00011915968706359055,0.1382669060535978,0.2840507089696518,0.17710037373919008,-0.041572243722302185,0.062081660423918196,-1.007628303794069,0.10153914919796193,1.1437225019070765,0.0,0.0,0.0,0.0,1.0,0.0,-0.2,0.5,0.0,-0.5,0,0,0,1,0,0,0,0,0,1,0,0,0,0,0,1
8652,1.3333333333333333,0.8936781609195402,-0.58,-0.15384615384615385,0.5,-0.07407407407407397,-0.47113198514542937,-0.08205094194003035,0.028176982228268907,-0.2402564783035804,-0.14311139292026412,-0.21236944249137837,0.9633865066633797,0.1297907130420535,0.08527600666061479,-1.0,-1.0,0.0,0.0,0.0,-0.25,0.2,0.25,0.0,0.5,0,0,0,1,0,0,0,0,1,0,1,0,0,0,0,0
1672,-0.2222222222222222,-0.6781609195402298,0.5,0.0,-0.5,-0.5777777777777777,0.37504463886620426,0.0560708296296233,0.17977224775503658,0.05264162123535398,-0.041572243722302185,0.3022079611225008,0.18839803133104463,0.20307829839592387,0.56640962563556,0.0,0.0,0.0,-0.5,0.25,-0.25,0.6,-1.0,2.0,-0.5,0,0,0,1,0,0,0,0,1,0,0,0,0,0,0,1
8962,-0.2777777777777778,-0.8132183908045977,-0.62,-0.6153846153846154,-0.5,0.6878306878306878,-0.226029464702054,-0.8676581388004984,-0.9197766770781819,-0.6218052116277316,-0.7755238700769802,-0.7725050540976793,-1.007628303794069,-0.7755238700769802,-1.0529256415547674,1.0,1.0,0.0,0.0,-0.5,-0.5,-0.4,-0.25,1.0,0.5,0,1,0,0,0,0,0,0,1,0,0,0,0,0,0,1
9974,-0.2222222222222222,-0.011494252873563218,0.52,-0.6153846153846154,0.25,-0.13756613756613756,-0.7913333161186149,-0.636504379395119,-0.5397325571813726,-0.7958915050365306,-0.08870296647731721,-0.448840246502505,-0.37536818175688036,-0.14311139292026412,-0.10017625718049661,0.0,0.0,0.0,-0.5,-0.25,-0.25,-0.6,0.25,0.0,-0.5,0,1,0,0,0,0,0,0,0,1,0,0,0,1,0,0
10983,1.0,0.45977011494252873,-0.64,0.6153846153846154,0.0,-0.7117552334943639,0.5847061233866732,0.31518100315532116,0.3609285418560148,0.1848251714500205,0.8463518209205468,0.467147328102002,0.9633865066633797,0.7483599993089757,0.6312172592315883,-1.0,-1.0,0.0,-0.5,0.5,0.25,1.6,-0.75,0.0,0.5,0,0,0,1,0,0,0,0,1,0,0,0,0,0,0,1
8148,0.7777777777777778,0.5201149425287356,0.78,1.3846153846153846,0.5,1.3131313131313131,-0.01421548131801096,0.28584666834754785,0.07083584940392475,0.16342571773083914,0.4129838139810195,0.48649305621607164,0.5737121950001144,0.8992289819514839,0.9731755120280169,1.0,1.0,0.0,5.5,0.5,0.0,1.4,-0.25,1.0,-0.5,0,0,0,1,0,0,1,0,0,0,0,0,0,0,0,1
10102,0.2222222222222222,-0.8850574712643678,-0.6,0.5384615384615384,-0.25,-0.7003367003367003,0.6767771914726806,0.4863430725953714,0.6991672617020959,0.27169476781532553,1.065119641132429,0.8094835538590051,1.0029515187790436,0.9736656387180652,0.08527600666061479,-1.0,-2.0,0.0,-0.5,0.25,2.25,0.0,-0.75,0.0,0.5,0,0,0,0,1,1,0,0,0,0,0,0,0,1,0,0
4697,1.1666666666666667,0.07183908045977011,0.26,0.07692307692307693,1.5,0.12037037037037043,-0.5692054458996431,-0.005631437244773726,0.027919692529824996,0.1173333877715784,-0.2862227858405282,0.07151415173155903,-0.37536818175688036,-0.2862227858405282,0.42078835216682153,-1.0,-2.0,0.0,0.5,0.75,-0.25,0.0,0.5,1.0,-0.5,1,0,0,0,0,0,0,0,0,1,0,0,0,0,0,1
9262,-0.7777777777777778,0.011494252873563218,-0.76,-0.7692307692307693,-0.25,0.1925925925925927,-0.7047511254264661,-0.7446266898475834,-0.5154758304064033,-0.7054183076720079,-0.08870296647731721,-0.9273913017065346,-1.007628303794069,0.03718763921497886,-0.3757191474672522,-1.0,-1.0,1.0,-0.5,-0.75,-0.5,-0.4,0.25,-1.0,0.5,0,0,0,1,0,0,0,0,1,0,0,0,0,0,0,1
7254,0.05555555555555555,-0.4942528735632184,0.5,-0.38461538461538464,0.25,0.7703703703703704,-0.44696661607381255,-0.3907512548745246,-0.3428213209144161,-0.4910387136837044,-0.7755238700769802,-0.06740573948219951,0.18839803133104463,0.0,-0.2934993113628321,0.0,0.0,0.0,0.5,-0.25,-0.25,-0.4,0.25,0.0,-0.5,0,0,0,1,0,0,0,0,0,1,0,0,0,1,0,0
4543,-0.5555555555555556,0.7183908045977011,-0.34,0.3076923076923077,-0.75,-0.6588693957115009,0.7248462533235396,0.582843249711182,0.972711769913959,0.49637328574456946,0.9425022223340124,0.8148449960979839,1.1058390943689627,0.3154784929617928,1.206139021442568,-1.0,-1.0,1.0,-0.5,-0.5,1.25,0.8,-0.5,0.0,0.0,0,1,0,0,0,0,0,0,1,0,0,0,0,0,0,1
4927,-0.05555555555555555,-0.5488505747126436,0.54,-0.46153846153846156,0.75,0.9629629629629629,-1.7264146062571548,-0.6470705429580874,-0.7104042443861808,-0.9873169549692411,-0.2862227858405282,-0.41408934665237235,0.20667320090127414,-0.5308733279587541,-0.3331397665950483,1.0,1.0,0.0,0.5,-0.25,-0.5,-0.4,0.75,0.0,-0.5,0,0,0,1,0,0,0,0,0,1,0,0,0,1,0,0
10451,0.2777777777777778,0.3390804597701149,-0.86,-0.8461538461538461,-0.75,0.48148148148148157,-0.8400107562007391,-1.0079898207268727,-0.8228518726499564,-0.9522631819915691,-0.5308733279587541,-1.0822775493153898,-1.007628303794069,-0.20746290290324726,-0.5869986227256642,1.0,1.0,0.0,-0.5,-1.0,-0.5,-0.4,0.0,0.0,0.5,0,0,0,1,0,0,0,0,1,0,0,0,0,0,0,1
2926,1.0,0.9166666666666666,0.26,0.6153846153846154,0.5,-0.20933977455716585,0.13063521906342782,0.45938073549063524,0.6206683681571555,0.6519957515462412,-0.7755238700769802,0.06682701944482146,-1.007628303794069,0.15594757564090878,0.28423203449009354,0.0,0.0,2.0,0.5,-0.25,1.0,1.2,0.5,1.0,-0.5,0,0,0,1,0,0,0,0,1,0,0,0,0,0,0,1
2874,-1.0,0.35344827586206895,-0.58,-0.7692307692307693,-0.25,0.1925925925925927,-0.5704158038444049,-0.9198276734736306,-0.8089445712674348,-1.0709300510135173,-0.20746290290324726,-0.8174977601529947,-0.37536818175688036,-0.2862227858405282,-0.5869986227256642,0.0,-1.0,0.0,-0.5,-0.75,-0.5,-0.4,0.25,-1.0,0.5,1,0,0,0,0,0,0,0,1,0,0,0,1,0,0,0
9738,-0.8888888888888888,0.5057471264367817,-0.12,-0.6153846153846154,0.5,-0.13756613756613756,-0.29427519559068616,-0.5061751557917569,-0.3162874436482892,-0.32442920968011657,-0.20746290290324726,-0.5295595783247905,-1.007628303794069,-0.20746290290324726,-0.4217083823231789,0.0,0.0,0.0,-0.5,-0.25,-0.5,-0.4,0.5,1.0,0.0,0,0,0,1,0,0,0,0,0,1,0,0,0,0,0,1
7119,-0.6666666666666666,0.5086206896551724,-0.08,-0.23076923076923078,-1.5,-0.48148148148148145,0.44314618310918175,0.27093019860489986,0.7146100145667126,0.27169476781532553,0.20307829839592387,0.5181558512227629,0.6073091790136942,0.6388889180172997,0.2554981117643361,-1.0,-2.0,0.0,-0.5,-0.5,0.25,0.2,-1.25,0.0,0.0,0,0,1,0,0,0,0,0,1,0,0,0,0,0,0,1
3924,0.2777777777777778,-0.7241379310344828,-0.3,1.0,1.0,0.06878306878306886,0.18335287827335683,0.3095780086038257,0.22089544908727868,0.5064814999796903,-0.7755238700769802,0.06682701944482146,-1.007628303794069,-0.7755238700769802,0.20950887690840939,0.0,-1.0,1.0,1.5,1.0,0.25,1.4,-0.25,2.0,0.0,1,0,0,0,0,0,0,0,1,0,0,0,0,0,0,1
5827,0.6666666666666666,-0.8103448275862069,0.08,-0.3076923076923077,-0.25,1.1380471380471382,-0.5765688286161459,-0.6807110482928288,-0.8829110717745264,-0.5169767622838456,-0.7755238700769802,-0.6320354792626287,-0.576043627965019,-0.3877619350384901,-0.471701526830916,1.0,0.0,0.0,1.0,-0.25,-0.25,-0.4,-0.25,0.0,0.0,1,0,0,0,0,0,1,0,0,0,0,0,0,0,0,1
5596,0.7777777777777778,-0.27586206896551724,-0.1,0.46153846153846156,1.5,-0.6878306878306878,0.20718690410276308,0.224735575983441,0.2591262179806834,0.35846675558884056,0.18029903213524281,0.3147335583076906,0.16923104457519936,-0.7755238700769802,0.08527600666061479,0.0,0.0,0.0,-0.5,1.25,0.0,0.8,0.0,-1.0,0.0,0,0,0,1,0,0,0,0,0,1,0,0,0,0,0,1
10812,-0.4444444444444444,-0.6781609195402298,0.8,-0.6153846153846154,-0.75,-0.13756613756613756,-0.156567343208095,-0.5447298937907445,-0.38292086432337197,-0.5081041530991438,-0.7755238700769802,-0.1410942626091846,-0.37536818175688036,-0.2862227858405282,-1.849433141188841,0.0,0.0,0.0,-0.5,-0.5,-0.25,-0.4,-0.5,2.0,-0.5,0,1,0,0,0,0,0,0,1,0,0,0,0,1,0,0
1717,-1.0,-0.8017241379310345,-0.12,-0.15384615384615385,1.0,0.3703703703703705,-0.39265058715301143,-0.1371213645782065,-0.06900511189840033,-0.25629346828622196,0.20307829839592387,0.12368552655321065,0.18839803133104463,0.15594757564090878,0.43173265849465925,0.0,-1.0,0.0,0.5,0.25,-0.25,-0.2,0.5,0.0,0.0,0,0,1,0,0,0,0,0,0,1,0,0,0,1,0,0
9491,-0.7777777777777778,-0.4942528735632184,0.38,-0.38461538461538464,0.25,0.7703703703703704,-1.166197193814745,-0.6579475202109681,-0.7908337339572121,-0.8173636728039921,-0.5308733279587541,-0.43106976387327783,-0.576043627965019,-0.2862227858405282,0.022534602349784674,0.0,0.0,0.0,0.5,-0.25,-0.25,-0.4,0.25,0.0,-0.5,0,0,0,1,0,0,0,0,0,1,0,0,1,0,0,0
9274,0.5,0.29310344827586204,-0.1,0.6153846153846154,-0.25,-0.7117552334943639,0.6958763633000293,0.4133295927295768,0.5375128221363213,0.36614486080484243,0.9882728042002115,0.19400842007791655,1.1112329361045028,0.9882728042002115,0.5400893577133797,-1.0,-1.0,1.0,-0.5,0.5,1.25,0.8,-1.0,1.0,0.0,0,1,0,0,0,0,0,0,1,0,0,0,0,0,0,1
6609,0.2222222222222222,0.8419540229885057,0.3,-0.6153846153846154,0.75,-0.13756613756613756,-0.9822695794496309,-0.4813952273214039,-0.2732521153490979,-1.4877282074983278,0.38776193503849,-0.36725569010023346,0.12784066103007083,0.346189691316188,-0.25641814192069373,-1.0,-2.0,1.0,-0.5,-0.25,-0.5,-0.4,0.75,0.0,-0.5,0,0,0,0,1,0,0,0,0,1,0,1,0,0,0,0
6963,1.2777777777777777,-0.6896551724137931,0.72,0.23076923076923078,-1.5,-0.6419753086419753,0.6283746232116056,0.3958657475446437,0.6696078721174873,0.4496173681605351,0.10153914919796193,0.6778350913071314,0.08157014887009044,0.5758185568959769,-0.4217083823231789,-1.0,-2.0,1.0,-0.5,-0.5,0.75,1.0,-1.25,0.0,-0.5,0,0,1,0,0,0,0,0,1,0,0,0,0,0,0,1
4440,0.3333333333333333,-0.1839080459770115,0.88,0.23076923076923078,1.5,-0.6419753086419753,0.3387128851449232,0.11852250675904476,0.17115755104303887,0.3558674991918614,-0.7755238700769802,-0.33894670494896506,-1.007628303794069,-0.7755238700769802,-0.471701526830916,0.0,0.0,1.0,-0.5,1.0,0.25,0.2,0.25,1.0,-0.5,0,1,0,0,0,0,0,0,0,1,0,0,0,0,0,1
1379,-1.2222222222222223,0.20689655172413793,-0.74,-0.3076923076923077,-0.25,-0.43771043771043766,-0.284055672738086,-0.18304579555117834,-0.04150677442965773,-0.04037713657001547,-0.3877619350384901,-0.1410942626091846,0.18839803133104463,-0.20746290290324726,-0.25641814192069373,-1.0,-1.0,0.0,-0.5,0.0,0.0,-0.2,-0.5,1.0,0.5,0,0,0,1,0,0,0,0,0,1,0,0,0,0,0,1
10032,-0.3333333333333333,-0.5574712643678161,0.74,-0.3076923076923077,0.0,1.1380471380471382,-2.1542377582048116,-0.7377145154049668,-0.9722667014280841,-1.2571159733443953,-0.14311139292026412,-0.577371459454412,-0.576043627965019,0.1297907130420535,-0.1887448729086275,0.0,-1.0,0.0,1.0,-0.25,-0.25,-0.4,0.0,0.0,-0.5,1,0,0,0,0,0,1,0,0,0,0,0,1,0,0,0
2826,0.16666666666666666,-0.3218390804597701,-0.42,-0.6153846153846154,0.0,0.6878306878306878,-1.2584048235743064,-0.8676581388004984,-0.9197766770781819,-0.6343615367458626,-0.7755238700769802,-0.7725050540976793,-0.576043627965019,-0.7755238700769802,-1.2182158819572526,2.0,2.0,0.0,0.0,-0.5,-0.5,-0.4,0.25,0.0,0.5,0,1,0,0,0,0,0,0,1,0,0,0,0,0,0,1
2437,-1.0555555555555556,0.10057471264367816,0.4,0.6923076923076923,0.0,-0.7222222222222222,0.0,0.5181855386612675,0.6986010956410257,0.5304849202647833,0.9661289226725314,0.7319271172643973,0.6073091790136942,0.436522943019284,0.5218478665694974,-1.0,-1.0,2.0,-0.5,0.5,0.75,1.4,-0.75,0.0,-0.5,0,1,0,0,0,0,0,0,1,0,0,0,0,0,0,1
6320,-0.3333333333333333,0.4367816091954023,-0.14,0.6153846153846154,0.0,-0.7117552334943639,0.4928604722890072,0.4937688354891824,0.6828713576048473,0.4925021003254284,0.5680609671737329,0.8067743475473499,0.7038842889950898,0.5680609671737329,-0.2934993113628321,-1.0,-2.0,0.0,-0.5,0.5,1.0,1.0,-0.75,1.0,0.0,0,0,1,0,0,0,0,0,1,0,0,0,0,0,0,1
3050,0.2222222222222222,-0.46551724137931033,-0.72,0.07692307692307693,-0.5,1.2037037037037037,0.08192097442860571,-0.19232972833122808,-0.29866741417234194,0.020281815418667963,-0.7755238700769802,-0.3255419439953788,-0.4630290774619893,-0.3877619350384901,-0.1887448729086275,1.0,1.0,0.0,2.0,-0.25,-0.25,0.2,-0.5,0.0,0.5,0,1,0,0,0,0,0,0,1,0,0,0,0,0,0,1
231,0.7777777777777778,-0.7068965517241379,0.74,-0.6153846153846154,-0.5,0.6878306878306878,-0.8835868011193098,-0.9198276734736306,-1.0016970918384198,-0.6474103906387431,-0.7755238700769802,-0.8174977601529947,-1.007628303794069,-0.7755238700769802,-1.451179391371804,1.0,1.0,0.0,0.0,-0.5,-0.5,-0.4,-0.25,1.0,-0.5,0,0,0,1,0,0,0,0,1,0,0,0,0,0,0,1
2392,-0.1111111111111111,-0.0603448275862069,0.2,-0.5384615384615384,0.25,0.48148148148148157,-0.3707086313663816,-0.4989241280625301,-0.3881921675102303,-0.4518519294624826,-0.20746290290324726,-0.43106976387327783,-0.24318664449800542,-0.7755238700769802,0.06511398322198858,1.0,1.0,0.0,0.0,-0.25,-0.5,-0.4,0.25,0.0,0.0,0,1,0,0,0,0,0,0,0,1,0,0,0,0,0,1
9478,-0.8333333333333334,0.9425287356321839,-0.38,0.0,-0.5,-0.19259259259259257,0.3950336848370877,0.004628227696585043,0.08827316713454648,-0.21392724432435498,0.6978516802157864,0.2445941468204277,0.638257876730324,-0.2862227858405282,0.40963152180849455,0.0,-1.0,0.0,0.0,0.0,0.25,0.2,-0.75,0.0,0.5,0,0,1,0,0,0,0,0,1,0,0,0,0,1,0,0
113,1.0555555555555556,-0.022988505747126436,-0.32,-0.6923076923076923,-0.75,0.9629629629629629,-0.7812745707742563,-0.9676089527659227,-0.9901863730365746,-0.8916042300028858,-0.7755238700769802,-0.8174977601529947,-0.4630290774619893,-0.5308733279587541,-0.731393516412085,1.0,1.0,0.0,0.0,-0.75,-0.5,-0.4,-0.25,0.0,0.0,0,1,0,0,0,0,0,0,1,0,0,0,0,0,0,1
2863,0.0,-0.13218390804597702,0.36,0.46153846153846156,0.0,0.6878306878306878,0.0,0.36071673048552516,0.5032513327427506,0.4792628286541297,0.29905896856117287,0.35670216697426377,0.5520822202293374,0.6122380649615098,-0.10017625718049661,2.0,1.0,2.0,2.0,-0.5,0.25,1.0,0.25,0.0,-0.5,0,0,1,0,0,0,0,0,1,0,0,0,0,0,0,1
1802,-0.05555555555555555,0.4942528735632184,-0.52,0.46153846153846156,-1.0,-0.13756613756613756,0.35521623231763944,0.1995486132773828,0.2141476106661842,0.2856794053299187,-0.14311139292026412,0.21696790803277347,0.43158467582904997,0.42494957425346885,0.653751861581373,0.0,0.0,0.0,0.5,-0.25,0.25,1.4,-1.0,0.0,0.5,0,1,0,0,0,0,0,0,1,0,0,0,0,0,0,1
520,-0.2222222222222222,0.020114942528735632,0.64,-0.8461538461538461,-0.25,0.48148148148148157,-0.6128148635501072,-0.9429471116559227,-0.714828469485766,-1.2571159733443953,-0.2862227858405282,-0.8174977601529947,-0.24318664449800542,-0.3877619350384901,-0.5264628207773835,0.0,0.0,0.0,-0.5,-0.75,-0.5,-0.6,0.25,0.0,-0.5,0,1,0,0,0,0,0,0,1,0,0,0,1,0,0,0
8275,0.2777777777777778,-0.6206896551724138,-0.86,-0.8461538461538461,-0.25,0.48148148148148157,-0.13533282897330903,-1.0869675081168189,-0.951369171036892,-0.7757215038103391,-0.7755238700769802,-1.0822775493153898,-1.007628303794069,-0.7755238700769802,-1.451179391371804,1.0,0.0,0.0,-0.5,-0.75,-0.5,-0.6,0.25,2.0,0.5,1,0,0,0,0,0,0,0,1,0,0,0,0,0,0,1
9750,0.5,0.4339080459770115,-0.16,0.6153846153846154,2.0,0.29307568438003223,0.34407520180475476,0.4409080407757669,0.587291073825753,0.4760963575926361,0.6754342347185844,0.6302136846211231,0.7088887554180855,0.1297907130420535,0.6235049459869083,0.0,-1.0,0.0,1.5,1.5,0.25,0.0,0.25,2.0,0.0,1,0,0,0,0,0,0,0,0,1,0,0,0,0,0,1
2607,0.9444444444444444,0.5114942528735632,0.58,0.6923076923076923,1.75,0.48148148148148157,-0.3652908578987607,0.17134969984939513,0.07633326068691139,0.29520854720317824,0.2446505421182259,0.2137712660416344,-0.19072946429594947,0.346189691316188,0.29807749263654026,0.0,-1.0,0.0,2.0,1.0,0.0,0.6,0.5,0.0,-0.5,0,0,1,0,0,0,0,0,0,1,0,0,0,0,0,1
7214,0.7222222222222222,0.008620689655172414,0.0,0.23076923076923078,-0.5,-0.6419753086419753,0.29234593845842194,0.43405987162379944,0.7387860741003456,0.5027268166957269,-0.7755238700769802,0.5351362684436684,0.49643548013891015,0.5758185568959769,0.9338367416070775,-1.0,-1.0,0.0,-0.5,0.0,1.5,0.0,-0.75,0.0,0.0,0,1,0,0,0,1,0,0,0,0,0,0,0,0,0,1
5835,-0.3333333333333333,0.017241379310344827,-0.2,-0.46153846153846156,0.25,0.9629629629629629,-1.8993890474203923,-0.6635083853900678,-0.7373925434149378,-0.689940953021626,-0.3877619350384901,-0.3255419439953788,-0.4630290774619893,-0.3877619350384901,-0.5264628207773835,0.0,-1.0,0.0,0.5,-0.5,-0.5,-0.2,0.5,2.0,0.0,1,0,0,0,0,0,0,0,1,0,0,0,0,1,0,0
3896,-0.7777777777777778,-0.3505747126436782,-0.92,-0.7692307692307693,-0.25,0.1925925925925927,-0.9700367184537839,-0.8676581388004984,-0.7228654408112252,-0.6751517126322198,-0.5308733279587541,-0.6626115125441394,-1.007628303794069,-0.5308733279587541,-1.2182158819572526,0.0,0.0,0.0,-0.5,-0.75,-0.5,-0.4,0.25,0.0,0.5,0,1,0,0,0,0,0,0,1,0,0,0,0,0,0,1
10350,1.1111111111111112,0.1724137931034483,-0.24,-0.7692307692307693,-1.0,0.1925925925925927,0.08851399735278188,-0.8580526489864454,-0.7068854999807795,-0.5451092696564066,-0.7755238700769802,-0.9273913017065346,-1.007628303794069,-0.7755238700769802,-1.849433141188841,2.0,2.0,0.0,-0.5,-0.75,-0.5,-0.4,-0.5,2.0,0.0,0,1,0,0,0,0,0,0,1,0,0,0,0,0,0,1
7786,-0.8888888888888888,0.4166666666666667,-0.54,-0.23076923076923078,0.5,0.9629629629629629,-0.8232381689504513,-0.3337477877623866,-0.35997556857747337,-0.3096399692907102,-0.041572243722302185,-0.04781188112962177,-0.06562641226476575,-0.14311139292026412,-0.4217083823231789,0.0,-1.0,0.0,1.0,-0.25,-0.25,-0.2,0.5,2.0,0.5,0,0,1,0,0,0,0,0,1,0,0,0,0,0,0,1
2861,-0.7222222222222222,0.23850574712643677,0.6,-0.8461538461538461,0.0,0.48148148148148157,-1.1600820841349806,-1.0375888588858215,-0.8713808092182469,-0.9522631819915691,-0.5308733279587541,-0.8685062832737553,-0.4630290774619893,-0.7755238700769802,-0.9247165705944205,0.0,-1.0,0.0,-0.5,-0.75,-0.5,-0.6,0.5,0.0,-0.5,0,0,1,0,0,0,0,0,1,0,0,0,0,0,0,1
663,-1.0555555555555556,-0.1867816091954023,-0.06,-0.6923076923076923,-1.0,0.0,-0.6318275561117925,-0.6313323990618314,-0.4350463408353723,-0.4828234042714047,-0.3877619350384901,-0.5527179709905995,-0.1444589521359689,-0.7755238700769802,-0.731393516412085,-1.0,-2.0,0.0,-0.5,-0.75,-0.25,-0.4,-0.5,2.0,0.0,0,0,1,0,0,0,0,0,1,0,0,0,0,0,0,1
10675,0.7777777777777778,0.27586206896551724,0.66,0.3076923076923077,1.25,-0.35477582846003897,0.3911397635051924,0.3971408886902386,0.6357736736365714,0.5485138793996389,0.10153914919796193,0.4467693507835371,-1.007628303794069,-0.7755238700769802,-0.02345463250614205,0.0,0.0,1.0,0.0,1.25,0.25,0.0,-0.25,2.0,-0.5,0,1,0,0,0,0,0,0,0,1,0,0,0,0,0,1
2521,-0.05555555555555555,0.514367816091954,-0.78,-0.7692307692307693,-0.25,0.1925925925925927,-0.5795241305452941,-0.6987531907066324,-0.43681257369289855,-0.6609919958489534,-0.5308733279587541,-0.6037264941113603,-0.576043627965019,-0.3877619350384901,-0.15768008000897207,0.0,0.0,2.0,-0.5,-0.75,-0.25,-0.6,0.25,1.0,0.5,0,1,0,0,0,0,0,0,1,0,0,0,0,0,0,1
9592,-0.7222222222222222,0.022988505747126436,0.04,-0.6153846153846154,0.25,0.6878306878306878,-1.2971243102018861,-0.9087883293396334,-0.9845033595303953,-0.8916042300028858,-0.3877619350384901,-0.7322577070632672,-0.4630290774619893,-0.7755238700769802,-0.5869986227256642,0.0,0.0,0.0,0.0,-0.5,-0.5,-0.4,0.5,0.0,0.0,0,0,0,1,0,0,0,0,1,0,0,0,0,0,0,1
10151,0.5555555555555556,0.8591954022988506,-0.22,0.5384615384615384,-0.5,-0.7003367003367003,0.2927642297414517,0.32148216632148213,0.40172233338457164,0.19871206892600923,0.5834093037298083,0.49427329438035855,0.9659795543721166,0.5834093037298083,0.9898305538164089,1.0,0.0,0.0,-0.5,0.0,0.75,1.4,-0.75,0.0,0.0,1,0,0,0,0,0,0,0,1,0,0,0,0,0,0,1
7381,0.1111111111111111,0.6149425287356322,-0.78,0.5384615384615384,1.5,-0.7003367003367003,0.5931196047589772,0.4772307289960875,0.6826697018291215,0.5048179808811087,1.002299396561456,0.5592703870263149,0.677858529154613,0.842768479240572,0.12359411675246054,-1.0,-2.0,4.0,-0.5,1.75,0.5,0.2,-0.5,0.0,0.5,1,0,0,0,0,0,0,0,0,1,0,0,0,0,0,1
4099,-0.1111111111111111,0.6839080459770115,-0.7,-0.7692307692307693,0.0,0.1925925925925927,-0.7891366632377976,-0.6807110482928288,-0.40570257790789155,-0.9205531871755583,-0.3877619350384901,-0.5295595783247905,-0.03144440163293923,-0.3877619350384901,-0.07344777701387911,0.0,0.0,0.0,-0.5,-0.75,-0.5,-0.4,0.5,0.0,0.5,0,1,0,0,0,0,0,0,1,0,0,0,1,0,0,0
9560,0.2777777777777778,0.3649425287356322,-0.62,0.5384615384615384,0.25,-0.7003367003367003,0.7342040683354383,0.5323623923145361,0.7825677703665871,0.5285494690440247,0.6811734851375101,0.8128432631920992,0.45123103458037667,0.37444125516027954,0.9154492937216816,-1.0,-1.0,2.0,-0.5,0.75,1.0,0.6,-0.75,0.0,0.5,0,0,0,1,0,0,0,0,1,0,0,0,0,0,0,1
10172,-1.0,0.9540229885057471,0.92,0.46153846153846156,-0.5,-0.6878306878306878,0.44377044086214346,0.5010484124118997,0.7569597049590481,0.31936087182432915,0.28183818133320476,0.9571021104080593,0.6936799412060767,0.9112970335226829,0.2554981117643361,-1.0,-2.0,0.0,-0.5,0.0,0.75,1.2,-0.75,0.0,-0.5,0,0,1,0,0,0,0,0,1,0,0,0,0,1,0,0
11191,-0.8888888888888888,-0.4367816091954023,-0.76,-0.5384615384615384,-0.25,-0.2407407407407407,-0.3298884129194479,-0.3854304355109316,-0.19128093124327378,-0.5081041530991438,0.4585898858820568,-0.21236944249137837,-0.03144440163293923,-0.2862227858405282,-0.15768008000897207,-1.0,-2.0,0.0,-0.5,-0.5,-0.25,-0.2,0.0,0.0,0.5,1,0,0,0,0,0,0,0,1,0,0,0,0,1,0,0
9707,0.05555555555555555,0.6522988505747126,0.32,0.38461538461538464,0.75,-0.09629629629629628,0.11028783438331598,0.40376418035932027,0.6134844725645345,0.6128089673250193,-0.7755238700769802,-0.1493095574899771,-1.007628303794069,-0.7755238700769802,0.19332305418233545,0.0,0.0,2.0,0.5,0.0,0.0,1.2,0.5,2.0,-0.5,0,1,0,0,0,0,0,0,1,0,0,0,0,0,0,1
6245,1.1111111111111112,0.07183908045977011,0.44,0.23076923076923078,-0.75,-0.32098765432098764,0.21939207842842529,0.09117007676056434,0.12249481166652901,0.2570964179736899,0.18029903213524281,0.005576690118878176,0.16923104457519936,0.18029903213524281,-0.2934993113628321,0.0,0.0,0.0,0.0,-0.25,0.75,0.6,-0.75,2.0,-0.5,0,0,0,1,0,0,0,0,1,0,0,0,0,0,0,1
8234,-0.16666666666666666,-0.10919540229885058,-0.72,-0.8461538461538461,0.0,0.48148148148148157,-0.9736906923428178,-1.1239774268840612,-1.0104600024643449,-1.4877282074983278,-0.08870296647731721,-0.8174977601529947,-1.007628303794069,-0.5308733279587541,-1.0529256415547674,0.0,0.0,2.0,-0.5,-0.75,-0.5,-0.6,0.5,-2.0,0.5,0,0,0,1,0,0,0,0,1,0,0,0,0,1,0,0
1411,1.0,-0.35919540229885055,0.18,0.07692307692307693,-1.5,-0.6018518518518519,0.7271818159718536,0.31913179464326624,0.6095179923222198,0.05264162123535398,0.4793580006964157,0.42153399398368163,1.0168180866247318,1.002299396561456,1.11474701570924,-1.0,-2.0,0.0,-0.5,-0.5,1.75,-0.2,-1.25,0.0,0.0,1,0,0,0,0,1,0,0,0,0,0,0,0,0,0,1
8553,0.2777777777777778,0.04310344827586207,0.32,-0.6923076923076923,-0.5,0.9629629629629629,-0.22668567462495529,-0.8219468640823298,-0.7559996293047285,-0.5758421620767741,-0.7755238700769802,-0.7322577070632672,-1.007628303794069,-0.7755238700769802,-1.0529256415547674,1.0,1.0,0.0,0.0,-0.75,-0.5,-0.4,0.0,0.0,-0.5,0,1,0,0,0,0,0,0,1,0,0,0,0,0,0,1
1826,0.0,-0.985632183908046,-0.98,0.0,-1.0,-0.5777777777777777,0.7676138070157756,0.40625645982399,0.8105468680629779,0.027360872407614818,0.8671199357349058,0.6572874334858583,0.846011808166154,1.0764454082578798,1.2469049593263002,-1.0,-2.0,1.0,-0.5,0.0,0.5,0.2,-1.25,0.0,0.5,1,0,0,0,0,0,0,0,1,0,0,0,0,1,0,0
8842,-0.05555555555555555,0.5603448275862069,-0.32,-0.5384615384615384,0.0,1.2037037037037037,-0.8043279118818476,-0.8051353070497679,-0.8970108754924192,-0.7958915050365306,-0.7755238700769802,-0.6320354792626287,-0.19072946429594947,-0.2862227858405282,-0.6546718917377307,1.0,0.0,0.0,0.5,-0.5,-0.5,-0.4,0.25,0.0,0.0,0,0,0,0,1,0,0,0,1,0,0,0,0,0,0,1
11030,-0.3333333333333333,-0.514367816091954,0.82,-0.8461538461538461,-0.5,0.48148148148148157,-0.6689615117058266,-1.1651076174231962,-1.0751866849165583,-0.9522631819915691,-0.7755238700769802,-1.0822775493153898,-1.007628303794069,-0.7755238700769802,-0.9247165705944205,0.0,0.0,1.0,-0.5,-0.75,-0.5,-0.6,0.0,1.0,-0.5,0,1,0,0,0,0,0,0,1,0,0,0,0,0,0,1
2579,0.7222222222222222,-0.46551724137931033,0.92,0.8461538461538461,0.25,-0.07407407407407397,0.49760219386226573,0.27538019894594407,0.20872318202025622,0.34660677453895566,0.46912667204124586,0.5064011856589813,-0.03144440163293923,0.46912667204124586,-0.5869986227256642,0.0,0.0,0.0,1.0,0.5,1.25,0.8,-0.5,0.0,-0.5,0,1,0,0,0,0,0,0,1,0,0,0,0,0,0,1
175,-0.8888888888888888,0.514367816091954,0.88,0.5384615384615384,0.75,-0.43771043771043766,0.5155517329466784,0.4774869053595036,0.6831334206255075,0.4401323155749587,0.7755238700769802,0.7269336280049862,0.5520822202293374,0.8770630192749421,0.7609564475007234,0.0,0.0,2.0,0.0,1.0,0.5,0.6,-0.5,0.0,-0.5,0,1,0,0,0,0,0,0,0,1,0,0,0,0,0,1
9185,0.2222222222222222,-0.3218390804597701,-0.22,0.23076923076923078,-0.5,0.0,0.46818325362790403,0.35255011628378485,0.5912791478959186,0.31643599033541864,0.29905896856117287,0.7734127035961545,0.02911296866803439,0.436522943019284,-1.849433141188841,-1.0,-2.0,1.0,0.5,0.0,1.0,0.0,-0.75,2.0,0.0,0,0,1,0,0,1,0,0,0,0,0,0,0,1,0,0
11056,-0.2222222222222222,0.7298850574712644,-0.62,0.23076923076923078,-1.25,-0.6419753086419753,0.5186750855118112,0.40563496292844925,0.687292702329195,0.37916938629095653,0.8204690990142031,0.6872443475252751,0.8731153335702893,-0.7755238700769802,-0.047907629659445665,-1.0,-1.0,0.0,-0.5,-0.25,0.5,1.0,-1.25,0.0,0.5,0,1,0,0,0,0,0,0,1,0,0,0,0,0,0,1
9365,-0.3333333333333333,0.5689655172413793,0.16,0.6923076923076923,2.0,0.24074074074074087,0.2375575044638393,0.43232782833642425,0.5434165323681821,0.5958069663932467,-0.7755238700769802,0.44502108004887764,-1.007628303794069,-0.7755238700769802,-0.3757191474672522,0.0,-1.0,0.0,1.5,1.75,0.25,0.0,0.0,2.0,0.0,0,0,1,0,0,0,0,0,0,1,0,0,0,0,0,1
6201,-0.4444444444444444,-0.41379310344827586,-0.08,-0.6153846153846154,0.0,0.6878306878306878,-0.43575799166108303,-0.7661739823514333,-0.7559996293047285,-0.6751517126322198,-0.3877619350384901,-0.577371459454412,-1.007628303794069,-0.5308733279587541,-0.471701526830916,1.0,0.0,0.0,0.0,-0.5,-0.5,-0.4,0.25,0.0,0.0,0,0,1,0,0,0,0,0,1,0,0,0,0,0,0,1
2061,0.8333333333333334,0.16666666666666666,0.24,-0.6153846153846154,-0.25,-0.13756613756613756,-0.019063901314145242,-0.5098546942678703,-0.32266416797281067,-0.2646114796985909,-0.7755238700769802,-0.6626115125441394,-1.007628303794069,-0.7755238700769802,-0.471701526830916,0.0,0.0,1.0,-0.5,-0.5,-0.5,-0.2,0.0,0.0,-0.5,0,1,0,0,0,0,0,0,1,0,0,0,0,0,0,1
6184,0.05555555555555555,0.5977011494252874,-0.86,0.0,-1.25,-0.5777777777777777,0.439462340714603,0.5314782542584436,1.0382450037091,0.3881700197683711,0.6978516802157864,0.9349169577304923,0.7376463687461494,0.9397766788764008,0.3866461083646709,-1.0,-1.0,0.0,-0.5,-0.25,0.25,0.6,-1.25,2.0,0.5,0,1,0,0,0,0,0,0,1,0,0,0,0,1,0,0
6142,1.5,-0.1235632183908046,0.32,-0.07692307692307693,-0.5,-0.5502645502645502,0.3617680597596387,0.3030688756897205,0.6696904344117863,0.4261706953301928,0.2446505421182259,0.36758599404537184,0.6613730907052233,-0.7755238700769802,-0.5869986227256642,-1.0,-1.0,0.0,-0.5,0.25,0.25,0.0,-1.0,1.0,-0.5,0,1,0,0,0,0,0,0,0,1,0,0,0,0,0,1
4107,1.2222222222222223,-0.26436781609195403,0.06,0.07692307692307693,0.0,-0.2407407407407407,-0.14656877272899688,0.026071368512434266,0.08407697230753503,0.1442720480329595,0.20307829839592387,0.011073137303157714,0.08157014887009044,0.28183818133320476,0.2554981117643361,1.0,1.0,0.0,0.0,0.0,1.0,-0.2,-0.25,2.0,0.0,0,0,0,1,0,1,0,0,0,0,0,0,0,0,0,1
7274,0.7222222222222222,0.8132183908045977,0.76,0.5384615384615384,-0.75,-0.7003367003367003,0.6511427422557449,0.6253696797837413,0.951502073968698,0.47836119361292767,1.0245052165158748,0.9506274386462971,1.098530133745074,1.0245052165158748,0.5218478665694974,-1.0,-1.0,1.0,-0.5,0.0,1.25,1.0,-1.0,0.0,-0.5,0,1,0,0,0,0,0,0,1,0,0,0,0,1,0,0
9336,0.05555555555555555,-0.7385057471264368,-0.22,0.46153846153846156,0.25,-0.13756613756613756,0.29234593845842194,0.17484932122894659,0.17012467456877317,0.3578188427714524,-0.7755238700769802,0.0807193318222853,-1.007628303794069,-0.7755238700769802,0.29807749263654026,0.0,-1.0,0.0,0.5,0.5,0.0,1.0,-0.5,2.0,0.0,0,0,0,0,1,0,0,0,1,0,0,0,0,0,0,1
2958,-0.4444444444444444,-0.6637931034482759,0.08,-0.38461538461538464,-0.75,0.7703703703703704,-0.9047995786665269,-0.7112896646823601,-0.8764300231908637,-0.7216509478376368,-0.2862227858405282,-0.6958495530356731,-0.03144440163293923,0.0,-0.731393516412085,1.0,1.0,0.0,0.5,-0.5,-0.25,-0.2,-0.5,0.0,0.0,0,1,0,0,0,0,0,0,1,0,0,0,0,0,0,1
933,-0.4444444444444444,0.6522988505747126,-0.36,-0.8461538461538461,0.25,0.48148148148148157,-0.4728756708091626,-1.0079898207268727,-0.8228518726499564,-0.9522631819915691,-0.7755238700769802,-0.8685062832737553,-0.37536818175688036,-0.5308733279587541,-0.8199621321402158,0.0,0.0,0.0,-0.5,-0.75,-0.5,-0.6,0.75,2.0,0.0,0,1,0,0,0,0,0,0,1,0,0,0,0,0,0,1
5837,0.16666666666666666,0.5517241379310345,0.36,0.5384615384615384,1.0,0.8754208754208754,0.003154355700495426,0.08158374261311167,-0.025526833599212005,0.1159945403850232,0.0,0.32924149771405253,-0.24318664449800542,0.0,0.557769482217709,1.0,1.0,0.0,2.5,0.5,0.25,0.2,0.25,0.0,-0.5,0,1,0,0,0,0,1,0,0,0,0,0,0,0,0,1
10704,0.05555555555555555,0.9224137931034483,0.32,0.3076923076923077,0.25,-0.35477582846003897,0.09890916857046798,0.20654122506129283,0.2926897588370728,0.27917155722053644,-0.7755238700769802,0.11959996366442333,0.31519804194714235,0.40059811775913484,1.0020124668906725,0.0,-1.0,0.0,0.0,0.5,0.0,0.8,-0.5,0.0,-0.5,0,0,1,0,0,0,0,0,1,0,0,0,0,0,0,1
5125,0.5555555555555556,0.14942528735632185,0.3,0.8461538461538461,-0.75,-0.7407407407407407,0.6687932128199628,0.45232137668132016,0.5261332209594105,0.21504433572109433,-0.7755238700769802,0.9492256150960406,0.9045597352032284,0.5520147438379108,0.10475443845420482,-1.0,-1.0,0.0,-0.5,0.0,2.0,1.2,-1.0,0.0,-0.5,0,1,0,0,0,0,0,0,1,0,0,0,0,1,0,0
4432,-0.3333333333333333,0.3275862068965517,0.66,-0.6153846153846154,0.0,0.6878306878306878,-0.7429459807688699,-0.7516705326433099,-0.7321685472637932,-1.3528286983107507,-0.2862227858405282,-0.448840246502505,-0.24318664449800542,0.10153914919796193,-0.5264628207773835,0.0,-1.0,0.0,0.0,-0.5,-0.5,-0.4,0.25,0.0,-0.5,1,0,0,0,0,0,0,0,1,0,0,0,0,1,0,0
5955,0.4444444444444444,0.6695402298850575,-0.44,0.07692307692307693,-0.5,-0.6018518518518519,0.5171035823603463,0.5853386016952513,1.0929132564250512,0.519498441434142,0.46912667204124586,0.7985294989557575,0.9659795543721166,0.9531986810242506,1.2849691208129617,-1.0,-1.0,0.0,-0.5,0.0,0.25,0.6,-0.75,0.0,0.5,0,0,0,1,0,0,0,0,1,0,0,0,0,0,0,1
2928,-0.2777777777777778,0.6293103448275862,0.28,0.07692307692307693,0.25,-0.2407407407407407,0.03652841516753017,0.3382763679982518,0.644138951766827,0.5014657799621002,-0.7755238700769802,0.2839520953418783,0.0,0.03718763921497886,0.2554981117643361,0.0,-1.0,0.0,0.0,-0.5,0.5,0.6,0.5,2.0,-0.5,0,0,1,0,0,0,0,0,1,0,0,0,0,0,0,1
5680,-0.7777777777777778,-0.8275862068965517,0.34,-0.7692307692307693,-0.5,0.1925925925925927,-0.5576687653888975,-0.9429471116559227,-0.8466829546908915,-0.9205531871755583,-0.20746290290324726,-0.8174977601529947,-1.007628303794069,-0.08870296647731721,-1.0529256415547674,0.0,0.0,0.0,-0.5,-0.75,-0.5,-0.4,0.0,-1.0,-0.5,0,1,0,0,0,0,0,0,1,0,0,0,0,0,0,1
10313,-0.2777777777777778,0.7270114942528736,0.4,0.07692307692307693,1.0,1.2037037037037037,-0.0982633385677941,-0.16369620133645413,-0.2491129742641324,-0.029814245375839658,-0.20746290290324726,-0.1493095574899771,-0.24318664449800542,-0.3877619350384901,0.2554981117643361,1.0,1.0,0.0,2.0,0.25,-0.25,-0.2,0.5,0.0,-0.5,0,1,0,0,0,0,1,0,0,0,0,0,0,0,0,1
2557,0.0,-0.14942528735632185,0.06,-0.7692307692307693,-1.0,0.1925925925925927,-0.8464193844799874,-0.9550724787901951,-0.8663688591569083,-1.026503739190463,-0.5308733279587541,-0.8685062832737553,-0.4630290774619893,-0.5308733279587541,-0.4217083823231789,0.0,-1.0,1.0,-0.5,-0.75,-0.25,-0.6,-0.5,1.0,0.0,0,0,1,0,0,0,0,0,1,0,0,0,1,0,0,0
1245,0.2222222222222222,0.6867816091954023,-0.08,0.6153846153846154,0.75,0.0418679549114332,0.33177362315451936,0.4585730382656987,0.6192084260307535,0.5724901536803146,0.1297907130420535,0.503405119408209,0.10538624670896068,0.1297907130420535,0.8078852716255311,0.0,-1.0,1.0,1.0,0.0,0.25,1.4,0.5,0.0,0.0,0,0,1,0,0,0,0,0,1,0,0,0,0,0,0,1
1519,-0.1111111111111111,0.04597701149425287,-0.94,-0.46153846153846156,0.5,0.9629629629629629,-0.4383342690500245,-0.6212005168944045,-0.6676784494336975,-0.4994620275582855,-0.20746290290324726,-0.41408934665237235,-0.4630290774619893,-0.2862227858405282,-1.0529256415547674,1.0,0.0,1.0,0.5,-0.25,-0.5,-0.4,0.5,2.0,0.5,0,0,1,0,0,0,0,0,0,1,0,0,0,0,0,1
10703,-0.2777777777777778,0.9310344827586207,0.74,-0.3076923076923077,0.5,1.1380471380471382,-0.1658015079937494,-0.4393650836347412,-0.4858061320176991,-0.36741835673461465,-0.7755238700769802,-0.33894670494896506,-1.007628303794069,-0.7755238700769802,0.2252511961698712,1.0,0.0,0.0,1.0,-0.25,0.0,-0.6,0.5,1.0,-0.5,0,0,1,0,0,0,1,0,0,0,0,0,0,0,0,1
1726,0.0,0.3218390804597701,-0.52,-0.7692307692307693,0.25,0.1925925925925927,-1.2576593109950978,-0.5832399791825652,-0.2361580546978072,-1.2571159733443953,0.03718763921497886,-0.5527179709905995,0.02911296866803439,-0.3877619350384901,0.27004467885669003,-1.0,-2.0,2.0,-0.5,-0.75,-0.25,-0.6,0.75,0.0,0.5,0,0,1,0,0,0,0,0,1,0,0,0,1,0,0,0
4459,-1.0555555555555556,0.5459770114942529,-0.72,-0.7692307692307693,0.0,0.1925925925925927,-0.8090209797443741,-0.8676581388004984,-0.7228654408112252,-0.9205531871755583,-0.20746290290324726,-0.577371459454412,-0.37536818175688036,-0.20746290290324726,-1.451179391371804,0.0,-1.0,0.0,-0.5,-0.75,-0.5,-0.4,0.5,0.0,0.5,0,0,1,0,0,0,0,0,1,0,0,0,0,1,0,0
1729,0.5,-0.2471264367816092,-0.7,0.38461538461538464,0.0,-0.38518518518518513,0.3932607599600869,0.46018667238604416,0.7155829605080865,0.5942173641023368,0.36059806427048563,0.1396043502550648,0.3659582635642842,0.36059806427048563,1.0593249296141731,0.0,0.0,0.0,0.0,-0.25,0.75,1.0,0.0,2.0,0.5,0,0,0,1,0,0,0,0,1,0,0,0,0,0,0,1
1517,0.05555555555555555,0.06896551724137931,0.86,-0.7692307692307693,-0.25,0.1925925925925927,-0.7818206254522474,-0.7516705326433099,-0.5274958990790617,-1.2571159733443953,0.03718763921497886,-0.6037264941113603,-0.576043627965019,0.1297907130420535,-0.3757191474672522,0.0,-1.0,0.0,-0.5,-0.75,-0.5,-0.4,0.25,0.0,-0.5,0,0,1,0,0,0,0,0,1,0,0,0,0,1,0,0
2098,0.05555555555555555,0.5201149425287356,-0.22,-0.8461538461538461,0.0,0.48148148148148157,-0.6506236509249154,-1.143970975228957,-1.042052496423055,-0.8916042300028858,-0.7755238700769802,-0.9273913017065346,-1.007628303794069,-0.7755238700769802,-1.451179391371804,1.0,1.0,0.0,-0.5,-0.75,-0.5,-0.6,0.5,2.0,0.0,0,1,0,0,0,0,0,0,1,0,0,0,0,0,0,1
9543,-0.8333333333333334,-0.3706896551724138,0.5,-0.8461538461538461,-0.5,0.48148148148148157,-1.4447440013586985,-1.0533270027820778,-0.8970108754924192,-1.2571159733443953,-0.08870296647731721,-0.9273913017065346,-1.007628303794069,-0.3877619350384901,-0.731393516412085,0.0,0.0,0.0,-0.5,-1.0,-0.5,-0.4,0.25,0.0,-0.5,0,1,0,0,0,0,0,0,1,0,0,1,0,0,0,0
6878,0.8888888888888888,0.5977011494252874,-0.7,-0.07692307692307693,0.5,0.2751322751322751,-0.9607444310514038,-0.07399919628493155,-0.005883905728002534,-0.4593287188676936,0.1297907130420535,0.1356864032043119,0.7088887554180855,0.5352041322794227,0.46336773303902573,-1.0,-2.0,0.0,0.5,0.0,-0.25,0.2,0.25,0.0,0.5,0,0,0,0,1,0,0,0,1,0,0,0,0,1,0,0
3310,-0.16666666666666666,0.9195402298850575,0.9,0.07692307692307693,0.75,1.564814814814815,-0.5574972331377399,-0.2319881136804578,-0.3669205714797708,-0.28636452812991303,-0.2862227858405282,0.111295365103796,0.0,-0.5308733279587541,0.15951573240067232,2.0,2.0,0.0,2.5,0.0,-0.25,-0.2,0.5,-1.0,-0.5,0,1,0,0,0,0,1,0,0,0,0,0,0,1,0,0
2724,-0.6111111111111112,-0.7614942528735632,-0.32,-0.8461538461538461,-1.5,0.48148148148148157,-0.5381098571689577,-1.1050096505306226,-0.9802720925656272,-0.864973770899795,-0.7755238700769802,-1.347057338477785,-1.007628303794069,-0.7755238700769802,-0.731393516412085,0.0,-1.0,0.0,-0.5,-1.0,-0.25,-0.6,-0.75,1.0,0.0,0,0,1,0,0,0,0,0,1,0,0,0,0,0,0,1
948,-0.05555555555555555,0.15517241379310345,-0.34,-0.5384615384615384,-0.75,1.2037037037037037,-2.4673276589094764,-0.8306482200332561,-0.9373662800770546,-1.1828754161455015,-0.041572243722302185,-0.8174977601529947,-0.24318664449800542,-0.20746290290324726,-0.3331397665950483,0.0,-1.0,0.0,0.5,-0.75,0.0,-0.6,-0.25,0.0,0.0,0,0,1,0,0,0,1,0,0,0,0,0,1,0,0,0
6720,0.1111111111111111,-0.28735632183908044,-0.76,0.15384615384615385,1.25,0.05664488017429206,-0.24423097661124074,0.08008661277138109,0.14029320170474993,0.19555846117626036,0.10153914919796193,-0.0880592281640338,-0.37536818175688036,-0.2862227858405282,0.8407261361399979,0.0,0.0,2.0,0.5,0.75,0.25,-0.2,0.25,1.0,0.5,0,0,0,1,0,0,0,0,0,1,0,0,0,0,0,1
6202,0.5555555555555556,0.7931034482758621,0.58,0.8461538461538461,-0.75,-0.07407407407407397,0.32145025156056656,0.3438316637487549,0.3310931073932604,0.3940379518847716,0.6122380649615098,0.2839520953418783,0.3776858598750006,0.6122380649615098,1.0665521784907634,0.0,0.0,0.0,1.0,0.0,0.75,1.6,-1.0,0.0,-0.5,0,0,0,1,0,0,0,0,1,0,0,0,0,0,0,1
2066,1.1666666666666667,0.896551724137931,0.14,-0.6153846153846154,-0.25,-0.13756613756613756,-0.4286462368574339,-0.4581720465193257,-0.23278215967185384,-0.3001335189415751,-0.7755238700769802,-0.6626115125441394,-0.576043627965019,0.0,-0.02345463250614205,0.0,0.0,0.0,-0.5,-0.5,-0.25,-0.4,0.0,0.0,0.0,0,0,0,1,0,0,0,0,1,0,0,0,0,0,0,1
9799,0.1111111111111111,0.1752873563218391,0.16,0.3076923076923077,-0.5,-0.050682261208576995,0.7463428399030845,0.4009401402512913,0.6426450592491314,0.5324091773730915,0.3154784929617928,0.3072675912337357,0.31519804194714235,0.3154784929617928,0.7164932658922031,1.0,0.0,0.0,0.5,-0.5,0.0,1.4,-0.25,2.0,0.0,1,0,0,0,0,0,0,0,1,0,0,0,0,0,0,1
8318,-0.5,-0.514367816091954,-0.84,0.3076923076923077,-0.75,-0.9629629629629629,0.8631524589188779,0.5462284550809394,0.9061253112717528,0.4071539123351625,0.955822902212223,0.9354026494535863,0.3776858598750006,0.955822902212223,0.4835297564776514,-1.0,-1.0,1.0,-1.0,0.25,1.0,0.6,-1.25,0.0,0.5,0,0,0,1,0,0,0,0,1,0,0,0,0,1,0,0
5642,-0.5,-0.4425287356321839,-0.98,-0.23076923076923078,-0.5,0.0,0.30000466694718514,-0.21328207420179113,-0.15092552665863845,-0.07187255341884476,-0.20746290290324726,-0.03528628394443194,-1.007628303794069,0.15594757564090878,-0.9247165705944205,0.0,0.0,0.0,0.0,-0.25,-0.25,0.2,-0.5,1.0,0.5,0,0,0,1,0,0,0,0,1,0,0,0,0,0,0,1
2669,-1.2777777777777777,-0.8620689655172413,0.34,0.07692307692307693,-0.5,-0.6018518518518519,0.5645496227639842,0.3861594011730854,0.7308446398745185,0.25445240570144295,0.9999999999999999,0.6102789101470758,0.7771837049801891,0.8204690990142031,0.6824857843071304,-1.0,-2.0,0.0,-0.5,0.25,0.5,0.2,-1.0,0.0,-0.5,0,0,1,0,0,0,0,0,1,0,0,0,0,0,0,1
455,1.3333333333333333,0.23275862068965517,0.74,-0.38461538461538464,0.25,-0.38518518518518513,-0.010791703768222647,-0.2354932637705041,-0.0720990404885323,-0.17635161640709132,0.03718763921497886,-0.023158392665809147,-0.576043627965019,0.03718763921497886,0.0,-1.0,-1.0,0.0,-0.5,0.0,-0.25,-0.2,0.0,2.0,-0.5,0,1,0,0,0,0,0,0,0,1,0,0,0,0,0,1
7683,0.1111111111111111,-0.6666666666666666,0.62,0.6153846153846154,-0.25,-0.20933977455716585,0.49035436365143176,0.25351428930570863,0.2505173925475752,0.38400000656442257,0.48930108423645197,0.19737404968019573,-1.007628303794069,-0.041572243722302185,0.6610711797971361,0.0,0.0,0.0,0.5,0.25,0.25,1.4,-0.75,1.0,-0.5,0,1,0,0,0,0,0,0,1,0,0,0,0,0,0,1
3428,-1.1666666666666667,-0.25862068965517243,0.14,0.6923076923076923,-0.75,-0.7222222222222222,0.4443721626273656,0.5151912667079268,0.6931798141883886,0.5521500153363361,-0.7755238700769802,0.7666780171145301,0.8014911666123883,0.436522943019284,0.3503461201575912,-1.0,-1.0,0.0,-0.5,0.0,1.75,1.0,-1.0,2.0,0.0,0,0,0,1,0,0,0,0,1,0,0,0,0,0,0,1
7414,-0.05555555555555555,0.8505747126436781,-0.62,-0.23076923076923078,0.5,0.9629629629629629,-0.24321796216115701,-0.2783885677603167,-0.2643746536305641,-0.19631979589425674,-0.5308733279587541,-0.17507188995082262,0.0,-0.2862227858405282,0.15951573240067232,1.0,1.0,0.0,1.0,-0.25,-0.25,-0.2,0.5,0.0,0.5,0,1,0,0,0,0,0,0,1,0,0,0,0,0,0,1
6354,-0.7777777777777778,0.8936781609195402,0.04,-0.6923076923076923,0.0,0.9629629629629629,-1.849108828963411,-0.7812695708022587,-0.6887053969097824,-1.1222164641568182,-0.3877619350384901,-0.5295595783247905,-0.4630290774619893,-0.3877619350384901,-0.12820907096034687,0.0,0.0,1.0,0.0,-0.75,-0.25,-0.6,0.5,0.0,0.0,0,0,0,1,0,0,0,0,1,0,0,0,1,0,0,0
798,-0.9444444444444444,0.5632183908045977,0.44,-0.7692307692307693,-0.25,0.1925925925925927,-1.2006658139821003,-0.9805853917736835,-0.9075400189758707,-1.3528286983107507,-0.7755238700769802,-0.8685062832737553,-0.1444589521359689,-0.08870296647731721,-0.8199621321402158,0.0,-1.0,0.0,-0.5,-0.75,-0.5,-0.4,0.25,0.0,-0.5,0,0,1,0,0,0,0,0,1,0,1,0,0,0,0,0
8213,-0.5555555555555556,0.6925287356321839,0.44,-0.3076923076923077,0.0,1.1380471380471382,-1.9342024307655636,-0.5211182218375319,-0.623237841157808,-1.0709300510135173,-0.20746290290324726,-0.7322577070632672,-0.24318664449800542,0.49897171996375944,0.20950887690840939,0.0,0.0,1.0,1.0,-0.5,0.0,-0.4,0.25,-1.0,-0.5,0,0,0,1,0,0,1,0,0,0,0,0,0,0,1,0
2488,0.7777777777777778,0.3074712643678161,0.62,-0.38461538461538464,-0.25,1.3481481481481483,-0.7536322721825277,-0.6691541525476836,-0.8089445712674348,-0.6609919958489534,-0.5308733279587541,-0.36725569010023346,-1.007628303794069,0.0,-0.6546718917377307,1.0,0.0,0.0,1.0,-0.5,-0.25,-0.4,0.0,-1.0,-0.5,1,0,0,0,0,0,1,0,0,0,0,0,0,1,0,0
9999,0.2777777777777778,0.8160919540229885,-0.94,0.6153846153846154,1.25,-0.7117552334943639,0.584665464286797,0.3564783968017203,0.43511211696988383,0.41598237399211097,0.8704655164602081,0.23560557943114058,0.9280201559679603,0.5520147438379108,-0.07344777701387911,-1.0,-1.0,0.0,-0.5,1.25,0.5,0.8,-0.25,0.0,0.5,0,0,0,1,0,0,0,0,0,1,0,0,0,0,0,1
7617,-0.2222222222222222,-0.10919540229885058,0.68,-0.15384615384615385,-0.5,1.2592592592592595,-0.29474462804991275,-0.3269206910990023,-0.3987213109936819,-0.31449703550247415,-0.14311139292026412,-0.03528628394443194,-0.4630290774619893,0.0,-0.12820907096034687,1.0,0.0,0.0,1.5,-0.5,-0.25,0.0,-0.25,0.0,-0.5,0,0,1,0,0,0,0,0,1,0,0,0,0,0,0,1
615,0.5555555555555556,0.34195402298850575,-0.4,-0.3076923076923077,0.75,-0.43771043771043766,-0.7975409011644277,-0.05298899983164136,0.1893029551285687,-0.32442920968011657,0.49897171996375944,0.03742817196010557,0.43158467582904997,0.29905896856117287,0.8564684554014595,-1.0,-1.0,0.0,-0.5,0.25,-0.25,-0.2,0.25,0.0,0.5,0,0,0,1,0,0,0,0,0,1,0,0,1,0,0,0
2552,0.8333333333333334,-0.3045977011494253,-0.76,0.6923076923076923,1.0,1.2037037037037037,0.118828673254156,0.04386541258361896,-0.14802950456879108,0.28888620728020964,-0.7755238700769802,-0.352839017326429,-1.007628303794069,-0.7755238700769802,-0.9247165705944205,2.0,1.0,2.0,3.5,0.5,0.25,0.2,0.25,2.0,0.5,0,0,1,0,0,0,1,0,0,0,0,0,0,0,0,1
194,0.2777777777777778,-0.9655172413793104,0.12,-0.7692307692307693,-0.5,0.1925925925925927,-0.10373655821548579,-0.8306482200332561,-0.6610850369537974,-0.6609919958489534,-0.7755238700769802,-0.6626115125441394,-0.4630290774619893,-0.3877619350384901,-1.2182158819572526,1.0,1.0,0.0,-0.5,-0.75,-0.5,-0.4,0.0,0.0,0.0,0,1,0,0,0,0,0,0,1,0,0,0,0,0,0,1
3645,-0.1111111111111111,0.896551724137931,-0.6,-0.46153846153846156,0.25,0.9629629629629629,-0.9723967501360047,-0.636504379395119,-0.692990055607816,-0.7216509478376368,-0.2862227858405282,-0.352839017326429,-0.06562641226476575,0.03718763921497886,-1.0529256415547674,0.0,-1.0,1.0,0.5,-0.5,-0.5,-0.2,0.5,2.0,0.5,0,0,1,0,0,0,0,0,1,0,0,0,0,1,0,0
8890,-0.05555555555555555,-0.9367816091954023,-0.96,-0.07692307692307693,0.5,0.2751322751322751,0.3789564219090875,-0.13847343396675427,-0.11933303269992819,-0.03823755925042063,-0.041572243722302185,0.06682701944482146,0.02911296866803439,-0.041572243722302185,-0.471701526830916,1.0,0.0,0.0,0.5,0.25,-0.25,0.0,0.0,2.0,0.5,1,0,0,0,0,0,0,0,0,1,0,0,0,0,0,1
5049,-0.2222222222222222,0.09195402298850575,-0.6,-0.6923076923076923,0.75,0.0,-0.8053863796083087,-0.7890549229015935,-0.7016413337602555,-0.8173636728039921,-0.7755238700769802,-0.38223786481114475,-0.4630290774619893,-0.2862227858405282,-1.2182158819572526,0.0,0.0,0.0,-0.5,-0.25,-0.5,-0.6,0.75,2.0,0.5,0,0,0,1,0,0,0,0,0,1,0,0,0,1,0,0
9973,0.3888888888888889,0.7586206896551724,-0.42,0.3076923076923077,1.25,-0.050682261208576995,-0.02813940743331825,0.07858339701925779,0.0647580765050535,0.24999848206931008,0.03718763921497886,0.11959996366442333,-0.24318664449800542,0.03718763921497886,-0.9247165705944205,1.0,1.0,0.0,0.5,0.75,-0.25,0.6,0.25,0.0,0.5,0,1,0,0,0,0,0,0,1,0,0,0,0,0,0,1
7301,-0.6666666666666666,0.6695402298850575,0.54,-0.5384615384615384,0.5,0.48148148148148157,-1.1893489750054798,-0.592371074363497,-0.5474939690991476,-1.1828754161455015,0.33116801477775093,-0.6626115125441394,-0.4630290774619893,-0.041572243722302185,0.15951573240067232,0.0,-1.0,1.0,0.0,-0.25,-0.5,-0.4,0.5,-1.0,-0.5,0,0,1,0,0,0,0,0,0,1,0,0,1,0,0,0
10882,-0.3333333333333333,0.6925287356321839,0.02,0.15384615384615385,-0.25,0.3965141612200436,0.07229046508037977,0.3091745273136029,0.5510802375643038,0.2816269419929676,0.6324124771567161,0.4519666620960287,0.5942131229410537,0.9953557734700369,0.04421863650592419,0.0,0.0,0.0,1.0,0.0,0.25,0.2,-0.5,0.0,0.0,0,1,0,0,0,0,0,0,1,0,0,0,0,0,0,1
7030,0.8333333333333334,0.28735632183908044,-0.96,1.5384615384615385,2.0,-0.46772486772486765,0.3941589915939561,0.48808913584657143,0.3928448716660379,0.6408274264662012,-0.7755238700769802,0.42153399398368163,0.43158467582904997,0.42494957425346885,-0.2934993113628321,0.0,0.0,1.0,0.5,1.75,1.75,1.4,0.0,2.0,0.5,0,1,0,0,0,0,0,0,1,0,0,0,0,0,0,1
7422,-0.9444444444444444,0.9195402298850575,0.82,0.07692307692307693,0.75,0.12037037037037043,-0.13865582169429683,-0.02604556063165271,-0.008148047613421179,-0.23636516930573712,0.5680609671737329,-0.08104992162115524,0.813103203192443,0.7666995073589845,-0.731393516412085,0.0,-1.0,0.0,0.5,0.25,-0.25,0.4,0.25,0.0,-0.5,0,0,1,0,0,0,0,0,1,0,1,0,0,0,0,0
3523,0.4444444444444444,0.47701149425287354,0.68,0.3076923076923077,-0.25,-0.35477582846003897,0.5805125512830286,0.3680188971239626,0.5831397535024846,0.400945531353737,0.4793580006964157,0.5795133474700859,-1.007628303794069,0.33116801477775093,0.9292947518681286,0.0,0.0,0.0,0.0,0.25,0.5,0.6,-0.75,0.0,-0.5,0,0,0,1,0,0,0,0,1,0,0,0,0,0,0,1
7106,1.5,-0.764367816091954,0.48,0.3076923076923077,-1.25,-0.6588693957115009,0.5965931252782743,0.42205928295113254,0.6808606149330321,0.3384585356090084,-0.7755238700769802,0.8266399928119639,0.9786941043220889,-0.7755238700769802,-0.3757191474672522,-1.0,-1.0,0.0,-0.5,-0.25,0.75,1.0,-1.25,2.0,-0.5,0,1,0,0,0,0,0,0,1,0,0,0,0,1,0,0
6504,-0.2777777777777778,-0.3879310344827586,-0.5,-0.46153846153846156,-0.5,0.9629629629629629,-1.4599027580998192,-0.5970225893528761,-0.6274823309177929,-1.3528286983107507,-0.14311139292026412,-0.7322577070632672,0.31519804194714235,-0.08870296647731721,0.08527600666061479,0.0,0.0,1.0,0.5,-0.5,-0.25,-0.4,-0.25,-1.0,0.5,0,0,0,1,0,0,0,0,1,0,1,0,0,0,0,0
5067,-1.3333333333333333,-0.6350574712643678,-0.76,0.46153846153846156,-0.5,-0.6878306878306878,0.6803717154039457,0.4604549281582741,0.6834203260442641,0.5687268905317246,0.38776193503849,0.5447037646966097,0.5520822202293374,0.38776193503849,0.04421863650592419,-1.0,-1.0,4.0,-0.5,-0.5,1.25,1.2,-0.25,0.0,0.5,0,0,0,1,0,0,0,0,1,0,0,0,0,0,0,1
4216,-0.6111111111111112,0.39080459770114945,-0.32,0.8461538461538461,0.25,-0.7407407407407407,0.8760626173934248,0.48534160802715004,0.5857181347301705,0.5150810749223856,0.8992289819514839,0.18024129088648239,1.0324003962332995,0.9635804919344672,0.876808940934975,-1.0,-2.0,3.0,-0.5,0.75,1.75,0.8,-0.75,0.0,0.0,0,0,1,0,0,1,0,0,0,0,0,0,0,0,0,1
8581,-0.05555555555555555,0.35919540229885055,-0.9,1.0769230769230769,2.25,0.8301404853128992,-0.05668227526909748,0.23622222943265797,0.06746710635773204,0.4126990928079021,-0.7755238700769802,0.1511227049614788,0.16923104457519936,-0.7755238700769802,0.08527600666061479,1.0,1.0,0.0,3.5,1.5,0.0,0.6,0.5,1.0,0.5,0,1,0,0,0,0,0,0,0,1,0,0,0,0,0,1
5929,-0.16666666666666666,-0.867816091954023,-0.7,-0.6153846153846154,0.0,0.6878306878306878,-0.4857510461110059,-0.7736447529211181,-0.7682362874070394,-0.7216509478376368,-0.2862227858405282,-0.4674779179008721,-0.4630290774619893,-0.5308733279587541,-1.0529256415547674,0.0,0.0,0.0,0.0,-0.5,-0.5,-0.4,0.25,2.0,0.5,0,1,0,0,0,0,0,0,1,0,0,0,0,0,0,1
3129,-0.7222222222222222,-0.9137931034482759,-0.38,-0.6923076923076923,-0.25,0.0,-0.8182979619069767,-0.797007714698515,-0.714828469485766,-1.1222164641568182,-0.2862227858405282,-0.6626115125441394,0.0,-0.14311139292026412,-0.5264628207773835,0.0,0.0,0.0,-0.5,-0.5,-0.5,-0.4,0.0,0.0,0.5,0,1,0,0,0,0,0,0,1,0,1,0,0,0,0,0
6528,-0.6666666666666666,-0.9540229885057471,0.52,-0.8461538461538461,0.0,0.48148148148148157,-1.5636379439021424,-1.3260841332976208,-1.3174103999738638,-1.3528286983107507,-0.3877619350384901,-1.1921710908689298,-0.576043627965019,-0.5308733279587541,-1.451179391371804,0.0,0.0,0.0,-0.5,-0.75,-0.5,-0.6,0.5,1.0,-0.5,0,0,0,1,0,0,0,0,1,0,0,0,0,0,0,1
1361,-0.2222222222222222,0.09770114942528736,-0.46,0.07692307692307693,-1.25,-0.6018518518518519,0.7264592845400879,0.4754325080433138,0.8928794370795546,0.6045710550303725,0.7189299498162411,0.16230388822455682,0.3285161072382096,0.8204690990142031,0.5833096295721429,-1.0,-1.0,3.0,-0.5,-0.25,0.5,0.6,-1.25,1.0,0.5,0,1,0,0,0,0,0,0,1,0,0,0,0,0,0,1
6932,1.6111111111111112,0.2471264367816092,0.56,0.5384615384615384,0.0,-0.9629629629629629,0.9086839459708002,0.6194861306658572,0.9408021542353049,0.6635783591885431,0.5520147438379108,0.8998187567483791,0.5737121950001144,-0.7755238700769802,-0.07344777701387911,-1.0,-1.0,1.0,-1.0,0.75,2.0,0.0,-1.0,2.0,-0.5,0,1,0,0,0,1,0,0,0,0,0,0,0,0,0,1
7284,0.9444444444444444,-0.4281609195402299,-0.82,-0.8461538461538461,0.0,0.48148148148148157,-0.08221159697941768,-1.0869675081168189,-0.951369171036892,-0.9205531871755583,-0.7755238700769802,-0.8174977601529947,-0.576043627965019,-0.7755238700769802,-1.451179391371804,2.0,2.0,0.0,-0.5,-0.75,-0.5,-0.6,0.5,0.0,0.5,0,1,0,0,0,0,0,0,1,0,0,0,0,0,0,1
1340,-0.8888888888888888,-0.8333333333333334,-0.14,0.9230769230769231,-0.5,-0.7489711934156378,0.9067580125918812,0.5581548422327087,0.6921555762949028,0.3821967331710868,0.9635804919344672,0.9383039025548172,1.0324003962332995,0.8637423393967315,0.1766680123939431,-1.0,-1.0,3.0,-0.5,0.5,1.25,1.6,-1.25,0.0,0.0,0,1,0,0,0,0,0,0,1,0,0,0,0,1,0,0
8746,-1.0555555555555556,-0.7787356321839081,-0.42,0.3076923076923077,-0.25,-0.35477582846003897,0.5878539222090389,0.40563496292844925,0.651137660347415,0.5060663993312301,-0.7755238700769802,0.5644325802979867,-1.007628303794069,0.4793580006964157,0.4835297564776514,0.0,0.0,2.0,0.0,-0.5,0.75,1.0,0.0,0.0,0.5,0,1,0,0,0,0,0,0,1,0,0,0,0,0,0,1
5987,-1.0555555555555556,-0.8620689655172413,0.06,-0.6153846153846154,-0.75,0.6878306878306878,-2.443761410480651,-0.8134455571304952,-0.8329629698592529,-1.3528286983107507,-0.3877619350384901,-0.6626115125441394,-0.06562641226476575,-0.08870296647731721,-0.3757191474672522,0.0,0.0,0.0,0.0,-0.75,-0.5,-0.2,-0.25,-1.0,0.0,0,0,0,1,0,0,0,0,1,0,0,0,1,0,0,0
3767,0.1111111111111111,0.21264367816091953,-0.96,0.6923076923076923,-0.25,-0.48148148148148145,0.270710295692679,0.34493277790964355,0.3861097802563074,0.2570964179736899,-0.7755238700769802,0.392507644323463,0.7935546279640983,1.0433619562618106,1.1114354289630752,0.0,0.0,0.0,0.0,0.25,0.75,1.4,-0.75,0.0,0.5,0,1,0,0,0,0,0,0,1,0,0,0,0,0,0,1
3725,0.5,0.1724137931034483,-0.96,0.07692307692307693,-0.75,-0.6018518518518519,0.7681548853328651,0.5354403339377354,1.00203068909792,0.6538656255056249,0.2244761299230198,0.6258727687176752,0.4789728140673139,0.2244761299230198,-0.22158573742309376,-1.0,-2.0,5.0,-0.5,-0.5,0.5,0.8,-0.5,2.0,0.5,0,0,1,0,0,0,0,0,1,0,0,0,0,0,0,1
4324,-1.0555555555555556,0.7241379310344828,-0.14,0.46153846153846156,1.75,0.4126984126984127,-0.294239091365144,0.20171430360098272,0.21801172436818056,0.09949348299904068,-0.7755238700769802,0.47532743701226826,0.16923104457519936,-0.20746290290324726,1.1713066169449684,0.0,0.0,0.0,1.5,1.0,-0.25,0.4,0.5,0.0,0.0,0,1,0,0,0,0,0,0,0,1,0,0,0,0,0,1
238,0.16666666666666666,0.47701149425287354,0.54,1.8461538461538463,1.75,1.2592592592592595,0.4134695945693009,0.3711047890163682,0.1125717513566567,0.359758808189705,0.590840233434414,0.37607515426619126,0.9607762292753982,0.83549077555264,0.7730528671279314,1.0,1.0,0.0,6.5,1.25,1.0,0.8,0.25,-1.0,-0.5,0,0,0,1,0,0,1,0,0,0,0,0,0,0,0,1
6694,0.3333333333333333,-0.40229885057471265,-0.44,0.7692307692307693,0.75,-0.7318518518518518,0.5838520553567593,0.36629331972397894,0.3973868758363738,0.3059915367654268,0.7085481389060245,0.6778350913071314,0.0,0.5175526480805436,0.876808940934975,0.0,0.0,0.0,-0.5,1.0,0.25,1.6,-0.5,0.0,0.5,0,1,0,0,0,0,0,0,1,0,0,0,0,0,0,1
498,0.0,-0.6005747126436781,-0.42,-0.6153846153846154,-0.75,0.6878306878306878,-0.8224221903333238,-0.7112896646823601,-0.6653163039185653,-0.6343615367458626,-0.7755238700769802,-0.41408934665237235,-0.576043627965019,-0.2862227858405282,-0.8199621321402158,0.0,-1.0,0.0,0.0,-0.75,-0.5,-0.2,-0.25,0.0,0.5,0,0,1,0,0,0,0,0,1,0,0,0,0,0,0,1
9347,0.7777777777777778,0.04885057471264368,0.0,-0.7692307692307693,-0.75,0.1925925925925927,-0.01286307500261396,-0.7890549229015935,-0.5910109556060998,-0.5652792708825982,-0.7755238700769802,-0.8174977601529947,-0.576043627965019,-0.7755238700769802,-0.731393516412085,0.0,0.0,0.0,-0.5,-0.75,-0.5,-0.4,-0.25,1.0,0.0,0,0,0,1,0,0,0,0,1,0,0,0,0,0,0,1
9699,0.2222222222222222,-0.47701149425287354,-0.74,0.6153846153846154,0.5,-0.20933977455716585,0.4126281270399285,0.22726320418274765,0.2036632192224332,0.2381312688930306,0.48930108423645197,0.5295595783247905,0.31519804194714235,0.4129838139810195,-0.2934993113628321,0.0,-1.0,0.0,0.5,0.5,0.0,1.4,-0.25,0.0,0.5,1,0,0,0,0,0,0,0,1,0,0,0,0,0,0,1
10664,1.1666666666666667,-0.1752873563218391,-0.7,0.15384615384615385,2.0,-0.28322440087145967,0.004640005618323749,0.06084238700467061,0.10609080040599272,0.2758692658257578,-0.20746290290324726,-0.24294547577288908,-0.24318664449800542,-0.7755238700769802,-0.047907629659445665,0.0,-1.0,0.0,0.0,1.25,-0.25,0.0,0.5,1.0,0.5,0,0,0,0,1,0,0,0,0,1,0,0,0,0,0,1
5455,-0.05555555555555555,-0.12931034482758622,0.8,-0.38461538461538464,0.0,0.7703703703703704,-0.723896710088196,-0.43330280744213806,-0.4159150433017064,-0.18618592233087805,-0.7755238700769802,-0.5527179709905995,-0.576043627965019,-0.5308733279587541,-0.8199621321402158,0.0,0.0,0.0,0.5,-0.5,-0.25,-0.2,0.25,2.0,-0.5,0,1,0,0,0,0,0,0,1,0,0,0,0,0,0,1
456,-0.8888888888888888,0.4339080459770115,0.94,-0.6153846153846154,0.25,0.6878306878306878,-2.944574468496162,-0.8775198049779676,-0.9353892302064462,-1.4877282074983278,0.10153914919796193,-0.9273913017065346,-0.37536818175688036,-0.08870296647731721,-0.5264628207773835,0.0,0.0,0.0,0.0,-0.5,-0.5,-0.4,0.5,-1.0,-0.5,0,1,0,0,0,0,0,0,1,0,0,1,0,0,0,0
5012,-1.0555555555555556,0.011494252873563218,0.14,-0.7692307692307693,0.0,0.1925925925925927,-0.8914605042037902,-0.8980690116780572,-0.7731933616127528,-1.1222164641568182,-0.20746290290324726,-0.6037264941113603,-0.1444589521359689,-0.7755238700769802,-0.9247165705944205,0.0,0.0,0.0,-0.5,-0.75,-0.5,-0.4,0.5,0.0,0.0,0,1,0,0,0,0,0,0,1,0,0,0,0,1,0,0
7495,1.2222222222222223,-0.47413793103448276,0.46,-0.38461538461538464,-0.75,0.1925925925925927,0.13805678648898262,-0.3430511857650126,-0.26027122029458216,-0.26884979340435305,0.4129838139810195,-0.28793818182820424,0.10538624670896068,-0.7755238700769802,-0.9247165705944205,0.0,0.0,0.0,0.0,-0.5,-0.25,0.0,-0.5,2.0,-0.5,0,1,0,0,0,0,0,0,1,0,0,0,0,0,0,1
5029,1.3333333333333333,-0.08333333333333333,-0.7,-0.8461538461538461,-1.0,0.48148148148148157,-1.5964262233514876,-1.211391766873758,-1.1467387127690556,-1.2571159733443953,-0.5308733279587541,-1.1921710908689298,-0.37536818175688036,-0.2862227858405282,-1.451179391371804,-1.0,-1.0,0.0,-0.5,-1.0,-0.5,-0.4,-0.25,0.0,0.5,0,1,0,0,0,0,0,0,1,0,1,0,0,0,0,0
10642,-1.0555555555555556,0.5459770114942529,-0.72,-0.7692307692307693,0.0,0.1925925925925927,-0.8090209797443741,-0.8676581388004984,-0.7228654408112252,-0.9205531871755583,-0.20746290290324726,-0.577371459454412,-0.37536818175688036,-0.20746290290324726,-1.451179391371804,0.0,-1.0,0.0,-0.5,-0.75,-0.5,-0.4,0.5,0.0,0.5,0,0,1,0,0,0,0,0,1,0,0,0,0,1,0,0
2106,-0.2222222222222222,-0.7241379310344828,1.0,-0.7692307692307693,0.0,0.1925925925925927,-1.4337577149889476,-0.8980690116780572,-0.7731933616127528,-1.7183404416522603,-0.08870296647731721,-1.0822775493153898,-0.19072946429594947,-0.08870296647731721,-0.3757191474672522,-1.0,-1.0,0.0,-0.5,-0.75,-0.5,-0.4,0.5,-1.0,-0.5,0,1,0,0,0,0,0,0,1,0,0,0,1,0,0,0
10364,0.6111111111111112,-0.014367816091954023,0.46,-0.8461538461538461,0.0,0.48148148148148157,-1.2102922423274514,-1.0869675081168189,-0.951369171036892,-1.7183404416522603,-0.7755238700769802,-1.347057338477785,-0.576043627965019,0.1297907130420535,-0.8199621321402158,-1.0,-2.0,0.0,-0.5,-0.75,-0.5,-0.6,0.5,0.0,-0.5,1,0,0,0,0,0,0,0,1,0,0,0,0,0,1,0
5954,-0.1111111111111111,-0.2672413793103448,0.86,-0.3076923076923077,1.0,0.08754208754208763,-0.28592175641938417,-0.26671000036290915,-0.18834737959353062,-0.27314279653681545,0.18029903213524281,0.03742817196010557,0.02911296866803439,-0.14311139292026412,-0.471701526830916,0.0,-1.0,0.0,0.0,0.25,-0.5,-0.2,0.5,1.0,-0.5,1,0,0,0,0,0,0,0,0,1,0,0,0,0,0,1
1137,0.3333333333333333,-0.5,0.76,0.15384615384615385,-1.0,-0.6230936819172113,0.7014619980117328,0.4607229894717901,0.8254658916277645,0.2742057467271763,1.0782982005642399,0.7901027641121662,0.613697048238939,1.0091090506862161,0.2405736698080648,-1.0,-2.0,2.0,-0.5,0.0,0.75,0.4,-1.25,0.0,-0.5,0,0,1,0,0,0,0,0,1,0,0,0,0,1,0,0
2541,-0.3333333333333333,0.08333333333333333,-0.84,-0.6153846153846154,0.25,0.6878306878306878,-1.1629454996065387,-0.7736447529211181,-0.7682362874070394,-0.8173636728039921,-0.041572243722302185,-0.6626115125441394,-0.03144440163293923,-0.7755238700769802,-0.8199621321402158,0.0,0.0,0.0,0.0,-0.5,-0.5,-0.4,0.5,0.0,0.5,0,1,0,0,0,0,0,0,1,0,0,0,0,0,0,1
1142,0.9444444444444444,-0.47988505747126436,0.84,0.07692307692307693,-0.75,-0.2407407407407407,0.12394687315187435,0.028666400676434084,0.08868116723748833,0.05907086722362558,-0.041572243722302185,0.07614446889381445,0.3413974350728991,0.7085481389060245,0.20950887690840939,0.0,0.0,0.0,0.0,-0.25,0.0,0.8,-0.75,2.0,-0.5,0,1,0,0,0,0,0,0,1,0,0,0,0,0,0,1
2276,0.8333333333333334,0.1925287356321839,0.44,0.9230769230769231,-0.5,0.10699588477366255,0.18459436323314227,0.2896964603100034,0.20939475038210362,0.2998726861108509,0.2244761299230198,0.5952057730619398,0.4789728140673139,0.36059806427048563,0.1766680123939431,0.0,-1.0,0.0,1.5,0.0,1.25,1.2,-0.75,0.0,-0.5,0,0,1,0,0,0,0,0,1,0,0,0,0,0,0,1
2807,0.05555555555555555,0.40804597701149425,-0.5,0.9230769230769231,1.5,-0.32098765432098764,0.15357440351785112,0.34235839261354883,0.3034840708476372,0.4401323155749587,0.5175526480805436,0.33160680860721636,0.6199827071600946,0.590840233434414,0.2405736698080648,0.0,0.0,0.0,0.5,1.0,1.75,0.4,0.25,0.0,0.5,0,1,0,0,0,1,0,0,0,0,0,0,0,0,0,1
6471,-0.05555555555555555,-0.29022988505747127,-0.64,-0.6153846153846154,-0.5,-0.13756613756613756,-0.5344306290386965,-0.6987531907066324,-0.6444187735273732,-0.8173636728039921,-0.3877619350384901,-0.3000660731068272,-0.1444589521359689,-0.3877619350384901,-1.0529256415547674,0.0,-1.0,0.0,-0.5,-0.5,-0.5,-0.2,-0.25,1.0,0.5,0,0,1,0,0,0,0,0,1,0,0,0,0,1,0,0
6131,-0.5555555555555556,-0.41954022988505746,0.76,0.07692307692307693,-0.5,-0.2407407407407407,0.49147829919611496,0.031243348845721833,0.0932543572526546,-0.06952128478764265,0.7290150965998392,0.17316707966436307,0.677858529154613,0.28183818133320476,-0.02345463250614205,1.0,1.0,0.0,0.0,0.0,0.0,0.6,-0.75,-1.0,-0.5,0,1,0,0,0,0,0,0,1,0,0,0,0,0,0,1
6233,-0.3333333333333333,0.8735632183908046,-0.56,0.9230769230769231,1.75,-0.32098765432098764,0.3832061240870252,0.3311176923265764,0.28337057255735026,0.35456021606950916,0.28183818133320476,0.6419029454268044,0.2722996131660399,0.590840233434414,-0.5264628207773835,0.0,0.0,0.0,0.5,1.25,0.75,1.0,0.25,0.0,0.5,0,1,0,0,0,0,0,0,1,0,0,0,0,0,0,1
4148,-0.1111111111111111,0.9252873563218391,0.82,0.3076923076923077,1.0,1.165692007797271,-0.42215603405351215,-0.04765282403583709,-0.15737142326311268,-0.01957641832729037,0.36059806427048563,0.16230388822455682,0.0,-0.2862227858405282,0.31159714487129303,2.0,2.0,0.0,2.5,0.25,-0.25,0.2,0.5,0.0,-0.5,0,1,0,0,0,0,1,0,0,0,0,0,0,0,0,1
4947,0.2222222222222222,0.8505747126436781,-0.1,0.6923076923076923,0.5,-0.7222222222222222,0.8507647443468939,0.6088694043673477,0.8630601805205214,0.41379712392529866,0.36059806427048563,1.0172298203376573,1.069842552559374,1.0856136152542766,0.5489974231271681,-1.0,-2.0,3.0,-0.5,0.75,1.25,0.8,-0.5,-1.0,0.0,0,0,1,0,0,0,0,0,1,0,0,0,0,1,0,0
3225,-0.7777777777777778,0.28160919540229884,0.44,-0.07692307692307693,0.25,0.6878306878306878,-0.30075161277380275,-0.14807892378080717,-0.1361615506130685,-0.13395028421677588,0.10153914919796193,0.027103314012286557,-0.4630290774619893,0.2446505421182259,0.36270269768368657,0.0,0.0,2.0,1.0,0.0,-0.25,0.0,0.0,1.0,-0.5,0,1,0,0,0,0,0,0,1,0,0,0,0,0,0,1
7540,1.0,-0.9224137931034483,0.06,-0.15384615384615385,-1.25,-0.07407407407407397,-0.03230185744962643,-0.141192494495426,-0.07616633274668956,-0.06486801835351146,0.20307829839592387,-0.04149774582273409,0.25689194028030826,0.346189691316188,-0.8199621321402158,0.0,0.0,0.0,0.0,-0.5,-0.25,0.6,-1.0,0.0,0.0,0,1,0,0,0,0,0,0,1,0,0,0,0,0,0,1
10648,-0.6666666666666666,0.8218390804597702,0.58,0.3076923076923077,-0.25,-0.6588693957115009,0.3987340857642231,0.4357838400879753,0.7057123245020333,0.2742057467271763,0.8391483846971425,0.7201724517006157,1.1130145505030296,0.8391483846971425,0.15951573240067232,-1.0,-1.0,0.0,-0.5,0.25,1.25,0.2,-0.75,-1.0,-0.5,0,0,0,1,0,1,0,0,0,0,0,0,0,1,0,0
1992,0.3333333333333333,-0.5086206896551724,-0.94,0.07692307692307693,0.0,0.48148148148148157,0.2527091570575495,0.3001847006671815,0.5752818328115303,0.3642418825381418,-0.7755238700769802,0.509373935982823,0.3659582635642842,0.2244761299230198,0.56640962563556,0.0,0.0,2.0,1.0,-0.5,0.0,0.6,0.25,0.0,0.5,0,1,0,0,0,0,0,0,1,0,0,0,0,0,0,1
7851,1.1666666666666667,-0.21839080459770116,0.22,0.5384615384615384,-1.25,-0.7003367003367003,0.4770641062910769,0.3135887915854502,0.38754402820422673,-0.02568123413228979,-0.7755238700769802,0.503405119408209,1.0737907797784279,1.080141317670866,0.9154492937216816,-1.0,-2.0,0.0,-0.5,-0.25,1.25,1.2,-1.25,0.0,0.0,0,0,0,0,1,0,0,0,1,0,0,0,0,1,0,0
8594,0.6666666666666666,-0.5862068965517241,-0.48,-0.46153846153846156,0.0,0.32098765432098764,-0.025623127339206006,-0.3961497531725076,-0.28527218402175625,-0.14552373380004507,-0.7755238700769802,-0.8685062832737553,-0.576043627965019,-0.5308733279587541,-0.2934993113628321,0.0,-1.0,0.0,0.0,-0.25,-0.25,-0.4,0.0,2.0,0.5,0,0,0,0,1,0,0,0,0,1,0,0,0,0,0,1
7059,0.3888888888888889,-1.014367816091954,-0.04,0.3076923076923077,-1.25,-0.6588693957115009,0.6801807297728283,0.49056929649037156,0.8050370697042046,0.3384585356090084,0.7925370970967528,0.6759251048842254,1.085402816358483,0.7925370970967528,1.304283837344046,-1.0,-1.0,1.0,-0.5,-0.25,1.25,0.6,-1.25,0.0,0.0,0,1,0,0,0,0,0,0,1,0,0,0,0,0,0,1
2815,-0.2777777777777778,-0.6637931034482759,-0.06,-0.46153846153846156,0.5,0.32098765432098764,-0.6688692736405141,-0.4393650836347412,-0.35997556857747337,-1.026503739190463,-0.14311139292026412,-0.20269812873847687,0.12784066103007083,0.20307829839592387,0.2405736698080648,0.0,0.0,0.0,0.0,0.0,-0.5,-0.4,0.25,0.0,0.0,0,1,0,0,0,0,0,0,0,1,0,0,0,1,0,0
2416,0.05555555555555555,-0.6839080459770115,0.68,0.38461538461538464,-1.5,-0.674074074074074,0.39685052758135797,0.4354970695689098,0.6708782198495499,0.5014657799621002,0.37444125516027954,0.6964273976453236,0.10538624670896068,0.5175526480805436,-1.849433141188841,-1.0,-2.0,0.0,-0.5,-0.5,1.5,0.8,-1.25,2.0,-0.5,0,0,1,0,0,0,0,0,1,0,0,0,0,0,0,1
7999,0.8333333333333334,0.21839080459770116,-0.64,0.15384615384615385,-0.5,-0.6230936819172113,0.5843604866002368,0.5472901571189023,0.9828190085197237,0.6514595658917819,0.2446505421182259,0.6900225160525236,0.24085521153310066,0.4793580006964157,-0.1887448729086275,-1.0,-1.0,3.0,-0.5,0.25,1.0,0.0,-1.0,2.0,0.5,0,0,0,1,0,1,0,0,0,0,0,0,0,0,0,1
9213,0.0,0.7183908045977011,-0.72,-0.8461538461538461,0.0,0.48148148148148157,-0.7301721540523985,-1.187526030626249,-1.110020789569042,-1.1828754161455015,-0.5308733279587541,-0.9273913017065346,-0.576043627965019,-0.7755238700769802,-1.0529256415547674,0.0,-1.0,0.0,-0.5,-0.75,-0.5,-0.6,0.5,0.0,0.5,0,0,0,0,1,0,0,0,1,0,0,0,0,1,0,0
9697,1.0555555555555556,-0.6925287356321839,0.74,0.38461538461538464,1.0,-0.09629629629629628,0.07035706929157176,0.11580843537709383,0.09719302988646089,0.21703062894372183,0.5520147438379108,0.2416213964965861,0.31519804194714235,-0.14311139292026412,-0.8199621321402158,1.0,1.0,0.0,0.5,0.75,0.0,0.6,0.0,0.0,-0.5,0,1,0,0,0,0,0,0,1,0,0,0,0,0,0,1
3916,-0.05555555555555555,0.9396551724137931,0.86,0.7692307692307693,1.25,-0.2696296296296296,-0.06399513471352218,0.29894170599833986,0.2766689389983628,0.43141022293202524,0.0,0.3432185381585719,-0.03144440163293923,0.0,0.4933515120546405,0.0,0.0,0.0,0.5,0.75,0.25,1.4,0.25,2.0,-0.5,0,0,0,1,0,0,0,0,1,0,0,0,0,0,0,1
2021,-0.2777777777777778,0.2959770114942529,-0.04,1.3846153846153846,0.25,-0.26262626262626254,0.27425039169254817,0.4631268369344029,0.38706628203544197,0.3893519148890201,0.7576488544432298,0.6622809227452696,0.7376463687461494,1.0819748600999959,0.7359716976857932,0.0,0.0,0.0,1.0,0.5,2.0,1.6,-0.5,0.0,0.0,0,1,0,0,0,0,0,0,1,0,0,0,0,0,0,1
1581,-0.5555555555555556,-0.27011494252873564,-0.62,-0.8461538461538461,0.0,0.48148148148148157,-0.4855464760910288,-1.143970975228957,-1.042052496423055,-1.3528286983107507,-0.7755238700769802,-0.7725050540976793,-0.576043627965019,-0.3877619350384901,-1.0529256415547674,0.0,0.0,1.0,-0.5,-0.75,-0.5,-0.6,0.5,0.0,0.5,0,1,0,0,0,0,0,0,1,0,0,0,0,1,0,0
564,-0.6111111111111112,0.9712643678160919,0.64,1.1538461538461537,1.25,0.3851851851851853,0.15736887274597264,0.3055232468621486,0.1682615289531915,0.482845131113088,0.0,0.23560557943114058,-0.03144440163293923,0.0,-0.5869986227256642,0.0,0.0,2.0,2.5,1.0,1.0,0.8,0.0,2.0,-0.5,0,0,0,1,0,0,0,0,1,0,0,0,0,0,0,1
6619,-0.4444444444444444,0.5373563218390804,0.84,-0.6923076923076923,-0.25,0.9629629629629629,-0.44481391925765446,-0.8051353070497679,-0.7282767535132524,-0.6751517126322198,-0.5308733279587541,-0.6037264941113603,-0.37536818175688036,-0.7755238700769802,-0.9247165705944205,1.0,1.0,0.0,0.0,-0.75,-0.5,-0.4,0.25,0.0,-0.5,0,1,0,0,0,0,0,0,1,0,0,0,0,0,0,1
9081,-1.0,-0.9022988505747126,0.18,-0.7692307692307693,-0.75,0.1925925925925927,-1.404542425299943,-1.0079898207268727,-0.951369171036892,-1.1828754161455015,-0.5308733279587541,-0.8685062832737553,-0.37536818175688036,-0.5308733279587541,-0.5264628207773835,0.0,-1.0,0.0,-0.5,-0.75,-0.25,-0.6,-0.25,0.0,0.0,0,0,1,0,0,0,0,0,1,0,0,0,1,0,0,0
178,0.7777777777777778,0.40229885057471265,-0.18,0.8461538461538461,1.0,-0.07407407407407397,0.3001026073561772,0.33187779653212995,0.30968077524382404,0.3350036434355996,-0.7755238700769802,0.40046619236670716,0.8424885083022684,0.7530349832023729,0.8916052618716774,0.0,0.0,0.0,1.0,1.0,0.25,1.2,-0.25,0.0,0.0,0,1,0,0,0,0,0,0,1,0,0,0,0,0,0,1
916,-0.1111111111111111,-0.8764367816091954,0.36,-0.6923076923076923,-1.25,0.9629629629629629,-0.32130210118635566,-0.9312067425426861,-0.9327620851471012,-0.7054183076720079,-0.2862227858405282,-0.9970374962256624,-0.576043627965019,-0.7755238700769802,-1.2182158819572526,1.0,0.0,0.0,0.0,-0.75,-0.5,-0.4,-0.75,2.0,-0.5,0,0,1,0,0,0,0,0,1,0,0,0,0,0,0,1
5512,-0.3888888888888889,-0.9166666666666666,-0.6,0.15384615384615385,0.75,-0.6230936819172113,0.12765100421274017,0.09909189133729565,0.1741259061007,0.3157007345078198,-0.7755238700769802,-0.20269812873847687,-1.007628303794069,-0.20746290290324726,0.0,0.0,0.0,0.0,-0.5,0.75,-0.25,0.6,-0.25,1.0,0.5,0,1,0,0,0,0,0,0,1,0,0,0,0,0,0,1
8970,-0.1111111111111111,0.7413793103448276,0.88,0.3076923076923077,0.5,0.253411306042885,0.28798398232942224,0.10754461514962649,0.11613350191868295,0.2508940495726001,0.33116801477775093,-0.20269812873847687,-0.24318664449800542,-0.7755238700769802,0.7548113759840491,0.0,0.0,0.0,1.0,0.5,0.0,0.4,-0.25,2.0,-0.5,0,1,0,0,0,0,0,0,1,0,0,0,0,0,0,1
10581,-0.3888888888888889,0.7183908045977011,-0.16,0.46153846153846156,1.5,0.9629629629629629,-0.34053133296945454,0.09044142516361939,0.02039078911941252,0.15873968073508768,-0.041572243722302185,0.08524005308972735,0.08157014887009044,-0.7755238700769802,0.9012619380882784,0.0,0.0,0.0,2.5,0.75,0.25,-0.2,0.5,0.0,0.0,0,1,0,0,0,0,0,0,0,1,0,0,0,0,0,1
5300,-0.16666666666666666,-0.5028735632183908,0.22,-0.6923076923076923,0.0,0.0,-0.42321618553013063,-0.636504379395119,-0.44392380255390607,-0.7216509478376368,-0.041572243722302185,-0.4674779179008721,-1.007628303794069,-0.5308733279587541,0.0,0.0,0.0,0.0,-0.5,-0.5,-0.25,-0.6,0.25,1.0,0.0,0,1,0,0,0,0,0,0,0,1,0,0,1,0,0,0
5154,-0.1111111111111111,-0.09770114942528736,0.1,-0.6923076923076923,-0.25,0.0,-0.47113198514542937,-0.7309291770348686,-0.6044592396335859,-0.6218052116277316,-0.2862227858405282,-0.6037264941113603,-0.576043627965019,0.07082795084356677,-1.849433141188841,0.0,-1.0,0.0,-0.5,-0.5,-0.5,-0.4,0.0,1.0,0.0,1,0,0,0,0,0,0,0,1,0,0,0,0,0,0,1
8346,-0.2222222222222222,0.9281609195402298,-0.46,-0.23076923076923078,1.5,0.0,-0.7133203935184957,-0.10731475382565012,0.03568110444759999,-0.07662553606130001,0.20307829839592387,-0.24294547577288908,0.2722996131660399,0.10153914919796193,0.6156877000947116,0.0,-1.0,2.0,0.0,0.5,0.0,-0.6,0.75,0.0,0.5,0,0,1,0,0,0,0,0,0,1,0,0,0,0,0,1
1676,-0.2777777777777778,-0.3275862068965517,-0.38,0.0,0.0,0.5777777777777778,-0.2702387289978676,-0.14669134029227515,-0.1781648736643476,0.06693655571061849,-0.3877619350384901,-0.15770542268316173,-1.007628303794069,-0.3877619350384901,-0.8199621321402158,0.0,0.0,0.0,1.0,0.0,0.0,0.0,-0.25,0.0,0.5,0,1,0,0,0,0,0,0,1,0,0,0,0,0,0,1
9286,0.5555555555555556,0.7787356321839081,0.88,0.3076923076923077,-0.25,-0.6588693957115009,0.7369303557184441,0.23425000840680904,0.3423360413690691,0.2816269419929676,0.4129838139810195,0.1511227049614788,0.8763754792645375,0.7483599993089757,-0.15768008000897207,-1.0,-1.0,0.0,-0.5,0.25,1.75,-0.2,-0.75,1.0,-0.5,0,0,0,1,0,1,0,0,0,0,0,0,0,0,0,1
2426,0.3333333333333333,0.853448275862069,-0.28,1.0769230769230769,-0.25,-0.7637292464878672,0.6551668310433534,0.30101104864413064,0.18252170961147318,0.3384585356090084,0.7483599993089757,0.20071028476214547,1.0099459819121892,0.5083844410841468,-0.15768008000897207,-1.0,-2.0,1.0,-0.5,0.25,2.0,1.6,-0.75,2.0,0.0,1,0,0,0,0,0,0,0,1,0,0,0,0,0,0,1
5172,-0.3333333333333333,-0.3706896551724138,-0.9,0.15384615384615385,0.25,-0.28322440087145967,0.3624969239322302,0.36106774196494423,0.644853351383672,0.4792628286541297,-0.7755238700769802,0.4704404216752095,0.02911296866803439,0.29905896856117287,0.40963152180849455,0.0,0.0,0.0,0.0,-0.25,0.75,0.4,0.25,1.0,0.5,0,0,0,1,0,0,0,0,1,0,0,0,0,0,0,1
5562,-0.2222222222222222,0.034482758620689655,0.86,0.46153846153846156,1.0,-0.4126984126984127,0.23992769871747524,0.22826943763573657,0.265443623079861,0.3512693571264393,0.1297907130420535,0.18372986754124002,0.10538624670896068,-0.08870296647731721,0.7423204773095036,0.0,0.0,0.0,0.0,0.75,0.0,1.0,0.0,0.0,-0.5,0,1,0,0,0,0,0,0,1,0,0,0,0,0,0,1
3436,0.05555555555555555,-0.5804597701149425,-0.5,-0.7692307692307693,-0.25,0.1925925925925927,-1.9845727008226415,-1.0869675081168189,-1.0751866849165583,-0.8916042300028858,-0.7755238700769802,-0.9273913017065346,-0.576043627965019,-0.5308733279587541,-1.451179391371804,0.0,0.0,0.0,-0.5,-0.75,-0.5,-0.4,0.25,0.0,0.5,0,1,0,0,0,0,0,0,1,0,0,0,0,0,0,1
3921,1.0,0.7270114942528736,0.94,-0.38461538461538464,0.75,-0.38518518518518513,-0.903992720494112,-0.24260483997896723,-0.08461766502666489,-0.6474103906387431,-0.5308733279587541,0.18024129088648239,0.3285161072382096,0.42494957425346885,-0.2934993113628321,-1.0,-2.0,0.0,-0.5,0.0,-0.25,-0.2,0.5,-1.0,-0.5,0,0,0,0,1,0,0,0,0,1,0,0,0,1,0,0
3403,0.6666666666666666,0.8247126436781609,-0.76,0.46153846153846156,-0.25,-0.4126984126984127,0.6576304892008529,0.6147462863876779,0.9634545791607374,0.6324112156376943,0.28183818133320476,0.8285708974561522,0.8014911666123883,0.7576488544432298,0.9689352071003449,0.0,0.0,0.0,0.0,-0.5,0.75,1.4,0.0,2.0,0.5,0,0,0,1,0,0,0,0,1,0,0,0,0,0,0,1
22,-0.3333333333333333,0.6235632183908046,1.0,-0.07692307692307693,1.25,-0.13756613756613756,-0.15877978836317874,-0.09147286730960773,-0.03671141379797186,0.020281815418667963,-0.3877619350384901,0.1028062048829766,0.08157014887009044,-0.14311139292026412,-0.2934993113628321,0.0,-1.0,0.0,0.0,0.5,-0.25,0.0,0.5,0.0,-0.5,1,0,0,0,0,0,0,0,0,1,0,0,0,0,0,1
10965,0.8333333333333334,0.39080459770114945,0.46,0.5384615384615384,0.0,-0.7003367003367003,0.5994146007459271,0.5428103781436638,0.8015210791295001,0.574525041531902,0.29905896856117287,0.6672099780855347,1.1470484014870315,0.6122380649615098,0.28423203449009354,-1.0,-1.0,1.0,-0.5,-0.25,0.75,1.6,0.0,0.0,-0.5,0,0,0,1,0,0,0,0,1,0,0,0,0,0,0,1
9426,0.3333333333333333,0.5086206896551724,0.56,0.0,0.25,0.5777777777777778,0.19378167863581114,0.3030688756897205,0.6235788704016689,0.45740025233480036,-0.7755238700769802,0.011073137303157714,-0.06562641226476575,-0.7755238700769802,0.9516539432228468,0.0,-1.0,0.0,1.0,-0.5,1.0,-0.4,0.5,1.0,-0.5,0,0,1,0,0,1,0,0,0,0,0,0,0,0,0,1
6605,1.4444444444444444,-0.40804597701149425,0.72,0.38461538461538464,1.75,-0.674074074074074,0.12138991288121603,0.2006330438662828,0.2482498907718365,0.35258960936125694,0.15594757564090878,0.2533760620603676,-0.1444589521359689,-0.7755238700769802,0.04421863650592419,-1.0,-2.0,1.0,-0.5,1.25,0.5,0.2,0.25,2.0,-0.5,1,0,0,0,0,0,0,0,0,1,0,0,0,0,0,1
3136,0.4444444444444444,0.2471264367816092,0.78,0.5384615384615384,0.25,-0.1750841750841751,0.22300125585759345,0.19020024983767314,0.16687497077677987,0.19871206892600923,0.37444125516027954,0.5210388572753701,0.2722996131660399,0.28183818133320476,-0.3757191474672522,0.0,-1.0,0.0,0.5,0.25,0.25,1.2,-0.25,1.0,-0.5,1,0,0,0,0,0,0,0,1,0,0,0,0,0,0,1
8737,-0.4444444444444444,-0.7787356321839081,-0.54,-0.6923076923076923,-1.0,0.0,0.11998589294322252,-0.8134455571304952,-0.7419967383448911,-0.5867514386500596,-0.5308733279587541,-0.7322577070632672,-0.576043627965019,-0.7755238700769802,-1.2182158819572526,0.0,-1.0,0.0,-0.5,-0.5,-0.5,-0.4,-0.75,0.0,0.5,1,0,0,0,0,0,0,0,1,0,0,0,0,0,0,1
11088,-0.05555555555555555,0.22413793103448276,0.68,0.23076923076923078,0.25,-0.6419753086419753,0.651609845928966,0.5624535908255464,0.9719715887497652,0.6911230022383461,-0.7755238700769802,0.5952057730619398,0.5048840918141492,0.48930108423645197,-0.1887448729086275,0.0,0.0,0.0,-0.5,0.0,1.75,-0.2,0.0,2.0,-0.5,0,0,0,1,0,1,0,0,0,0,0,0,0,0,0,1
716,1.1666666666666667,-0.9137931034482759,0.28,0.9230769230769231,0.0,-0.32098765432098764,0.4270958911544471,0.3330150313570967,0.2867644634335965,0.36866535109125825,-0.7755238700769802,0.6334373028128846,0.6261693752021701,0.4129838139810195,-1.849433141188841,0.0,0.0,0.0,0.5,0.5,1.25,1.2,-0.75,2.0,-0.5,0,0,0,1,0,0,0,0,1,0,0,0,0,0,0,1
466,1.4444444444444444,0.27586206896551724,-0.8,0.46153846153846156,-0.75,-0.6878306878306878,0.3665112059846538,0.23375530523496518,0.27525374463175173,0.265761051590637,0.18029903213524281,0.4467693507835371,0.76873509330495,0.18029903213524281,-0.07344777701387911,-1.0,-1.0,0.0,-0.5,0.0,0.25,1.6,-1.0,0.0,0.5,0,1,0,0,0,0,0,0,1,0,0,0,0,0,0,1
9135,1.1111111111111112,0.9655172413793104,0.86,-0.6923076923076923,0.0,0.9629629629629629,-0.9729591992805511,-0.6691541525476836,-0.4997730232875856,-0.840317816859585,-0.3877619350384901,-0.43106976387327783,-0.37536818175688036,-0.7755238700769802,0.0,1.0,1.0,0.0,0.0,-0.75,-0.25,-0.6,0.5,0.0,-0.5,0,0,0,1,0,0,0,0,1,0,0,0,1,0,0,0
10623,0.5,-0.3735632183908046,-0.94,-0.7692307692307693,-0.75,0.1925925925925927,-0.09344277889351962,-0.9198276734736306,-0.8089445712674348,-0.5980305908885469,-0.7755238700769802,-0.9970374962256624,-1.007628303794069,-0.7755238700769802,-1.849433141188841,0.0,0.0,0.0,-0.5,-0.75,-0.5,-0.4,-0.25,1.0,0.5,0,0,0,1,0,0,0,0,1,0,0,0,0,0,0,1
8151,-1.1111111111111112,0.5488505747126436,-0.86,-0.46153846153846156,0.75,-0.32098765432098764,-1.1469789433853317,-0.15086980922294213,0.14663805926153328,-0.7757215038103391,0.49897171996375944,-0.43106976387327783,0.18839803133104463,0.6868209035996629,0.8460216456064592,-1.0,-1.0,0.0,-0.5,0.0,-0.25,-0.4,0.5,-2.0,0.5,0,1,0,0,0,0,0,0,0,1,0,0,1,0,0,0
5140,-0.8333333333333334,0.9137931034482759,0.34,0.46153846153846156,0.75,-0.4126984126984127,0.34478875982587487,0.4779987262935327,0.7151893169569715,0.5954896529437456,-0.7755238700769802,0.2785717741620659,0.6499854730410405,0.5175526480805436,1.044591847762877,0.0,0.0,0.0,0.0,0.0,0.25,1.4,0.5,2.0,-0.5,0,1,0,0,0,0,0,0,1,0,0,0,0,0,0,1
10160,0.7777777777777778,0.04885057471264368,0.0,-0.7692307692307693,-0.75,0.1925925925925927,-0.01286307500261396,-0.7890549229015935,-0.5910109556060998,-0.5652792708825982,-0.7755238700769802,-0.8174977601529947,-0.576043627965019,-0.7755238700769802,-0.731393516412085,0.0,0.0,0.0,-0.5,-0.75,-0.5,-0.4,-0.25,1.0,0.0,0,0,0,1,0,0,0,0,1,0,0,0,0,0,0,1
4945,0.9444444444444444,0.6982758620689655,-0.4,1.0,1.75,-0.5502645502645502,0.06645441192332341,0.41241464653299653,0.4050216895952304,0.5122391761469001,0.07082795084356677,0.4817476971951687,0.31519804194714235,0.07082795084356677,0.8460216456064592,-1.0,-2.0,0.0,0.0,1.5,0.5,1.4,0.0,0.0,0.5,0,0,0,0,1,0,0,0,1,0,0,0,0,0,0,1
10584,-0.3333333333333333,-0.4224137931034483,0.56,0.6923076923076923,-0.25,-0.7222222222222222,0.3756273830758272,0.32109147366411245,0.34333270609883726,0.08508850035388739,1.0223464567351235,0.6652459815291024,0.8280705487745917,0.49897171996375944,0.10475443845420482,0.0,0.0,0.0,-0.5,0.25,2.0,0.6,-0.75,0.0,-0.5,0,1,0,0,0,1,0,0,0,0,0,0,0,1,0,0
6071,-1.0555555555555556,-0.031609195402298854,0.56,0.5384615384615384,-1.25,-0.7003367003367003,0.70091565672695,0.3958657475446437,0.5356371203668905,0.34526251765332155,0.7290150965998392,0.5975637835664067,0.952839690627108,0.5352041322794227,0.7031308331713269,-1.0,-2.0,0.0,-0.5,-0.25,1.25,1.2,-1.25,0.0,-0.5,0,0,1,0,0,0,0,0,1,0,0,0,0,0,0,1
3386,-1.2222222222222223,0.04885057471264368,0.44,-0.5384615384615384,0.0,-0.2407407407407407,-0.5901318715123456,-0.3907512548745246,-0.20058403769584182,-0.5354650255067588,-0.20746290290324726,-0.005659310750486772,-0.4630290774619893,0.07082795084356677,-0.10017625718049661,-1.0,-1.0,0.0,-0.5,-0.5,-0.25,-0.2,0.25,0.0,-0.5,0,1,0,0,0,0,0,0,1,0,0,0,0,1,0,0
8939,0.6111111111111112,0.5862068965517241,0.0,0.7692307692307693,0.25,0.4237037037037037,0.269112078373804,0.22574870145497408,0.1461385254759209,0.26058939626847893,0.9661289226725314,-0.01140372710202764,0.6073091790136942,0.38776193503849,0.5030081882712415,0.0,-1.0,0.0,2.0,0.25,0.0,1.4,-0.25,0.0,0.0,1,0,0,0,0,0,0,0,1,0,0,0,0,0,0,1
9925,-0.6111111111111112,0.12643678160919541,0.96,-0.23076923076923078,0.5,0.48148148148148157,-0.3958109923493891,-0.22336789663623152,-0.16856589900309757,-0.10405480257473342,-0.5308733279587541,-0.06740573948219951,-1.007628303794069,-0.5308733279587541,0.14183560789634314,0.0,0.0,1.0,0.5,0.0,0.0,-0.4,0.25,2.0,-0.5,0,0,0,1,0,0,0,0,0,1,0,0,0,0,0,1
4320,-0.5,0.29310344827586204,-0.86,0.6153846153846154,0.0,-0.7117552334943639,0.24142946942270074,0.3203088478358973,0.3701298394258617,0.206978410338805,0.7883600527976249,0.5682589544156021,0.7467827177761923,0.6636679410374086,0.7485998699746281,0.0,-1.0,0.0,-0.5,0.5,0.5,1.4,-0.75,0.0,0.5,0,0,1,0,0,0,0,0,1,0,0,0,0,0,0,1
5389,0.3333333333333333,-0.2988505747126437,0.88,0.07692307692307693,1.0,0.12037037037037043,-0.0748739450384906,-0.0487139167748069,-0.04810758150720821,0.10369610468882884,0.2446505421182259,0.005576690118878176,-0.1444589521359689,0.07082795084356677,-0.731393516412085,1.0,1.0,1.0,0.5,0.5,0.0,0.0,0.25,0.0,-0.5,0,1,0,0,0,0,0,0,0,1,0,0,0,0,0,1
6036,0.6111111111111112,-0.7241379310344828,0.58,0.3076923076923077,-0.75,-0.6588693957115009,0.8430227077024974,0.5838049942475743,0.9744616192482805,0.6318424922059045,0.8242848780577742,0.685380946324136,0.677858529154613,0.9425022223340124,0.46336773303902573,-1.0,-1.0,1.0,-0.5,0.25,1.0,0.4,-1.25,1.0,-0.5,0,0,0,1,0,0,0,0,1,0,0,0,0,0,0,1
182,1.3333333333333333,0.16666666666666666,0.26,0.15384615384615385,1.25,0.3965141612200436,-0.23277766338539094,0.000930291222218815,0.0,0.16226038159519202,-0.7755238700769802,-0.07416691578656963,-1.007628303794069,-0.08870296647731721,0.43173265849465925,0.0,0.0,0.0,1.0,0.5,0.0,0.0,0.5,2.0,-0.5,0,0,0,1,0,0,0,0,0,1,0,0,0,0,0,1
203,-0.2777777777777778,0.2442528735632184,-0.04,0.5384615384615384,-0.5,-0.7003367003367003,0.7000109388977076,0.6142158671251333,0.9312189827383248,0.6643535901255043,0.29905896856117287,0.8405783927190432,0.7187103995221312,0.6811734851375101,0.06511398322198858,-1.0,-2.0,0.0,-0.5,0.25,1.25,0.8,-1.0,1.0,0.0,0,0,1,0,0,0,0,0,1,0,0,0,0,0,0,1
11025,0.5,0.4454022988505747,-0.8,-0.3076923076923077,0.5,1.1380471380471382,-0.5254600260096418,-0.3880812752911758,-0.3983706184215098,-0.32442920968011657,-0.7755238700769802,-0.1410942626091846,-0.37536818175688036,-0.2862227858405282,-0.10017625718049661,1.0,1.0,0.0,1.0,-0.25,-0.25,-0.4,0.5,0.0,0.5,0,1,0,0,0,0,1,0,0,0,0,0,0,0,0,1
10203,-1.1111111111111112,0.022988505747126436,0.56,-0.7692307692307693,-0.25,0.1925925925925927,-1.0365949180482141,-0.8219468640823298,-0.6464798256432392,-0.8916042300028858,-0.041572243722302185,-0.7322577070632672,-0.4630290774619893,-0.5308733279587541,-0.4217083823231789,0.0,-1.0,0.0,-0.5,-0.75,-0.5,-0.4,0.25,0.0,-0.5,0,0,1,0,0,0,0,0,1,0,0,0,0,0,0,1
4607,0.6111111111111112,-0.13218390804597702,-0.5,0.15384615384615385,-0.75,-0.6230936819172113,0.503058516039872,0.24879148480690896,0.4422523134697494,0.08801982439629825,0.346189691316188,0.6672099780855347,0.46994148984782846,0.3154784929617928,0.6388274196251017,-1.0,-1.0,0.0,-0.5,0.0,0.75,0.4,-1.0,0.0,0.5,0,0,0,1,0,0,0,0,1,0,0,0,0,1,0,0
3711,1.4444444444444444,-0.6781609195402298,-0.6,0.38461538461538464,0.0,-0.674074074074074,0.681326286205961,0.5795544811761849,0.9322476545637771,0.591658096662762,0.955822902212223,0.8744898287817731,0.2722996131660399,0.5175526480805436,-1.849433141188841,-1.0,-1.0,2.0,-0.5,0.5,0.25,1.0,-0.75,1.0,0.5,0,1,0,0,0,0,0,0,1,0,0,0,0,0,0,1
3696,0.2777777777777778,-0.5833333333333334,0.36,-0.6153846153846154,0.0,0.6878306878306878,-0.7913832767101732,-0.7446266898475834,-0.7205594414786656,-0.6097055827056526,-0.5308733279587541,-0.6320354792626287,-0.576043627965019,-0.7755238700769802,-0.471701526830916,1.0,0.0,0.0,0.0,-0.5,-0.5,-0.4,0.25,0.0,-0.5,1,0,0,0,0,0,0,0,1,0,0,0,0,0,0,1
2532,-0.9444444444444444,-0.6781609195402298,0.92,-0.15384615384615385,-0.5,-0.5185185185185185,0.5471688968575532,0.5272494866884627,1.1269101518271603,0.5741867566765431,0.7436222620819857,0.6280493927763028,0.580665390703047,0.18029903213524281,1.1213134724372311,-1.0,-2.0,1.0,-0.5,-0.5,0.5,0.2,-0.25,1.0,-0.5,0,0,1,0,0,0,0,0,1,0,0,0,0,0,0,1
9214,-1.1666666666666667,-0.11206896551724138,-0.02,-0.15384615384615385,0.25,-0.5185185185185185,-0.28330270656510964,-0.037206068123811935,0.1077078727255263,0.009372538845382304,-0.3877619350384901,-0.01723584784811107,0.43158467582904997,0.2446505421182259,0.4933515120546405,-1.0,-1.0,0.0,-0.5,0.25,-0.25,0.2,-0.25,0.0,0.0,0,1,0,0,0,0,0,0,1,0,0,0,0,0,0,1
4943,0.9444444444444444,0.8074712643678161,0.48,0.07692307692307693,-0.25,-0.6018518518518519,0.48441841541449787,0.5438819250128473,1.01739863810715,0.687049524523913,0.46912667204124586,0.44326477125959773,-1.007628303794069,0.46912667204124586,0.56640962563556,-1.0,-1.0,2.0,-0.5,-0.5,0.5,0.8,0.0,0.0,-0.5,0,1,0,0,0,0,0,0,1,0,0,0,0,0,0,1
35,-0.9444444444444444,0.8706896551724138,-0.28,-0.38461538461538464,-0.25,0.7703703703703704,-1.0691937387518773,-0.23373653568849992,-0.06900511189840033,-0.5550414438340489,-0.5308733279587541,-0.01723584784811107,0.10538624670896068,0.1297907130420535,0.7098508946883296,0.0,0.0,1.0,0.5,-0.5,0.0,-0.4,0.0,0.0,0.0,0,1,0,0,0,0,0,0,1,0,0,0,1,0,0,0
2258,-0.8888888888888888,0.6206896551724138,0.54,-0.7692307692307693,0.0,0.1925925925925927,-0.682907106471557,-0.8219468640823298,-0.6464798256432392,-0.9873169549692411,-0.20746290290324726,-0.5527179709905995,-0.19072946429594947,-0.08870296647731721,-1.2182158819572526,0.0,0.0,0.0,-0.5,-0.75,-0.5,-0.4,0.5,0.0,-0.5,0,1,0,0,0,0,0,0,1,0,0,0,0,1,0,0
4322,0.6666666666666666,-0.40804597701149425,-0.58,0.38461538461538464,-0.75,-0.674074074074074,0.6363751738912677,0.4363567148203686,0.6724340421816144,0.5381160604621771,0.5175526480805436,0.5916412387487087,0.10538624670896068,0.37444125516027954,-0.3757191474672522,-1.0,-1.0,0.0,-0.5,0.0,0.75,1.0,-1.0,2.0,0.5,0,0,0,1,0,0,0,0,1,0,0,0,0,0,0,1
713,-0.3888888888888889,-0.9626436781609196,0.46,0.0,-0.5,-0.5777777777777777,-0.030690223569838956,0.040541430060559894,0.15210881580367203,-0.06952128478764265,0.20307829839592387,0.3122610804931471,0.6499854730410405,0.4477288405141499,0.20950887690840939,-1.0,-1.0,0.0,-0.5,0.0,0.5,0.2,-0.75,1.0,-0.5,0,1,0,0,0,0,0,0,1,0,0,0,0,1,0,0
4702,0.3333333333333333,0.9482758620689655,-0.58,0.15384615384615385,0.75,-0.6230936819172113,0.28375804841886676,0.5781917347218024,1.0390742777862292,0.5802238742156496,1.0068537323169957,0.6572874334858583,1.1200612919384083,0.2446505421182259,0.9060300875270091,-1.0,-2.0,0.0,-0.5,0.0,1.5,-0.2,0.5,0.0,0.5,0,0,1,0,0,1,0,0,0,0,0,0,0,0,0,1
3281,0.5555555555555556,-0.3390804597701149,0.4,0.3076923076923077,0.25,0.8615984405458089,-0.06757130710886204,0.01371444810459564,-0.04978356037418125,0.05587177405079915,0.07082795084356677,0.0,0.3413974350728991,0.40059811775913484,0.6077626267254462,1.0,1.0,0.0,2.0,0.0,-0.25,0.6,0.0,2.0,-0.5,0,1,0,0,0,0,0,0,1,0,0,0,0,0,0,1
702,-0.2777777777777778,0.4109195402298851,0.62,0.3076923076923077,0.0,0.253411306042885,-0.11410004617796989,0.10122325496562054,0.1049081860001812,-0.02363382381512742,0.6811734851375101,0.0807193318222853,0.7935546279640983,0.6576343560992454,0.5218478665694974,0.0,-1.0,0.0,1.0,0.0,0.25,0.6,-0.25,-1.0,-0.5,0,0,0,0,1,0,0,0,1,0,0,0,0,0,0,1
2004,0.05555555555555555,-0.20689655172413793,0.32,0.15384615384615385,-1.0,-0.6230936819172113,0.5309366977134903,0.39936185972568683,0.7141803301797625,0.42084733173784944,0.6388889180172997,0.513790129547122,0.89846898836821,0.6388889180172997,0.45301504376350465,0.0,-1.0,0.0,-0.5,0.0,1.25,0.0,-1.25,0.0,-0.5,0,0,1,0,0,1,0,0,0,0,0,0,0,0,0,1
4769,-0.3888888888888889,-0.9913793103448276,0.06,0.6153846153846154,1.5,0.7954911433172305,0.18446233822678965,0.0808359353495665,-0.05571474349792958,0.31936087182432915,-0.20746290290324726,-0.38223786481114475,-1.007628303794069,-0.7755238700769802,-0.5264628207773835,1.0,1.0,1.0,2.5,1.0,0.0,0.2,0.25,1.0,0.0,0,0,0,1,0,0,0,0,0,1,0,0,0,0,0,1
4437,0.4444444444444444,0.21551724137931033,0.32,-0.23076923076923078,-0.5,0.0,0.36747213167482995,-0.15509603311794232,-0.048731482470630215,-0.14552373380004507,-0.08870296647731721,0.11959996366442333,-0.4630290774619893,0.03718763921497886,0.2554981117643361,1.0,1.0,0.0,0.0,-0.25,0.0,0.0,-0.5,0.0,-0.5,0,1,0,0,0,0,0,0,1,0,0,0,0,0,0,1
8724,-0.6666666666666666,0.0603448275862069,0.16,-0.6153846153846154,-0.25,0.6878306878306878,-0.898088723250481,-0.7890549229015935,-0.793391613255783,-0.8916042300028858,-0.2862227858405282,-0.41408934665237235,-0.576043627965019,-0.3877619350384901,-0.731393516412085,0.0,-1.0,0.0,0.0,-0.5,-0.5,-0.4,0.0,0.0,0.0,0,0,1,0,0,0,0,0,1,0,0,0,0,1,0,0
10741,1.0555555555555556,0.25287356321839083,0.42,0.07692307692307693,1.0,0.48148148148148157,-0.12472809078441581,-0.07973249819637128,-0.10262179856560691,-0.0038242159730642344,0.1297907130420535,0.19400842007791655,-0.1444589521359689,-0.7755238700769802,-0.25641814192069373,0.0,0.0,0.0,1.0,0.5,-0.25,0.0,0.25,1.0,-0.5,0,0,0,1,0,0,0,0,0,1,0,0,0,0,0,1
1991,0.16666666666666666,-0.5574712643678161,-0.98,-0.6153846153846154,-0.5,-0.13756613756613756,-0.2050417039859226,-0.5211182218375319,-0.3421616645721954,-0.2646114796985909,-0.7755238700769802,-0.6626115125441394,-1.007628303794069,-0.7755238700769802,-0.6546718917377307,0.0,0.0,0.0,-0.5,-0.5,-0.25,-0.4,-0.25,0.0,0.5,0,0,0,1,0,0,0,0,1,0,0,0,0,0,0,1
6931,0.16666666666666666,-0.6379310344827587,-0.6,0.07692307692307693,0.75,-0.6018518518518519,0.6189609697688604,0.36421194143845936,0.6910831278952179,0.32513460677149386,0.997685525320599,0.5579688645108356,0.638257876730324,0.6754342347185844,0.12359411675246054,-1.0,-2.0,2.0,-0.5,1.0,0.25,-0.2,-0.5,0.0,0.5,1,0,0,0,0,0,0,0,0,1,0,0,0,0,0,1
11096,1.0,-0.08908045977011494,0.02,-0.23076923076923078,-1.25,0.0,0.16567838883753558,-0.1970605890060966,-0.12250647843211218,-0.18618592233087805,-0.20746290290324726,-0.2761835162644227,0.4213803280400368,0.6388889180172997,-0.731393516412085,0.0,0.0,0.0,0.0,-0.5,-0.25,0.4,-1.0,-1.0,0.0,0,0,0,1,0,0,0,0,1,0,0,0,0,0,0,1
304,-0.6111111111111112,-0.4827586206896552,0.36,-0.46153846153846156,0.25,0.9629629629629629,-1.2335257120185288,-0.6065049182779295,-0.6432764416332687,-0.7216509478376368,-0.2862227858405282,-0.4674779179008721,-0.37536818175688036,-0.14311139292026412,0.04421863650592419,0.0,-1.0,0.0,0.5,-0.25,-0.5,-0.4,0.25,1.0,-0.5,0,0,1,0,0,0,0,0,0,1,0,0,1,0,0,0
3665,-0.3888888888888889,-0.3505747126436782,-0.06,-0.46153846153846156,0.5,0.9629629629629629,-1.0830346025438922,-0.7309291770348686,-0.8466829546908915,-1.4877282074983278,0.03718763921497886,-0.7725050540976793,-0.03144440163293923,-0.2862227858405282,-0.047907629659445665,0.0,0.0,0.0,0.5,-0.25,-0.5,-0.4,0.5,-1.0,0.0,0,0,0,1,0,0,0,0,0,1,0,0,1,0,0,0
10591,0.05555555555555555,0.9655172413793104,-0.24,-0.3076923076923077,0.5,0.08754208754208763,-0.24972689957744199,-0.24985586770819396,-0.15888712019935716,-0.3346670367286659,0.07082795084356677,0.0807193318222853,-0.19072946429594947,0.28183818133320476,-0.12820907096034687,0.0,-1.0,0.0,0.0,0.0,-0.25,-0.2,0.25,0.0,0.0,0,0,0,0,1,0,0,0,0,1,0,0,0,1,0,0
5036,-0.7777777777777778,0.6379310344827587,-0.22,-0.07692307692307693,0.25,-0.13756613756613756,-0.2826217705365625,0.009199244684911845,0.14162610920019486,0.12263554184448201,-0.2862227858405282,-0.17507188995082262,-0.37536818175688036,-0.2862227858405282,0.8134907669154694,0.0,-1.0,0.0,0.0,0.0,0.75,-0.4,0.0,2.0,0.0,0,0,1,0,0,1,0,0,0,0,0,0,0,0,0,1
5547,-0.6666666666666666,-0.08620689655172414,-0.8,0.38461538461538464,0.25,-0.674074074074074,0.7555523385379822,0.582843249711182,0.9382279960151411,0.7101000902948837,0.28183818133320476,0.6806822832862693,-1.007628303794069,0.28183818133320476,-1.849433141188841,-1.0,-1.0,3.0,-0.5,0.75,1.0,0.2,-0.75,2.0,0.5,0,1,0,0,0,0,0,0,0,1,0,0,0,0,0,1
7822,-0.3333333333333333,0.09770114942528736,0.14,0.38461538461538464,-0.5,-0.38518518518518513,0.07796280745968416,0.1896429165508586,0.22862088991730892,0.04275862348623694,0.2637338989659208,0.5018982279521349,0.3659582635642842,0.8803160941357743,0.45301504376350465,0.0,0.0,0.0,0.0,0.0,1.0,0.6,-0.75,0.0,0.0,0,0,0,1,0,0,0,0,1,0,0,0,0,1,0,0
8541,-1.1111111111111112,-0.6982758620689655,0.98,-0.5384615384615384,-0.5,0.48148148148148157,-1.1217243626192597,-0.8306482200332561,-0.9373662800770546,-0.9873169549692411,-0.20746290290324726,-0.6958495530356731,-0.24318664449800542,-0.041572243722302185,-0.731393516412085,0.0,0.0,0.0,0.0,-0.5,-0.5,-0.2,-0.25,-1.0,-0.5,0,1,0,0,0,0,0,0,1,0,0,0,0,1,0,0
10955,0.3333333333333333,-0.5258620689655172,0.38,-0.07692307692307693,-1.25,-0.5502645502645502,0.7817094119272668,0.5156535049753669,1.0558632308413254,0.28888620728020964,0.5834093037298083,0.9975328451026196,0.6073091790136942,0.8770630192749421,0.36270269768368657,-1.0,-2.0,1.0,-0.5,-0.25,1.0,-0.2,-1.25,0.0,-0.5,0,0,0,0,1,1,0,0,0,0,0,0,0,1,0,0
4368,-0.5555555555555556,-0.42528735632183906,0.46,-0.5384615384615384,0.0,-0.2407407407407407,-0.1087176259813134,-0.39887884722577754,-0.21478210501883335,-0.4669774034596694,-0.041572243722302185,-0.16628997471088275,0.18839803133104463,0.1297907130420535,-0.471701526830916,0.0,0.0,0.0,-0.5,-0.25,-0.5,-0.2,0.0,0.0,-0.5,0,1,0,0,0,0,0,0,1,0,0,0,0,1,0,0
9671,0.1111111111111111,-0.5804597701149425,-0.04,-0.38461538461538464,0.5,1.3481481481481483,-1.4813177449415253,-0.6417497235944941,-0.764542083460313,-0.8173636728039921,-0.2862227858405282,-0.43106976387327783,-0.576043627965019,-0.5308733279587541,0.08527600666061479,1.0,1.0,2.0,1.0,-0.25,-0.25,-0.6,0.5,0.0,0.0,0,1,0,0,0,0,1,0,0,0,0,0,1,0,0,0
2256,-0.16666666666666666,-0.7586206896551724,-0.32,-0.6923076923076923,-0.5,0.9629629629629629,-0.9754364342356898,-1.0697648452140578,-1.1467387127690556,-0.7567047208153088,-0.7755238700769802,-1.0822775493153898,-1.007628303794069,-0.7755238700769802,-1.451179391371804,1.0,1.0,0.0,0.0,-0.75,-0.5,-0.4,0.0,1.0,0.0,0,1,0,0,0,0,0,0,1,0,0,0,0,0,0,1
4279,0.3888888888888889,-0.764367816091954,0.76,-0.6153846153846154,-1.25,0.6878306878306878,-0.40033168085136145,-0.7309291770348686,-0.6979201400610848,-0.7958915050365306,-0.20746290290324726,-0.6958495530356731,-0.4630290774619893,-0.20746290290324726,-0.15768008000897207,1.0,0.0,0.0,0.0,-0.75,-0.25,-0.4,-0.75,-1.0,-0.5,0,0,1,0,0,0,0,0,1,0,0,0,1,0,0,0
5371,-1.0555555555555556,-0.7873563218390804,-0.98,-0.5384615384615384,0.25,0.48148148148148157,-1.334852255617692,-0.540688426614952,-0.4597441953627276,-1.0709300510135173,0.2244761299230198,-0.38223786481114475,-0.03144440163293923,-0.7755238700769802,0.19332305418233545,0.0,-1.0,2.0,0.0,-0.25,-0.25,-0.6,0.25,0.0,0.5,0,0,1,0,0,0,0,0,0,1,0,0,1,0,0,0
9240,-0.05555555555555555,-0.6149425287356322,0.48,0.23076923076923078,0.75,-0.32098765432098764,0.25035869110751335,0.10474845388138135,0.14663805926153328,0.3208137262141896,-0.7755238700769802,-0.38223786481114475,-0.24318664449800542,-0.20746290290324726,0.19332305418233545,0.0,-1.0,0.0,0.0,0.5,0.0,0.6,0.0,2.0,-0.5,0,0,1,0,0,0,0,0,1,0,0,0,0,0,0,1
9460,0.3888888888888889,0.23275862068965517,0.5,-0.5384615384615384,0.5,-0.2407407407407407,-1.2689485709520896,-0.3291824141483557,-0.09256063453165138,-0.5758421620767741,-0.2862227858405282,-0.13305193421934894,0.16923104457519936,0.3154784929617928,0.31159714487129303,-1.0,-1.0,0.0,-0.5,-0.25,0.0,-0.6,0.5,0.0,-0.5,0,1,0,0,0,0,0,0,0,1,0,0,0,1,0,0
9504,1.1666666666666667,-0.34770114942528735,-0.9,0.7692307692307693,-1.25,-0.7318518518518518,0.7099522714397918,0.34493277790964355,0.35904464412972875,0.009372538845382304,0.4129838139810195,0.7778374228211149,0.846011808166154,0.9258240272557361,0.3747991173108948,-1.0,-1.0,1.0,-0.5,-0.25,1.5,1.6,-1.25,1.0,0.5,0,1,0,0,0,0,0,0,1,0,0,0,0,1,0,0
8692,1.0,0.8591954022988506,0.02,0.07692307692307693,0.75,1.2037037037037037,-0.255911490286269,-0.1845770216140205,-0.28527218402175625,-0.21756338026105224,0.2446505421182259,0.1396043502550648,0.08157014887009044,-0.08870296647731721,-0.25641814192069373,1.0,1.0,0.0,2.0,0.0,-0.25,0.0,0.5,0.0,0.0,0,0,0,1,0,0,1,0,0,0,0,0,0,1,0,0
448,-0.4444444444444444,0.3706896551724138,0.16,0.46153846153846156,0.5,-0.4126984126984127,0.10105783693151267,0.2572495793057817,0.31730974646634147,0.18916012693441833,0.7966652859561367,0.27035647928127343,0.813103203192443,0.5758185568959769,0.8964538873536623,0.0,-1.0,0.0,0.0,0.5,0.0,1.2,-0.25,2.0,0.0,0,0,1,0,0,0,0,0,1,0,0,0,0,0,0,1
8314,-0.6666666666666666,0.27011494252873564,-0.38,0.3076923076923077,-0.5,-0.6588693957115009,0.6760496119037975,0.5533886327865633,0.9191414645769279,0.3857935587601773,0.9425022223340124,0.9230711561794596,0.3285161072382096,1.0689354201760002,0.8616214828560621,-1.0,-1.0,1.0,-0.5,0.25,1.0,0.4,-1.0,0.0,0.5,0,1,0,0,0,0,0,0,1,0,0,0,0,1,0,0
8420,0.0,-0.07471264367816093,-0.44,-0.5384615384615384,-0.5,0.48148148148148157,-1.8521034836144517,-0.6691541525476836,-0.6760112674860832,-1.026503739190463,-0.20746290290324726,-0.6037264941113603,0.08157014887009044,0.0,-0.1887448729086275,-1.0,-1.0,0.0,0.0,-0.5,-0.5,-0.2,-0.25,-1.0,0.5,0,1,0,0,0,0,0,0,1,0,0,0,1,0,0,0
3174,0.6111111111111112,0.13505747126436782,0.24,0.38461538461538464,0.5,-0.674074074074074,0.8196808426668485,0.5900905376301769,0.9514083963147911,0.7132345978488671,0.5175526480805436,0.5513938917142966,0.5369709225380106,0.6576343560992454,0.1766680123939431,0.0,0.0,5.0,-0.5,0.25,2.0,-0.2,0.0,0.0,-0.5,0,0,0,1,0,1,0,0,0,0,0,0,0,0,0,1
7685,-0.4444444444444444,-0.1810344827586207,-0.9,-0.6153846153846154,-0.5,-0.13756613756613756,-0.6755246650148344,-0.5970225893528761,-0.4726047544284605,-0.5758421620767741,0.0,-0.6320354792626287,-0.1444589521359689,0.0,-0.3757191474672522,0.0,0.0,0.0,-0.5,-0.5,-0.5,-0.2,-0.25,0.0,0.5,0,1,0,0,0,0,0,0,1,0,0,0,0,0,0,1
3179,-0.5555555555555556,0.06321839080459771,0.52,0.3076923076923077,-0.25,-0.9629629629629629,0.7107575261739861,0.5091289905153233,0.8387263882290568,0.11866686902194787,1.002299396561456,1.0036711103674871,0.5942131229410537,0.955822902212223,0.2554981117643361,-1.0,-2.0,0.0,-1.0,0.5,1.0,0.4,-1.0,0.0,-0.5,0,0,1,0,0,0,0,0,1,0,0,0,0,1,0,0
9780,-0.05555555555555555,0.03735632183908046,-0.74,0.8461538461538461,0.75,-0.5185185185185185,0.5058864217293686,0.2572495793057817,0.17641667937073005,0.32584932912279596,0.37444125516027954,0.2562590681129749,0.9251630866362227,-0.7755238700769802,0.2405736698080648,0.0,0.0,0.0,0.0,1.0,0.25,1.6,-0.5,1.0,0.5,0,0,0,1,0,0,0,0,1,0,0,0,0,0,0,1
10681,0.0,-0.5488505747126436,-0.72,0.8461538461538461,0.25,0.14814814814814828,0.2991964193208603,0.29852644423004954,0.25003351924536615,-0.09889651123910408,0.9425022223340124,0.5123237304766795,1.007628303794069,0.9200847768368104,0.6963312424535769,0.0,0.0,0.0,1.5,0.5,0.25,1.4,-0.5,-1.0,0.5,0,1,0,0,0,0,0,0,1,0,0,0,0,1,0,0
10232,0.3888888888888889,-0.3448275862068966,-0.8,0.0,-0.75,0.1925925925925927,-0.0786638081327336,-0.06611903824588972,-0.036851596717433474,0.0,0.2637338989659208,0.07151415173155903,0.31519804194714235,-0.08870296647731721,0.0,0.0,-1.0,0.0,0.5,-0.25,0.0,0.4,-0.75,2.0,0.5,1,0,0,0,0,0,0,0,1,0,0,0,0,0,0,1
4184,1.1111111111111112,-0.9597701149425287,-0.02,-0.23076923076923078,-0.5,0.0,0.02317798046656002,-0.14807892378080717,-0.03636108304430658,0.027360872407614818,-0.3877619350384901,-0.31259167029201684,-0.4630290774619893,-0.3877619350384901,0.28423203449009354,0.0,0.0,0.0,0.0,-0.25,0.0,0.0,-0.5,2.0,0.0,0,0,0,1,0,0,0,0,1,0,0,0,0,0,0,1
9120,0.4444444444444444,0.617816091954023,0.62,0.3076923076923077,0.75,0.253411306042885,0.39645974351592356,0.36525409496749933,0.5781462298944825,0.4832902189742277,0.07082795084356677,0.33160680860721636,0.638257876730324,0.5352041322794227,0.31159714487129303,0.0,-1.0,0.0,1.0,0.0,0.0,0.8,0.5,0.0,-0.5,0,0,1,0,0,0,0,0,1,0,0,0,0,0,0,1
891,1.0555555555555556,-0.1752873563218391,0.22,-0.8461538461538461,-0.75,0.48148148148148157,-0.8594221803838178,-1.2939081469693843,-1.2705562266487218,-1.0709300510135173,-0.7755238700769802,-1.1921710908689298,-0.576043627965019,-0.7755238700769802,-1.451179391371804,1.0,1.0,0.0,-0.5,-0.75,-0.5,-0.6,-0.25,1.0,0.0,0,0,0,1,0,0,0,0,1,0,0,0,0,0,0,1
10381,-0.5,0.008620689655172414,-0.12,-0.8461538461538461,-0.5,0.48148148148148157,-0.11381122183653146,-1.0697648452140578,-0.9236462952454159,-0.8173636728039921,-0.7755238700769802,-1.0822775493153898,-1.007628303794069,-0.7755238700769802,-0.9247165705944205,0.0,-1.0,0.0,-0.5,-0.75,-0.5,-0.6,0.0,0.0,0.0,0,0,1,0,0,0,0,0,1,0,0,0,0,0,0,1
3525,0.0,0.6120689655172413,-0.6,-0.8461538461538461,-0.25,0.48148148148148157,-0.45340287350003367,-1.143970975228957,-1.042052496423055,-0.864973770899795,-0.7755238700769802,-0.9970374962256624,-1.007628303794069,-0.7755238700769802,-1.451179391371804,1.0,1.0,0.0,-0.5,-0.75,-0.5,-0.6,0.25,0.0,0.5,0,0,0,1,0,0,0,0,1,0,0,0,0,0,0,1
6818,-0.2222222222222222,0.8591954022988506,-0.46,0.07692307692307693,0.5,0.8425925925925927,-0.20306751862085037,-0.02604556063165271,-0.008148047613421179,-0.18952970049253937,-0.7755238700769802,0.17316707966436307,0.5291915534463482,0.07082795084356677,0.8353813654131744,0.0,0.0,0.0,1.5,0.25,-0.25,0.0,0.0,0.0,0.5,0,1,0,0,0,0,0,0,0,1,0,0,0,1,0,0
3526,0.1111111111111111,-0.5833333333333334,0.18,-0.6923076923076923,-0.25,0.9629629629629629,-0.4436988970879861,-0.8580526489864454,-0.8150904607321814,-0.5550414438340489,-0.7755238700769802,-0.9273913017065346,-1.007628303794069,-0.7755238700769802,-1.451179391371804,1.0,1.0,0.0,0.0,-0.75,-0.5,-0.4,0.25,2.0,0.0,0,1,0,0,0,0,0,0,1,0,0,0,0,0,0,1
8181,-0.4444444444444444,-0.1925287356321839,-0.14,-0.3076923076923077,0.75,0.6127946127946128,-0.4377393584416075,-0.2966285120327026,-0.24047906281248052,-0.40374930259193015,0.1297907130420535,-0.11745807564874954,0.12784066103007083,0.36059806427048563,0.0,0.0,-1.0,0.0,0.5,0.0,-0.25,-0.4,0.5,-1.0,0.0,0,0,1,0,0,0,0,0,0,1,0,0,0,0,0,1
1029,0.0,-0.06896551724137931,-0.44,-0.23076923076923078,0.25,-0.48148148148148145,0.3461673626354159,-0.1291111474273687,-0.0028767444265628142,0.046085682477735444,-0.14311139292026412,-0.15770542268316173,-1.007628303794069,0.07082795084356677,-0.10017625718049661,0.0,0.0,0.0,-0.5,0.25,-0.25,0.0,-0.25,2.0,0.5,0,0,0,1,0,0,0,0,0,1,0,0,0,0,0,1
7369,-0.6111111111111112,-0.2471264367816092,0.14,-0.6153846153846154,0.25,0.6878306878306878,-0.5039439554018996,-0.6807110482928288,-0.6142308636286554,-0.6343615367458626,-0.08870296647731721,-0.36725569010023346,-0.24318664449800542,-0.7755238700769802,-1.849433141188841,0.0,0.0,0.0,0.0,-0.5,-0.5,-0.4,0.5,1.0,0.0,0,1,0,0,0,0,0,0,1,0,0,0,0,0,0,1
2574,-0.3888888888888889,0.4540229885057471,-0.44,0.46153846153846156,0.5,-0.13756613756613756,0.28763843768499203,0.41847195749430677,0.6074853175005406,0.5964406868259569,0.1297907130420535,0.2892576874191388,-1.007628303794069,-0.7755238700769802,0.0,0.0,0.0,4.0,0.5,0.5,0.5,0.6,-0.25,2.0,0.5,0,1,0,0,0,0,0,0,1,0,0,0,0,0,0,1
8159,0.1111111111111111,-0.7672413793103449,-0.78,-0.3076923076923077,0.5,0.6127946127946128,-0.0025639801827436514,-0.286384350961786,-0.22265346855198978,-0.13111875115489177,-0.7755238700769802,-0.41408934665237235,0.02911296866803439,-0.7755238700769802,0.12359411675246054,1.0,1.0,0.0,0.5,0.0,-0.25,-0.4,0.25,0.0,0.5,0,1,0,0,0,0,0,0,0,1,0,0,0,0,0,1
1160,0.0,-0.13218390804597702,-0.02,-0.38461538461538464,0.5,1.3481481481481483,-2.0725845559502902,-0.7661739823514333,-0.9627831565359711,-0.9522631819915691,-0.20746290290324726,-0.5077252649352844,-0.06562641226476575,-0.3877619350384901,-0.6546718917377307,1.0,1.0,0.0,1.0,-0.25,-0.5,-0.4,0.5,0.0,0.0,0,1,0,0,0,0,1,0,0,0,0,0,0,1,0,0
10242,0.2222222222222222,-0.20114942528735633,-0.2,-0.5384615384615384,-0.5,0.48148148148148157,-0.12085480199755613,-0.6113388507169355,-0.5794582759064119,-0.3732046439115666,-0.7755238700769802,-0.6626115125441394,-1.007628303794069,-0.7755238700769802,-0.5869986227256642,1.0,1.0,0.0,0.0,-0.5,-0.5,-0.2,-0.25,2.0,0.0,0,0,0,1,0,0,0,0,1,0,0,0,0,0,0,1
5253,0.7777777777777778,-0.0028735632183908046,0.72,0.07692307692307693,0.5,1.2037037037037037,0.09331407656685693,-0.20508239089294514,-0.32066500211662974,-0.06027893695412789,0.15594757564090878,-0.1410942626091846,0.12784066103007083,-0.3877619350384901,-0.9247165705944205,1.0,1.0,0.0,2.0,0.0,0.0,-0.2,0.25,1.0,-0.5,0,0,0,1,0,0,1,0,0,0,0,0,0,0,0,1
5966,-0.2222222222222222,0.6896551724137931,0.3,0.0,0.0,0.9629629629629629,-0.19566999665527487,-0.22507593923784103,-0.3141751055504913,0.05101470783903518,-0.7755238700769802,-0.6958495530356731,-1.007628303794069,-0.7755238700769802,-1.2182158819572526,1.0,1.0,1.0,1.5,-0.25,-0.25,0.2,0.0,2.0,-0.5,0,1,0,0,0,0,0,0,1,0,0,0,0,0,0,1
5314,1.0555555555555556,0.3218390804597701,0.4,0.38461538461538464,1.5,1.0592592592592591,-0.3568050307583032,0.042207156146486645,-0.03293737175515416,0.14550200553941922,-0.2862227858405282,-0.33894670494896506,0.4415306577412393,-0.08870296647731721,0.796507499634074,0.0,0.0,0.0,2.5,0.75,-0.25,0.0,0.5,0.0,-0.5,0,0,0,1,0,0,0,0,0,1,0,0,0,0,0,1
5081,0.16666666666666666,-0.2988505747126437,0.1,-0.7692307692307693,0.0,0.1925925925925927,-0.10964538343230061,-0.7812695708022587,-0.5778238198805893,-0.9522631819915691,-0.7755238700769802,-0.5295595783247905,-0.24318664449800542,-0.08870296647731721,-0.471701526830916,1.0,1.0,0.0,-0.5,-0.75,-0.5,-0.4,0.5,-1.0,0.0,0,0,0,1,0,0,0,0,1,0,0,0,0,1,0,0
5123,1.0555555555555556,0.2413793103448276,0.16,-0.6153846153846154,0.0,-0.13756613756613756,-0.9591268532963391,-0.3750131109782685,-0.08687762102547195,-0.5081041530991438,0.1297907130420535,-0.39783172338174416,-0.1444589521359689,0.10153914919796193,0.43173265849465925,-1.0,-1.0,0.0,-0.5,-0.5,-0.25,-0.4,0.25,1.0,0.0,0,1,0,0,0,0,0,0,1,0,0,0,1,0,0,0
5756,-0.7222222222222222,-0.7729885057471264,0.3,-0.6153846153846154,-0.25,0.6878306878306878,-0.4040121744222477,-0.7242661036901205,-0.6868773577146858,-0.4373842967603544,-0.7755238700769802,-0.8174977601529947,-1.007628303794069,-0.7755238700769802,-1.2182158819572526,0.0,0.0,0.0,0.0,-0.5,-0.5,-0.4,0.0,0.0,-0.5,0,0,0,1,0,0,0,0,1,0,0,0,0,0,0,1
8036,-0.05555555555555555,-0.8160919540229885,-0.78,-0.3076923076923077,-0.75,1.1380471380471382,-0.9929472682558642,-0.6748874544591233,-0.8736712537196483,-0.5652792708825982,-0.5308733279587541,-0.6037264941113603,-0.19072946429594947,-0.3877619350384901,-0.5264628207773835,1.0,1.0,0.0,1.0,-0.5,-0.25,-0.2,-0.5,-1.0,0.5,0,0,0,1,0,0,0,0,1,0,0,0,0,0,0,1
9058,0.8333333333333334,0.8275862068965517,0.32,0.5384615384615384,-0.25,-0.7003367003367003,0.6739798635587793,0.5726899670075184,0.8557595482685595,0.5995913081600744,0.3154784929617928,0.7850999322299784,0.3659582635642842,-0.7755238700769802,1.262434518463177,-1.0,-2.0,4.0,-0.5,0.25,2.25,0.0,-0.75,0.0,-0.5,0,0,0,0,1,1,0,0,0,0,0,0,0,0,0,1
5057,0.5,-0.19540229885057472,0.5,0.38461538461538464,-0.75,-0.38518518518518513,0.2826440183020102,0.16004387839190984,0.17583740521674596,0.1380531169373258,0.590840233434414,0.39049182703999585,0.566633709772423,0.590840233434414,-0.4217083823231789,0.0,0.0,0.0,0.0,0.0,0.5,1.0,-1.0,1.0,-0.5,0,1,0,0,0,0,0,0,1,0,0,0,0,0,0,1
254,0.8333333333333334,-0.8994252873563219,-0.9,0.23076923076923078,1.25,0.0,0.07243253017894682,0.06555315855467704,0.07702517735493643,0.27503854597698657,-0.20746290290324726,-0.3000660731068272,-0.24318664449800542,-0.20746290290324726,0.12359411675246054,0.0,0.0,1.0,0.5,0.75,-0.25,0.4,0.25,0.0,0.5,0,0,0,1,0,0,0,0,0,1,0,0,0,0,0,1
4179,0.6111111111111112,-0.1235632183908046,0.9,-0.6923076923076923,-1.0,0.0,-1.150639055471412,-0.7242661036901205,-0.5932339237150842,-0.9873169549692411,0.03718763921497886,-0.7322577070632672,-0.576043627965019,-0.14311139292026412,-0.047907629659445665,-1.0,-1.0,0.0,-0.5,-0.75,-0.25,-0.4,-0.5,0.0,-0.5,0,0,0,1,0,0,0,0,1,0,0,0,1,0,0,0
3710,-0.7777777777777778,0.7729885057471264,-0.16,-0.6153846153846154,0.0,0.6878306878306878,-0.395078122192771,-0.5832399791825652,-0.4490492317952098,-0.7216509478376368,-0.7755238700769802,-0.24294547577288908,-0.24318664449800542,-0.20746290290324726,-0.1887448729086275,0.0,-1.0,1.0,0.0,-0.5,-0.25,-0.6,0.25,2.0,0.0,0,0,1,0,0,0,0,0,0,1,0,0,0,1,0,0
7627,-0.2777777777777778,0.5977011494252874,-0.48,0.46153846153846156,-0.5,-0.9629629629629629,0.8944041992788765,0.6136846859481357,0.9615234418852803,0.5130536272918914,1.065119641132429,0.9407048940466206,0.8280705487745917,1.0245052165158748,-0.10017625718049661,-1.0,-1.0,3.0,-1.0,0.25,2.25,0.0,-1.0,1.0,0.5,0,1,0,0,0,1,0,0,0,0,0,0,0,0,0,1
4501,0.2777777777777778,-0.35919540229885055,0.9,0.38461538461538464,-1.25,-0.674074074074074,0.4708792039509551,0.4863430725953714,0.7629878517571593,0.17147074489430597,0.9370299247506019,0.8540260577540754,0.9135223741700605,0.9370299247506019,1.0877039673935789,-1.0,-2.0,0.0,-0.5,-0.25,1.25,0.8,-1.25,1.0,-0.5,0,0,1,0,0,0,0,0,1,0,0,0,0,1,0,0
6424,-0.3888888888888889,-0.5919540229885057,-0.8,-0.7692307692307693,-1.0,0.1925925925925927,-0.6690998792284287,-0.7661739823514333,-0.5521937536064171,-0.864973770899795,-0.08870296647731721,-1.1921710908689298,-0.03144440163293923,-0.3877619350384901,-0.22158573742309376,0.0,0.0,0.0,-0.5,-0.75,-0.5,-0.4,-0.5,0.0,0.5,0,0,0,1,0,0,0,0,1,0,0,0,1,0,0,0
3075,-0.1111111111111111,-0.1867816091954023,-0.04,0.0,-1.25,-0.5777777777777777,0.23686869541325073,-0.013275958899240254,0.05652518006676084,-0.09634704951805173,0.436522943019284,0.3477661691149228,0.18839803133104463,0.4793580006964157,-1.849433141188841,-1.0,-1.0,0.0,-0.5,-0.25,0.5,0.4,-1.25,2.0,0.0,0,1,0,0,0,0,0,0,1,0,0,0,0,1,0,0
4992,-0.2777777777777778,-0.20977011494252873,-0.74,-0.46153846153846156,0.25,0.9629629629629629,-1.6516030778936301,-0.6417497235944941,-0.7016413337602555,-1.0709300510135173,-0.20746290290324726,-0.5295595783247905,-0.4630290774619893,0.07082795084356677,0.12359411675246054,0.0,0.0,1.0,0.5,-0.25,-0.25,-0.6,0.25,1.0,0.5,0,0,0,1,0,0,0,0,0,1,0,0,1,0,0,0
5252,0.05555555555555555,0.7327586206896551,0.62,-0.6923076923076923,0.0,0.0,-1.1704155509281373,-0.6524690412560705,-0.4712744579190073,-0.7757215038103391,0.1297907130420535,-0.48707177625345005,-0.19072946429594947,-0.5308733279587541,-0.3331397665950483,0.0,-1.0,0.0,-0.5,-0.5,-0.5,-0.4,0.25,0.0,-0.5,1,0,0,0,0,0,0,0,1,0,0,0,0,1,0,0
7444,0.05555555555555555,-0.2959770114942529,-0.58,-0.6923076923076923,0.0,0.9629629629629629,-0.3021300285366305,-0.9429471116559227,-0.951369171036892,-0.7216509478376368,-0.7755238700769802,-0.7322577070632672,-1.007628303794069,-0.7755238700769802,-1.2182158819572526,1.0,1.0,0.0,0.0,-0.75,-0.5,-0.4,0.5,1.0,0.5,0,1,0,0,0,0,0,0,1,0,0,0,0,0,0,1
6919,-0.4444444444444444,0.09770114942528736,-0.2,-0.46153846153846156,-0.25,0.9629629629629629,-1.029048508232177,-0.6748874544591233,-0.7559996293047285,-1.1828754161455015,-0.041572243722302185,-0.5527179709905995,0.02911296866803439,0.03718763921497886,-0.25641814192069373,0.0,0.0,0.0,0.5,-0.5,-0.25,-0.4,0.0,-1.0,0.0,0,1,0,0,0,0,0,0,1,0,0,0,0,1,0,0
3537,-0.6111111111111112,0.9339080459770115,0.16,-0.38461538461538464,0.5,0.7703703703703704,-0.7686211115618302,-0.592371074363497,-0.6835992363813551,-0.5652792708825982,-0.2862227858405282,-0.28793818182820424,-0.576043627965019,0.0,-0.9247165705944205,0.0,0.0,0.0,0.5,-0.25,-0.5,-0.2,0.5,0.0,0.0,0,0,0,1,0,0,0,0,1,0,0,0,0,0,0,1
10277,0.5,0.3936781609195402,-0.44,-0.7692307692307693,-0.25,0.1925925925925927,-0.819060869844226,-0.8219468640823298,-0.6464798256432392,-0.5169767622838456,-0.7755238700769802,-1.1921710908689298,-1.007628303794069,-0.7755238700769802,-0.9247165705944205,0.0,-1.0,0.0,-0.5,-0.75,-0.5,-0.4,0.25,0.0,0.5,0,0,1,0,0,0,0,0,1,0,0,0,0,0,0,1
2453,0.5555555555555556,0.8936781609195402,0.68,0.6153846153846154,0.25,-0.20933977455716585,0.3075277979549516,0.2682342651637495,0.27683026840900865,0.36677677576514706,0.4129838139810195,0.26477978916239525,-0.06562641226476575,0.3154784929617928,0.796507499634074,0.0,0.0,0.0,0.5,0.25,0.25,1.4,-0.25,0.0,-0.5,0,0,0,1,0,0,0,0,1,0,0,0,0,0,0,1
7972,0.8333333333333334,-0.20402298850574713,0.6,0.15384615384615385,-1.25,-0.6230936819172113,0.5357090164751552,0.3939447532724201,0.7043671763787835,0.2758692658257578,0.4585898858820568,0.7771035196390746,0.6724398873621507,0.7530349832023729,0.45301504376350465,-1.0,-2.0,0.0,-0.5,-0.25,0.5,0.8,-1.25,0.0,-0.5,0,0,1,0,0,0,0,0,1,0,0,0,0,1,0,0
895,1.2222222222222223,0.6063218390804598,0.4,0.38461538461538464,0.25,-0.09629629629629628,0.2745242830329067,0.14962655385924706,0.15729010857301381,0.2840643384370668,0.2244761299230198,0.20071028476214547,-1.007628303794069,-0.14311139292026412,0.3982537498170369,1.0,1.0,0.0,0.5,0.25,0.0,1.0,-0.25,2.0,-0.5,0,1,0,0,0,0,0,0,1,0,0,0,0,0,0,1
1177,0.2222222222222222,0.46839080459770116,0.56,-0.3076923076923077,0.25,1.1380471380471382,-0.05319311223031227,-0.41283486446412077,-0.4406821918601327,-0.25629346828622196,-0.2862227858405282,-0.352839017326429,-0.37536818175688036,-0.3877619350384901,-0.2934993113628321,1.0,1.0,0.0,1.0,-0.25,-0.25,-0.4,0.25,1.0,-0.5,0,0,0,1,0,0,1,0,0,0,0,0,0,0,0,1
7141,-0.8888888888888888,0.5488505747126436,-0.68,-0.23076923076923078,1.5,0.9629629629629629,-1.305630249135305,-0.22851587628375378,-0.1775609464116351,-0.22495708735178924,0.07082795084356677,-0.1410942626091846,-0.576043627965019,-0.2862227858405282,0.5489974231271681,0.0,-1.0,1.0,1.0,0.25,-0.25,-0.6,1.0,1.0,0.5,0,0,1,0,0,0,0,0,0,1,0,0,0,0,0,1
7232,-0.16666666666666666,-0.6264367816091954,1.0,-0.6153846153846154,-0.75,0.6878306878306878,-0.2927234825231391,-0.6524690412560705,-0.5667208562101296,-0.37909334855171994,-0.7755238700769802,-0.8685062832737553,-0.576043627965019,-0.7755238700769802,-0.9247165705944205,0.0,-1.0,0.0,0.0,-0.75,-0.25,-0.4,-0.25,0.0,-0.5,0,0,0,0,1,0,0,0,1,0,0,0,0,0,0,1
8477,0.7777777777777778,0.34195402298850575,0.24,-0.7692307692307693,-0.25,0.1925925925925927,-1.0333729047880942,-0.9676089527659227,-0.8866424885846788,-1.1222164641568182,-0.5308733279587541,-0.6037264941113603,-0.4630290774619893,-0.14311139292026412,-1.451179391371804,2.0,1.0,0.0,-0.5,-0.75,-0.5,-0.4,0.25,0.0,-0.5,1,0,0,0,0,0,0,0,1,0,0,0,0,1,0,0
2457,-0.2777777777777778,0.7327586206896551,-0.52,-0.6923076923076923,-0.25,0.9629629629629629,-0.7828636348253106,-0.797007714698515,-0.714828469485766,-0.9873169549692411,-0.20746290290324726,-0.9273913017065346,0.08157014887009044,-0.3877619350384901,-0.4217083823231789,0.0,0.0,0.0,0.0,-0.75,-0.5,-0.4,0.25,-2.0,0.5,0,1,0,0,0,0,0,0,1,0,1,0,0,0,0,0
988,0.2777777777777778,-0.8706896551724138,0.7,0.23076923076923078,0.0,-0.6419753086419753,0.6999920849210264,0.4071867510462091,0.6901024545826815,0.2840643384370668,-0.7755238700769802,0.827284712777247,0.9555030588052981,0.33116801477775093,-0.047907629659445665,-1.0,-1.0,1.0,-0.5,0.5,0.5,0.4,-0.75,0.0,-0.5,0,1,0,0,0,0,0,0,1,0,0,0,0,1,0,0
7930,0.05555555555555555,-0.1206896551724138,0.5,-0.23076923076923078,0.0,0.0,-0.9914091813492502,-0.14393169639671421,-0.02904557800461331,-0.17959752631489725,0.15594757564090878,0.047481291330751844,0.18839803133104463,0.2637338989659208,0.28423203449009354,-1.0,-2.0,0.0,0.0,-0.25,-0.25,0.2,0.0,1.0,-0.5,0,0,1,0,0,0,0,0,1,0,0,0,0,0,0,1
4587,1.4444444444444444,-0.028735632183908046,0.82,-0.23076923076923078,-0.75,-0.48148148148148145,-0.2024893603726376,-0.14669134029227515,-0.033913814987239596,-0.02363382381512742,0.37444125516027954,-0.0880592281640338,0.10538624670896068,-0.7755238700769802,-0.471701526830916,-1.0,-2.0,0.0,-0.5,-0.25,-0.25,0.4,-0.75,1.0,-0.5,0,0,0,0,1,0,0,0,1,0,0,0,0,0,0,1
6682,-0.16666666666666666,0.6005747126436781,-0.16,-0.7692307692307693,0.0,0.1925925925925927,-1.5239389426491043,-0.8676581388004984,-0.7228654408112252,-1.3528286983107507,0.0,-1.347057338477785,-0.37536818175688036,-0.041572243722302185,-0.25641814192069373,0.0,0.0,0.0,-0.5,-0.75,-0.5,-0.4,0.5,-2.0,0.0,0,1,0,0,0,0,0,0,1,0,0,0,1,0,0,0
6222,0.16666666666666666,-0.3218390804597701,-0.42,-0.6153846153846154,0.0,0.6878306878306878,-1.2584048235743064,-0.8676581388004984,-0.9197766770781819,-0.6343615367458626,-0.7755238700769802,-0.7725050540976793,-0.576043627965019,-0.7755238700769802,-1.2182158819572526,2.0,2.0,0.0,0.0,-0.5,-0.5,-0.4,0.25,0.0,0.5,0,1,0,0,0,0,0,0,1,0,0,0,0,0,0,1
10299,0.05555555555555555,0.6925287356321839,0.48,0.7692307692307693,0.5,-0.2696296296296296,-0.09629522364541772,0.295606480992148,0.2707052023117812,0.26661523210240556,0.8204690990142031,0.4958105056650646,0.6322601220371885,0.6052486063887117,0.29807749263654026,-1.0,-2.0,1.0,0.5,0.5,0.25,1.6,-0.25,2.0,-0.5,0,0,1,0,0,0,0,0,1,0,0,0,0,0,0,1
3083,-0.2222222222222222,-0.05172413793103448,0.78,0.23076923076923078,1.0,0.6419753086419755,-0.1744906556611351,-0.022069279676753817,-0.07763440399936553,0.07003149083406575,0.15594757564090878,0.09848981445151267,0.12784066103007083,0.2446505421182259,0.0,1.0,1.0,0.0,1.5,0.5,0.0,0.0,0.25,0.0,-0.5,0,1,0,0,0,0,0,0,0,1,0,0,0,0,0,1
8953,0.2777777777777778,0.1810344827586207,0.9,-0.6923076923076923,0.0,0.9629629629629629,-0.5530868863688742,-0.8876516871453942,-0.8630479911658611,-0.6097055827056526,-0.7755238700769802,-0.9273913017065346,-1.007628303794069,-0.7755238700769802,-1.0529256415547674,2.0,1.0,0.0,0.0,-0.75,-0.5,-0.4,0.5,1.0,-0.5,0,0,1,0,0,0,0,0,1,0,0,0,0,0,0,1
1503,-0.3333333333333333,0.10057471264367816,-0.36,-1.0769230769230769,-2.0,-0.9629629629629629,1.7613277707003605,-0.4813952273214039,1.0115289719136422,-0.23636516930573712,-0.5308733279587541,-0.5295595783247905,-0.576043627965019,-0.5308733279587541,-1.2182158819572526,1.0,1.0,0.0,-1.0,-1.0,-0.5,-0.8,-1.25,2.0,0.0,0,0,0,1,0,0,0,0,1,0,0,0,0,0,0,1
8650,-0.4444444444444444,0.3218390804597701,-0.36,-0.7692307692307693,-1.0,0.1925925925925927,0.08090413743790767,-0.8219468640823298,-0.6464798256432392,-1.1222164641568182,-0.08870296647731721,-0.6958495530356731,-0.24318664449800542,-0.14311139292026412,-0.471701526830916,1.0,0.0,0.0,-0.5,-0.75,-0.5,-0.4,-0.5,0.0,0.0,0,0,0,0,1,0,0,0,1,0,0,0,0,1,0,0
10862,0.5555555555555556,0.9339080459770115,-0.86,0.15384615384615385,-1.5,0.7363834422657953,-0.7967886435129142,-0.07173053539135883,-0.12776587471623568,0.009372538845382304,0.0,0.0807193318222853,0.16923104457519936,0.10153914919796193,0.04421863650592419,0.0,0.0,0.0,1.5,-0.75,0.0,0.8,-1.0,1.0,0.5,0,1,0,0,0,0,0,0,1,0,0,0,0,0,0,1
2782,0.5,-0.008620689655172414,-0.52,0.15384615384615385,0.75,0.05664488017429206,0.08918860161834842,0.0073776125982124505,0.011386645329147618,0.2334518228840672,-0.7755238700769802,-0.33894670494896506,-0.06562641226476575,-0.7755238700769802,-0.25641814192069373,0.0,0.0,0.0,0.5,0.5,-0.25,0.4,0.0,2.0,0.5,0,1,0,0,0,0,0,0,1,0,0,0,0,0,0,1
6941,-0.05555555555555555,-0.017241379310344827,0.86,-0.6923076923076923,0.0,0.0,-0.7421233194066537,-0.5249502827186959,-0.25079187784089546,-0.7567047208153088,0.0,-0.6320354792626287,-0.03144440163293923,0.20307829839592387,0.15951573240067232,-1.0,-2.0,0.0,-0.5,-0.5,-0.25,-0.6,0.25,0.0,-0.5,0,0,1,0,0,0,0,0,0,1,0,0,1,0,0,0
10972,1.1666666666666667,-0.7040229885057471,0.06,-0.07692307692307693,-1.0,-0.5502645502645502,0.5228931673125597,0.3187386095282843,0.6980668492642514,0.4240515599710099,0.48930108423645197,0.35001984225212257,0.5942131229410537,0.2446505421182259,0.20950887690840939,-1.0,-2.0,2.0,-0.5,0.0,0.25,0.2,-1.25,0.0,0.0,0,0,0,0,1,0,0,0,1,0,0,0,0,0,0,1
10708,-0.4444444444444444,-0.49712643678160917,0.02,-0.7692307692307693,-0.25,0.1925925925925927,-0.503281601848962,-0.9087883293396334,-0.7908337339572121,-0.9205531871755583,-0.08870296647731721,-0.6626115125441394,-1.007628303794069,-0.20746290290324726,-1.2182158819572526,0.0,-1.0,0.0,-0.5,-0.75,-0.5,-0.4,0.25,-1.0,0.0,0,0,1,0,0,0,0,0,1,0,0,0,0,1,0,0
6583,0.8333333333333334,0.10057471264367816,0.1,0.46153846153846156,0.0,-0.6878306878306878,0.5300099423953523,0.3349026851028207,0.4567587279878,0.26746722520970134,0.33116801477775093,0.5963865977696116,0.8206581533682332,0.48930108423645197,0.8407261361399979,-1.0,-1.0,1.0,-0.5,0.5,1.5,0.2,-0.75,-1.0,0.0,0,1,0,0,0,1,0,0,0,0,0,0,0,0,0,1
3641,-0.3333333333333333,0.48563218390804597,0.88,-0.6153846153846154,-0.25,0.6878306878306878,-2.0311438105890405,-0.8775198049779676,-0.9353892302064462,-0.9205531871755583,-0.3877619350384901,-0.5527179709905995,-0.576043627965019,-0.5308733279587541,-0.731393516412085,0.0,0.0,0.0,0.0,-0.5,-0.5,-0.4,0.0,0.0,-0.5,0,1,0,0,0,0,0,0,1,0,0,0,0,1,0,0
10156,-0.2777777777777778,0.10057471264367816,0.14,0.38461538461538464,0.5,-0.674074074074074,0.7560431702636629,0.42056879094614097,0.6438688717668782,0.07003149083406575,0.6923793826323759,0.7681849085706043,1.1320968814452619,0.4477288405141499,1.1683063035481107,0.0,-1.0,0.0,-0.5,1.0,0.5,0.4,-0.75,0.0,0.0,0,0,1,0,0,0,0,0,0,1,0,0,0,1,0,0
4299,0.5555555555555556,0.8333333333333334,-0.42,1.4615384615384615,2.25,0.22657952069716775,0.494543309686572,0.5642807233334269,0.5492561264732,0.5805560790626036,0.2446505421182259,0.8141789166114312,0.7771837049801891,0.931471445717889,-0.1887448729086275,0.0,0.0,1.0,2.5,1.75,2.25,0.0,0.25,0.0,0.5,0,0,0,1,0,0,0,0,0,1,0,0,0,0,0,1
3469,-0.3888888888888889,0.8764367816091954,0.9,-0.46153846153846156,0.75,0.9629629629629629,-0.6098833787248045,-0.49535124455974716,-0.45594387122656443,-0.7216509478376368,0.2637338989659208,-0.26477978916239525,0.25689194028030826,-0.5308733279587541,-0.5869986227256642,1.0,0.0,0.0,0.5,-0.25,-0.5,-0.4,0.75,2.0,-0.5,1,0,0,0,0,0,0,0,0,1,0,0,0,1,0,0
5063,-0.3888888888888889,0.5804597701149425,0.54,-0.23076923076923078,1.0,0.48148148148148157,-0.8873058013946642,-0.26863099463513307,-0.24743821102098382,-0.47480607351807536,-0.14311139292026412,0.24754394131428417,-0.06562641226476575,-0.2862227858405282,-1.0529256415547674,0.0,-1.0,0.0,0.5,0.0,-0.25,-0.2,0.75,0.0,-0.5,0,0,1,0,0,0,0,0,0,1,0,0,0,1,0,0
10727,0.0,-0.3850574712643678,-0.12,0.7692307692307693,1.5,-0.5007407407407407,0.4533032587577349,0.512405637220335,0.6608356538397477,0.6355219347650622,0.8770630192749421,0.4121015026760408,0.4415306577412393,0.436522943019284,0.12359411675246054,0.0,0.0,0.0,0.0,0.75,0.25,1.6,0.5,2.0,0.0,0,1,0,0,0,0,0,0,1,0,0,0,0,0,0,1
9624,0.6666666666666666,-0.9770114942528736,-0.06,-0.07692307692307693,-1.25,-0.5502645502645502,0.37149677005007103,0.32806155455310526,0.7149576552965569,0.4121487153017739,0.5758185568959769,0.4270836773869521,0.41090383247321843,0.2637338989659208,0.45301504376350465,-1.0,-1.0,0.0,-0.5,-0.25,0.5,0.2,-1.25,2.0,0.0,0,0,0,1,0,0,0,0,1,0,0,0,0,0,0,1
5156,0.0,-0.5488505747126436,-0.72,0.8461538461538461,0.25,0.14814814814814828,0.2991964193208603,0.29852644423004954,0.25003351924536615,-0.09889651123910408,0.9425022223340124,0.5123237304766795,1.007628303794069,0.9200847768368104,0.6963312424535769,0.0,0.0,0.0,1.5,0.5,0.25,1.4,-0.5,-1.0,0.5,0,1,0,0,0,0,0,0,1,0,0,0,0,1,0,0
4376,0.5555555555555556,-0.6379310344827587,-0.44,-0.6153846153846154,0.0,-0.13756613756613756,-0.7140327115895552,-0.5327356348180307,-0.3622355245762807,-0.9205531871755583,0.36059806427048563,-0.5527179709905995,0.02911296866803439,-0.5308733279587541,0.12359411675246054,-1.0,-2.0,2.0,-0.5,-0.5,-0.25,-0.4,0.25,-1.0,0.5,0,0,1,0,0,0,0,0,1,0,0,0,1,0,0,0
8923,-0.16666666666666666,0.23275862068965517,-0.74,0.46153846153846156,0.0,-0.6878306878306878,0.7509636351242983,0.5126385761671254,0.7779760277153582,0.3591134090996673,0.33116801477775093,0.9082493662672734,0.46994148984782846,1.0927804832924155,0.6682984286737267,-1.0,-2.0,1.0,-0.5,0.5,1.25,0.4,-0.75,0.0,0.5,0,0,1,0,0,1,0,0,0,0,0,0,0,1,0,0
8461,0.4444444444444444,-0.7040229885057471,-0.92,-0.8461538461538461,-0.25,0.48148148148148157,-0.16566872407486474,-1.1651076174231962,-1.0751866849165583,-0.8173636728039921,-0.7755238700769802,-1.347057338477785,-1.007628303794069,-0.7755238700769802,-1.451179391371804,2.0,1.0,0.0,-0.5,-0.75,-0.5,-0.6,0.25,0.0,0.5,1,0,0,0,0,0,0,0,1,0,0,0,0,0,0,1
6945,1.0,0.09770114942528736,0.46,1.3076923076923077,1.25,-0.7824074074074073,0.7628983360307343,0.45964957633548437,0.4012398352108687,0.26490467241360816,0.29905896856117287,0.8982170919752799,0.43158467582904997,0.6388889180172997,1.0807395341241672,-1.0,-2.0,0.0,-0.5,1.25,2.25,1.2,-0.25,0.0,-0.5,0,0,1,0,0,1,0,0,0,0,0,0,0,1,0,0
944,0.4444444444444444,0.5201149425287356,-0.86,-0.07692307692307693,-0.25,-0.5502645502645502,0.1369131562002383,-0.0028049987778542176,0.12027366119619859,-0.12002761990280572,0.8637423393967315,0.011073137303157714,-0.1444589521359689,0.5680609671737329,0.3866461083646709,0.0,0.0,0.0,-0.5,0.0,0.0,0.4,-0.5,0.0,0.5,0,1,0,0,0,0,0,0,1,0,0,0,0,0,0,1
1907,1.1111111111111112,0.8132183908045977,0.08,0.8461538461538461,1.5,0.14814814814814828,0.315135356605358,0.4860929606035556,0.5870750106079732,0.5683826555019649,0.7240085428146419,0.5406327156279479,0.566633709772423,0.543709510679399,0.5915768039993726,0.0,-1.0,1.0,1.5,1.0,0.5,0.8,0.25,1.0,0.0,1,0,0,0,0,0,0,0,1,0,0,0,0,0,0,1
701,-0.05555555555555555,-0.34770114942528735,0.18,0.23076923076923078,-0.25,-0.32098765432098764,0.5520986269436584,0.4028252279315237,0.6822056661766839,0.46500522634055,0.3154784929617928,0.4988664938737556,0.7422411030138681,0.5601290350800188,0.6235049459869083,0.0,0.0,1.0,0.0,0.5,0.0,0.6,-1.0,0.0,0.0,0,1,0,0,0,0,0,0,1,0,0,0,0,0,0,1
3856,0.5555555555555556,0.7931034482758621,0.58,0.8461538461538461,-0.75,-0.07407407407407397,0.32145025156056656,0.3438316637487549,0.3310931073932604,0.3940379518847716,0.6122380649615098,0.2839520953418783,0.3776858598750006,0.6122380649615098,1.0665521784907634,0.0,0.0,0.0,1.0,0.0,0.75,1.6,-1.0,0.0,-0.5,0,0,0,1,0,0,0,0,1,0,0,0,0,0,0,1
4149,1.2222222222222223,-0.8879310344827587,0.16,0.46153846153846156,-0.5,-0.6878306878306878,0.602130391597427,0.45232137668132016,0.6686990237964145,0.4026502479436912,0.7085481389060245,0.8646871168201281,0.12784066103007083,-0.7755238700769802,0.04421863650592419,-1.0,-1.0,0.0,-0.5,0.25,1.75,0.2,-1.0,2.0,0.0,0,0,0,1,0,1,0,0,0,0,0,0,0,1,0,0
2131,0.6111111111111112,0.5459770114942529,-0.24,0.6153846153846154,1.5,0.0418679549114332,0.30879429592214613,0.4409080407757669,0.587291073825753,0.600530705847464,0.8127115092919589,0.15861307218163676,0.10538624670896068,0.1297907130420535,0.022534602349784674,0.0,-1.0,0.0,1.0,1.25,0.5,0.2,0.0,2.0,0.0,1,0,0,0,0,0,0,0,0,1,0,0,0,0,0,1
2942,0.3333333333333333,0.1781609195402299,-0.58,0.0,0.25,-0.19259259259259257,-0.17218872308146183,0.07555850844856708,0.2145350129304945,0.1859142170266124,-0.2862227858405282,-0.33894670494896506,-0.37536818175688036,-0.2862227858405282,1.009992577255035,0.0,-1.0,1.0,0.0,0.25,0.5,-0.2,-0.25,0.0,0.5,0,0,1,0,0,0,0,0,0,1,0,0,0,0,0,1
1173,1.2777777777777777,0.3448275862068966,0.48,-0.15384615384615385,-0.75,-0.5185185185185185,0.6318282664171025,0.6419866192361988,1.3363158998396774,0.6408274264662012,0.8704655164602081,0.9215642647233854,-1.007628303794069,0.5520147438379108,1.0217586958039446,-1.0,-1.0,3.0,-0.5,0.0,0.0,0.2,-1.0,1.0,-0.5,0,0,0,1,0,0,0,0,1,0,0,0,0,0,0,1
4381,-0.05555555555555555,-0.11781609195402298,0.14,0.15384615384615385,0.0,1.4161220043572984,-0.15373216788620822,-0.19232972833122808,-0.33713830740823664,-0.021598935963539782,-0.3877619350384901,-0.1932656374308362,-0.1444589521359689,0.10153914919796193,-0.4217083823231789,1.0,1.0,0.0,2.5,-0.25,-0.25,0.2,0.0,2.0,0.0,0,1,0,0,0,0,1,0,0,0,0,0,0,0,0,1
4611,0.0,0.4827586206896552,-0.26,1.1538461538461537,0.75,-0.9629629629629629,1.1008139663332834,0.5432393695674164,0.5947727511182578,0.5832018435151891,1.0612621587599425,0.16595938491201265,1.0796397012432057,0.3154784929617928,1.2172958518008952,-1.0,-1.0,3.0,-1.0,1.25,1.5,1.6,-0.75,0.0,0.0,0,0,0,1,0,0,0,0,1,0,0,0,0,0,0,1
3376,0.0,-0.4540229885057471,-0.8,-0.3076923076923077,-0.5,-0.43771043771043766,0.11222683243831673,-0.19232972833122808,-0.05787181090462724,-0.10929433017656585,-0.08870296647731721,0.03230062532477855,-0.1444589521359689,-0.20746290290324726,-0.12820907096034687,0.0,-1.0,0.0,-0.5,-0.25,-0.25,0.2,-0.5,1.0,0.5,1,0,0,0,0,0,0,0,1,0,0,0,0,0,0,1
4679,-0.3888888888888889,-0.9166666666666666,-0.14,1.0,0.5,-0.3439153439153439,0.6529325326222777,0.37450362329110004,0.33699565093235834,0.4715199013000401,-0.7755238700769802,0.3097724952177102,0.8731153335702893,0.6122380649615098,0.40963152180849455,0.0,0.0,0.0,0.5,0.75,1.0,1.4,-0.5,1.0,0.0,0,1,0,0,0,0,0,0,1,0,0,0,0,0,0,1
10928,0.6666666666666666,-0.20114942528735633,-0.42,0.15384615384615385,0.75,-0.28322440087145967,0.40382187146384196,0.15272105363968252,0.26986784817944626,0.19661298860927398,-0.20746290290324726,-0.02917420973125466,0.4606976444970845,0.4477288405141499,1.0178633675962592,0.0,0.0,0.0,0.0,0.75,-0.25,0.4,-0.25,0.0,0.5,0,0,0,1,0,0,0,0,0,1,0,0,0,0,0,1
4248,0.5555555555555556,-0.6436781609195402,-0.52,0.3076923076923077,-1.0,-0.9629629629629629,1.0004668168806077,0.5995991627732543,1.0032043254982632,0.5802238742156496,0.28183818133320476,0.8971455723701623,0.8922823203261345,0.9022848982174715,0.2554981117643361,-1.0,-2.0,1.0,-1.0,0.0,1.0,0.8,-1.25,1.0,0.5,0,0,1,0,0,0,0,0,1,0,0,0,0,0,0,1
6728,-0.8333333333333334,0.9051724137931034,-0.22,-0.6923076923076923,0.25,0.9629629629629629,-0.8696416157443491,-0.7736447529211181,-0.6760112674860832,-0.7757215038103391,-0.7755238700769802,-0.5077252649352844,-0.24318664449800542,-0.2862227858405282,-0.731393516412085,0.0,0.0,0.0,0.0,-0.75,-0.5,-0.4,0.75,0.0,0.0,0,0,0,1,0,0,0,0,1,0,0,0,0,1,0,0
6661,-0.2222222222222222,0.9482758620689655,0.28,1.3076923076923077,1.5,-0.06018518518518513,0.41655858651988664,0.4012549896239107,0.2965536188648681,0.4877086521276223,0.7755238700769802,0.44502108004887764,0.3285161072382096,0.7755238700769802,-0.4217083823231789,0.0,0.0,0.0,1.5,1.25,1.0,1.4,0.0,0.0,-0.5,0,1,0,0,0,0,0,0,1,0,0,0,0,0,0,1
4725,1.1111111111111112,-0.8017241379310345,0.44,-0.6153846153846154,-1.5,-0.13756613756613756,-0.02271788185879958,-0.6524690412560705,-0.5667208562101296,-0.5758421620767741,-0.3877619350384901,-0.36725569010023346,-1.007628303794069,-0.5308733279587541,-0.5264628207773835,0.0,0.0,0.0,-0.5,-0.75,-0.25,-0.2,-1.0,2.0,-0.5,0,0,0,1,0,0,0,0,1,0,0,0,0,0,0,1
3277,0.8333333333333334,0.9741379310344828,-0.8,0.0,1.5,-0.19259259259259257,-0.05897153203131628,-0.030065062878223466,0.026803642729066213,0.07613630663906516,-0.2862227858405282,0.1511227049614788,0.28712572369308104,-0.7755238700769802,-0.1887448729086275,0.0,-1.0,0.0,0.0,0.75,-0.25,0.0,0.5,0.0,0.5,1,0,0,0,0,0,0,0,0,1,0,0,0,0,0,1
5555,-0.2777777777777778,-0.6149425287356322,0.64,-1.1538461538461537,-2.25,-0.9629629629629629,1.6793235574222345,-1.493223967940809,-2.168181965153645,-1.4877282074983278,-0.5308733279587541,-1.347057338477785,-0.7353286906280291,-0.5308733279587541,-1.451179391371804,-1.0,-2.0,0.0,-1.0,-1.0,-0.5,-1.0,-1.5,0.0,-0.5,1,0,0,0,0,0,0,1,0,0,0,0,0,0,0,1
2564,0.9444444444444444,-0.5172413793103449,0.76,-0.38461538461538464,0.0,0.1925925925925927,0.2698115038341914,-0.32243832632945224,-0.2244151197367768,-0.14848111439778783,-0.2862227858405282,-0.3255419439953788,-0.576043627965019,-0.08870296647731721,-0.25641814192069373,0.0,0.0,0.0,0.0,-0.25,-0.25,-0.2,0.0,0.0,-0.5,0,0,0,1,0,0,0,0,1,0,0,0,0,0,0,1
946,0.6666666666666666,0.8304597701149425,0.86,-0.3076923076923077,0.0,0.08754208754208763,-1.0136041912980103,-0.23373653568849992,-0.13065189723086804,-0.4445394784782874,0.590840233434414,-0.0951995573419654,0.20667320090127414,0.29905896856117287,0.022534602349784674,-1.0,-1.0,0.0,0.0,-0.25,-0.25,0.0,0.0,-1.0,-0.5,0,0,0,1,0,0,0,0,1,0,0,0,0,1,0,0
3867,1.2777777777777777,-0.15517241379310345,-0.26,0.8461538461538461,1.0,-0.7407407407407407,0.5389172261164725,0.3755172115889192,0.3879296549074652,0.2840643384370668,0.8930366104212158,0.6964273976453236,-1.007628303794069,0.7841329828271124,0.6077626267254462,0.0,0.0,0.0,-0.5,1.25,0.25,1.6,-0.5,2.0,0.0,0,0,0,1,0,0,0,0,1,0,0,0,0,1,0,0
6940,0.2222222222222222,-0.3017241379310345,0.74,-0.23076923076923078,0.0,0.9629629629629629,-0.14483226855327758,-0.21162752752299507,-0.14802950456879108,-0.18287541614550173,-0.5308733279587541,-0.20269812873847687,-0.24318664449800542,-0.5308733279587541,0.6463380979458401,2.0,1.0,1.0,1.0,-0.25,0.0,-0.4,0.0,2.0,-0.5,0,0,1,0,0,0,1,0,0,0,0,0,0,0,0,1
55,0.3888888888888889,0.6120689655172413,0.68,0.5384615384615384,1.0,0.08754208754208763,0.1388731423433495,0.1514863594515496,0.09807129208571161,0.3558674991918614,-0.7755238700769802,-0.01140372710202764,-0.19072946429594947,0.10153914919796193,-0.8199621321402158,0.0,0.0,0.0,1.0,0.75,0.0,0.8,0.0,0.0,-0.5,0,0,0,1,0,0,0,0,1,0,0,0,0,0,0,1
7093,-0.8333333333333334,-0.3706896551724138,0.5,-0.8461538461538461,-0.5,0.48148148148148157,-1.4447440013586985,-1.0533270027820778,-0.8970108754924192,-1.2571159733443953,-0.08870296647731721,-0.9273913017065346,-1.007628303794069,-0.3877619350384901,-0.731393516412085,0.0,0.0,0.0,-0.5,-1.0,-0.5,-0.4,0.25,0.0,-0.5,0,1,0,0,0,0,0,0,1,0,0,1,0,0,0,0
5084,-0.2777777777777778,-0.4885057471264368,0.76,0.6923076923076923,0.25,-0.7222222222222222,0.19435897790403894,0.36490703669162317,0.4219959628123421,0.3112547468334815,0.6324124771567161,0.4379468688267583,0.8206581533682332,0.8463518209205468,1.0370811694421387,0.0,-1.0,0.0,-0.5,0.5,0.5,1.6,-0.5,0.0,-0.5,0,0,0,0,1,0,0,0,1,0,0,0,0,0,0,1
1777,-0.5555555555555556,0.8735632183908046,-0.4,-0.6923076923076923,0.25,0.0,-1.0442376607515895,-0.6162368106110061,-0.4090896979014224,-1.3528286983107507,-0.3877619350384901,-0.6626115125441394,0.4606976444970845,-0.041572243722302185,-0.4217083823231789,-1.0,-1.0,0.0,-0.5,-0.5,-0.5,-0.4,0.5,-2.0,0.5,0,1,0,0,0,0,0,0,1,0,1,0,0,0,0,0
8162,0.7777777777777778,0.5402298850574713,0.78,-0.7692307692307693,-0.5,0.1925925925925927,-1.918887085480134,-0.9940338034885297,-0.9291010727719912,-1.1828754161455015,-0.5308733279587541,-0.6626115125441394,-0.24318664449800542,-0.3877619350384901,-1.2182158819572526,-1.0,-1.0,0.0,-0.5,-0.75,-0.5,-0.4,0.0,1.0,-0.5,0,0,0,1,0,0,0,0,1,0,0,0,0,1,0,0
10826,0.6111111111111112,0.5517241379310345,0.56,-0.7692307692307693,0.0,0.1925925925925927,-1.547339767252894,-0.6926408107857763,-0.426283430209447,-1.0709300510135173,-0.5308733279587541,-0.8174977601529947,0.24085521153310066,-0.20746290290324726,-0.12820907096034687,-1.0,-1.0,0.0,-0.5,-0.75,-0.25,-0.6,0.5,0.0,-0.5,0,1,0,0,0,0,0,0,1,0,1,0,0,0,0,0
8754,-0.2222222222222222,0.15229885057471265,-0.48,-0.8461538461538461,-0.25,0.48148148148148157,-0.2003826322249707,-1.0869675081168189,-0.951369171036892,-0.8173636728039921,-0.7755238700769802,-1.0822775493153898,-1.007628303794069,-0.7755238700769802,-1.0529256415547674,0.0,0.0,0.0,-0.5,-0.75,-0.5,-0.6,0.25,2.0,0.5,0,0,0,1,0,0,0,0,1,0,0,0,0,0,0,1
1987,-0.9444444444444444,-0.22701149425287356,-0.3,-0.6153846153846154,-0.25,0.6878306878306878,-1.3644251540491612,-0.6987531907066324,-0.6444187735273732,-1.4877282074983278,0.07082795084356677,-0.6626115125441394,0.16923104457519936,-0.2862227858405282,-0.25641814192069373,0.0,-1.0,0.0,0.0,-0.5,-0.5,-0.4,0.0,-2.0,0.0,0,0,1,0,0,0,0,0,1,0,1,0,0,0,0,0
11007,0.1111111111111111,0.1724137931034483,-0.12,-0.7692307692307693,0.0,0.1925925925925927,-0.8652310280398686,-0.8980690116780572,-0.7731933616127528,-0.6218052116277316,-0.7755238700769802,-0.8685062832737553,-1.007628303794069,-0.7755238700769802,-1.2182158819572526,0.0,0.0,0.0,-0.5,-0.75,-0.5,-0.4,0.5,2.0,0.0,0,1,0,0,0,0,0,0,1,0,0,0,0,0,0,1
7426,-0.05555555555555555,-0.3505747126436782,0.54,-0.23076923076923078,-0.75,0.48148148148148157,0.09575045575997329,-0.25538899686134403,-0.2244151197367768,-0.14848111439778783,0.2244761299230198,-0.2222919870910548,-0.19072946429594947,0.03718763921497886,-0.15768008000897207,1.0,1.0,0.0,0.5,-0.25,-0.25,0.0,-0.75,-1.0,-0.5,0,1,0,0,0,0,0,0,1,0,0,0,0,0,0,1
9153,0.3333333333333333,-0.0603448275862069,0.64,1.0,0.75,-0.3439153439153439,0.21970177023409754,0.35930934318897984,0.3097778820075445,0.2904780913055955,0.6811734851375101,0.7036181321131288,0.7187103995221312,0.6190917972785056,-0.471701526830916,0.0,0.0,0.0,0.5,0.75,1.5,1.0,-0.25,2.0,-0.5,0,1,0,0,0,0,0,0,1,0,0,0,0,1,0,0
10379,0.4444444444444444,-0.35344827586206895,0.76,0.46153846153846156,0.5,0.4126984126984127,0.21823017567721306,0.13698290974342642,0.1028089072005121,0.20901329819039266,0.03718763921497886,0.22640039934041398,0.16923104457519936,0.18029903213524281,0.6963312424535769,1.0,0.0,0.0,1.5,0.25,0.0,0.8,0.0,1.0,-0.5,0,0,1,0,0,0,0,0,1,0,0,0,0,0,0,1
9204,0.0,0.8591954022988506,-0.32,0.15384615384615385,-0.5,0.3965141612200436,0.4002713715390666,0.35255011628378485,0.6294474094248936,0.2508940495726001,1.0157898076878829,0.4024301889231394,0.5942131229410537,0.8737796828181837,0.9979804593974564,0.0,-1.0,0.0,1.0,0.0,0.25,0.2,-0.75,0.0,0.0,0,0,0,0,1,0,0,0,1,0,0,0,0,0,0,1
3197,-0.5555555555555556,-0.46264367816091956,-0.22,0.38461538461538464,0.25,-0.38518518518518513,0.6263184740577961,0.1940782388771032,0.23654070155112603,0.15158449901715437,0.6696001163716948,0.17672056099836142,0.6613730907052233,0.8568886070797357,0.5030081882712415,0.0,0.0,0.0,0.0,0.5,0.5,0.6,-0.5,0.0,0.0,0,1,0,0,0,0,0,0,1,0,0,0,0,0,0,1
2920,-0.2777777777777778,0.6293103448275862,0.28,0.07692307692307693,0.25,-0.2407407407407407,0.03652841516753017,0.3382763679982518,0.644138951766827,0.5014657799621002,-0.7755238700769802,0.2839520953418783,0.0,0.03718763921497886,0.2554981117643361,0.0,-1.0,0.0,0.0,-0.5,0.5,0.6,0.5,2.0,-0.5,0,0,1,0,0,0,0,0,1,0,0,0,0,0,0,1
6961,-0.2222222222222222,-0.9137931034482759,-0.46,-0.8461538461538461,0.0,0.48148148148148157,-0.9986001828473627,-1.2939081469693843,-1.2705562266487218,-1.4877282074983278,-0.5308733279587541,-0.9273913017065346,-1.007628303794069,-0.2862227858405282,-1.451179391371804,1.0,1.0,0.0,-0.5,-0.75,-0.5,-0.6,0.5,0.0,0.5,0,1,0,0,0,0,0,0,1,0,0,0,0,1,0,0
4673,0.3888888888888889,0.7212643678160919,-0.64,0.46153846153846156,1.5,-0.13756613756613756,0.7024788037243761,0.4217616647734557,0.6134306620062149,0.581550707984494,0.1297907130420535,0.2918831031746818,0.3659582635642842,0.1297907130420535,0.2252511961698712,0.0,0.0,2.0,0.5,1.5,0.25,0.0,-0.25,2.0,0.5,0,1,0,0,0,0,0,0,0,1,0,0,0,0,0,1
9937,-0.5,-0.5114942528735632,0.52,0.15384615384615385,-1.5,-0.6230936819172113,0.48081095198139506,0.1382669060535978,0.2440257370192597,0.02384017154751048,0.7798546743976487,0.3022079611225008,0.2722996131660399,0.5601290350800188,0.7485998699746281,-1.0,-2.0,0.0,-0.5,-0.5,0.0,1.4,-1.25,0.0,-0.5,0,0,1,0,0,0,0,0,1,0,0,0,0,0,0,1
8779,-0.8333333333333334,0.06321839080459771,-0.72,-0.23076923076923078,1.0,0.9629629629629629,-0.5380251778019336,-0.3071645684866943,-0.3141751055504913,-0.3732046439115666,-0.20746290290324726,0.047481291330751844,0.12784066103007083,-0.5308733279587541,-0.15768008000897207,0.0,0.0,2.0,1.0,0.0,-0.25,-0.4,0.75,-1.0,0.5,0,1,0,0,0,0,0,0,0,1,0,0,0,1,0,0
9596,-0.5555555555555556,-0.4827586206896552,-0.6,0.38461538461538464,-1.0,-0.674074074074074,0.36698002560054016,0.19075674439838208,0.2306095184273777,0.24548412343870363,0.4585898858820568,0.21054764784987304,0.3890734775391832,0.8867336550022494,-0.731393516412085,-1.0,-2.0,0.0,-0.5,-0.25,0.25,1.6,-1.0,2.0,0.5,0,0,1,0,0,0,0,0,1,0,0,0,0,0,0,1
2891,0.3888888888888889,-0.29310344827586204,0.04,0.6153846153846154,1.25,-0.4605475040257649,0.4317534529098235,0.314385754320224,0.35950182672850384,0.4077126078931225,0.346189691316188,0.2294935052179633,-0.06562641226476575,0.346189691316188,1.0483106873468813,0.0,-1.0,0.0,0.0,1.0,1.75,-0.2,0.0,0.0,0.0,1,0,0,0,0,1,0,0,0,0,0,0,0,0,0,1
4910,0.16666666666666666,0.896551724137931,0.64,1.1538461538461537,2.25,-0.7703703703703704,0.44573073766140087,0.6115522981124888,0.7183320950077703,0.6214356380696106,0.955822902212223,0.6622809227452696,1.0235720403993935,0.955822902212223,0.8817835062946883,-1.0,-2.0,0.0,-0.5,1.75,0.75,1.6,0.25,0.0,-0.5,1,0,0,0,0,0,0,0,1,0,0,0,0,0,0,1
75,-0.6666666666666666,-0.04885057471264368,-0.34,0.0,1.75,-0.5777777777777777,-0.34369767665639445,0.06084238700467061,0.18827903310886304,-0.5354650255067588,0.10153914919796193,0.27035647928127343,1.0324003962332995,0.6811734851375101,0.3503461201575912,-1.0,-1.0,0.0,-0.5,1.0,-0.25,0.0,0.5,-1.0,0.0,0,0,0,1,0,0,0,0,0,1,1,0,0,0,0,0
10120,0.8333333333333334,-0.3103448275862069,0.7,-0.23076923076923078,-0.25,0.0,-0.42380547606617064,-0.15937111617477678,-0.05626334692942746,-0.13395028421677588,-0.08870296647731721,0.07614446889381445,-0.24318664449800542,-0.08870296647731721,0.29807749263654026,0.0,0.0,0.0,0.0,-0.25,-0.25,0.2,-0.25,0.0,-0.5,0,0,0,1,0,0,0,0,1,0,0,0,0,0,0,1
6327,0.16666666666666666,-0.47126436781609193,0.76,0.15384615384615385,-1.5,-0.6230936819172113,0.3782353566892271,0.39233626632661023,0.7014537607096779,0.390529626301374,0.4585898858820568,0.7098008692112728,0.31519804194714235,0.4585898858820568,0.45301504376350465,-1.0,-1.0,0.0,-0.5,-0.5,1.5,0.2,-1.25,0.0,-0.5,0,0,0,1,0,1,0,0,0,0,0,0,0,0,0,1
10142,-0.3333333333333333,0.35344827586206895,1.0,0.38461538461538464,0.0,-0.38518518518518513,0.39441224368696326,0.2044037013882272,0.2549881644172837,0.25178721286493627,0.2637338989659208,0.23862533024581378,0.5131548246991405,0.5981179371223457,0.6610711797971361,0.0,-1.0,0.0,0.0,0.25,0.0,1.2,-0.5,2.0,-0.5,1,0,0,0,0,0,0,0,1,0,0,0,0,0,0,1
9826,-0.1111111111111111,0.8591954022988506,0.94,0.5384615384615384,-0.5,-0.7003367003367003,0.8036610408356497,0.6186129530091389,0.939214320566157,0.5448375643521409,0.8603321087721983,0.9598437237703468,0.9164650493643182,0.8603321087721983,0.28423203449009354,-1.0,-2.0,1.0,-0.5,0.25,1.0,1.0,-1.0,2.0,-0.5,0,0,1,0,0,0,0,0,1,0,0,0,0,0,0,1
1501,-0.6666666666666666,0.9712643678160919,-0.56,2.230769230769231,-2.25,1.0067340067340067,1.7462324052768043,0.5417357172135232,0.3373814028035197,-0.37909334855171994,0.2244761299230198,1.2118929758959096,0.12784066103007083,-0.2862227858405282,-0.9247165705944205,-1.0,-1.0,0.0,6.5,-1.0,6.5,-0.8,-1.5,2.0,0.5,0,1,0,0,0,1,0,0,0,0,0,0,0,1,0,0
10767,-1.0555555555555556,-0.896551724137931,-0.18,0.46153846153846156,-1.25,-0.6878306878306878,0.6360213543343249,0.451772725889573,0.6677061637498024,0.48902282023490107,0.5352041322794227,0.7473224845399347,-1.007628303794069,0.5352041322794227,0.04421863650592419,-1.0,-1.0,2.0,-0.5,-0.25,0.75,1.4,-1.25,2.0,0.0,0,0,0,1,0,0,0,0,1,0,0,0,0,0,0,1
7279,0.05555555555555555,-0.2413793103448276,-0.92,0.0,-0.75,-0.5777777777777777,0.46196228217905966,0.3578965790415704,0.7228359609293792,0.1329928957944722,0.8007457490195096,0.8054125047903431,0.6261693752021701,0.03718763921497886,0.57492176221098,-1.0,-1.0,0.0,-0.5,0.0,1.0,-0.2,-1.0,2.0,0.5,0,0,0,1,0,1,0,0,0,0,0,0,0,1,0,0
7230,0.5555555555555556,0.7959770114942529,0.98,0.5384615384615384,0.25,0.6127946127946128,-0.022869060657504738,0.0808359353495665,-0.026844227127599526,0.32153778118240367,-0.7755238700769802,-0.38223786481114475,-0.24318664449800542,-0.7755238700769802,-0.9247165705944205,0.0,-1.0,2.0,2.0,0.0,0.75,0.4,0.0,2.0,-0.5,1,0,0,0,0,0,0,0,1,0,0,0,0,0,0,1
143,0.0,-0.13793103448275862,0.48,-0.15384615384615385,-0.5,-0.5185185185185185,0.2680873425867154,0.32575276100231965,0.7604023367152425,0.3265625193778511,-0.7755238700769802,0.4570942087313561,0.8731153335702893,0.6052486063887117,0.796507499634074,-1.0,-2.0,0.0,-0.5,0.25,0.25,-0.2,-1.0,0.0,-0.5,0,0,1,0,0,0,0,0,0,1,0,0,0,0,0,1
450,0.6666666666666666,-0.011494252873563218,0.82,-0.23076923076923078,-1.25,0.48148148148148157,-0.29684077516921176,-0.141192494495426,-0.024211990689124607,-0.31449703550247415,0.20307829839592387,0.06682701944482146,0.12784066103007083,0.10153914919796193,0.6754358957375127,0.0,0.0,0.0,0.5,-0.75,0.5,-0.2,-0.75,1.0,-0.5,0,0,0,1,0,1,0,0,0,0,0,0,0,1,0,0
9316,1.0,-0.33620689655172414,-0.4,-0.7692307692307693,-0.5,0.1925925925925927,-2.0930315877702035,-0.9550724787901951,-0.8663688591569083,-1.3528286983107507,-0.7755238700769802,-0.8174977601529947,-0.4630290774619893,-0.041572243722302185,-0.471701526830916,-1.0,-1.0,0.0,-0.5,-0.75,-0.5,-0.4,0.0,-2.0,0.5,0,0,0,1,0,0,0,0,1,0,0,0,1,0,0,0
6379,1.1666666666666667,0.11494252873563218,-0.92,-0.46153846153846156,0.0,0.9629629629629629,-0.11769887203992241,-0.43632152270221347,-0.35473140235694967,-0.31449703550247415,-0.5308733279587541,-0.448840246502505,-1.007628303794069,-0.3877619350384901,0.14183560789634314,1.0,0.0,1.0,0.5,-0.5,0.0,-0.6,0.25,1.0,0.5,0,0,0,0,1,0,1,0,0,0,0,0,0,0,0,1
9239,0.5,-0.05172413793103448,0.9,-0.5384615384615384,-1.0,-0.2407407407407407,0.28583540403104873,-0.4214684994065614,-0.25416218823674924,-0.21033041873526448,-0.20746290290324726,-0.48707177625345005,-0.4630290774619893,-0.2862227858405282,-0.731393516412085,1.0,1.0,0.0,-0.5,-0.5,-0.25,-0.2,-0.75,1.0,-0.5,0,1,0,0,0,0,0,0,1,0,0,0,0,0,0,1
8315,-1.3888888888888888,-0.75,0.32,-0.8461538461538461,-0.5,0.48148148148148157,-0.5950019558240889,-1.0375888588858215,-0.8713808092182469,-1.1828754161455015,-0.3877619350384901,-0.6626115125441394,-0.576043627965019,-0.7755238700769802,-0.9247165705944205,-1.0,-2.0,0.0,-0.5,-0.75,-0.5,-0.6,0.0,0.0,-0.5,0,0,1,0,0,0,0,0,1,0,0,0,0,1,0,0
2868,1.1666666666666667,0.2614942528735632,-0.32,-0.5384615384615384,0.25,1.2037037037037037,-1.0119875037269936,-0.7112896646823601,-0.745470485821277,-0.7054183076720079,-0.5308733279587541,-0.3255419439953788,-0.4630290774619893,-0.2862227858405282,-1.2182158819572526,1.0,0.0,1.0,0.5,-0.5,-0.5,-0.4,0.5,2.0,0.0,0,0,1,0,0,0,0,0,1,0,0,0,0,1,0,0
10888,0.5,-0.3390804597701149,-0.06,0.38461538461538464,1.25,-0.38518518518518513,-0.17112233426742693,0.17484932122894659,0.20222441327974985,0.14916482924948987,0.10153914919796193,0.36972603599405635,0.6199827071600946,0.7883600527976249,0.10475443845420482,-1.0,-2.0,0.0,0.0,1.0,0.5,0.2,0.0,0.0,0.0,0,0,1,0,0,0,0,0,0,1,0,0,0,0,0,1
1277,0.5555555555555556,-0.7902298850574713,-0.4,1.0,1.25,-0.7566137566137565,0.6482201097339172,0.34346389587577425,0.28142356391030676,0.30294617795972123,0.33116801477775093,0.6662292420172924,0.8206581533682332,0.33116801477775093,0.19332305418233545,-1.0,-1.0,1.0,-0.5,1.5,1.25,1.0,-0.5,0.0,0.5,0,0,0,1,0,0,0,0,0,1,0,0,0,0,0,1
9977,-0.16666666666666666,-0.20402298850574713,1.0,0.38461538461538464,1.0,-0.09629629629629628,0.6566416226640422,0.2277666631656242,0.2967788273401271,0.20287091216045552,0.10153914919796193,0.5795133474700859,0.3776858598750006,0.38776193503849,0.19332305418233545,0.0,-1.0,0.0,0.5,1.25,0.25,0.0,-0.5,0.0,-0.5,1,0,0,0,0,0,0,0,0,1,0,0,0,0,0,1
10196,-0.4444444444444444,-0.7097701149425287,-0.46,0.38461538461538464,0.75,-0.38518518518518513,0.504344575551538,0.16185214882061405,0.17905851552862617,0.06537822439993456,0.9258240272557361,0.36758599404537184,0.08157014887009044,0.6978516802157864,-0.02345463250614205,1.0,1.0,0.0,0.0,1.0,0.0,0.6,-0.5,0.0,0.5,0,1,0,0,0,0,0,0,0,1,0,0,0,0,0,1
6384,-0.4444444444444444,-0.6264367816091954,-0.38,0.46153846153846156,1.0,-0.13756613756613756,0.4956426267642829,0.48003895528023915,0.7188851962879056,0.5485138793996389,0.1297907130420535,0.5392660004356735,-1.007628303794069,0.1297907130420535,1.3066531549691007,0.0,-1.0,1.0,0.5,0.25,0.0,1.2,0.5,0.0,0.5,1,0,0,0,0,0,0,0,1,0,0,0,0,0,0,1
8029,-1.0,-0.8477011494252874,-0.44,0.0,-1.25,-0.5777777777777777,0.8622539826169463,0.5204724387501782,1.018203385842937,0.636365289149677,0.4585898858820568,0.6291330714853558,0.20667320090127414,0.2244761299230198,-0.22158573742309376,-1.0,-2.0,4.0,-0.5,-0.25,0.5,0.4,-1.25,1.0,0.5,0,0,1,0,0,0,0,0,1,0,0,0,0,0,0,1
968,0.1111111111111111,-0.49137931034482757,-0.5,-0.23076923076923078,0.5,0.48148148148148157,-0.33269955010891067,-0.27641634673446774,-0.26095340633981157,-0.14552373380004507,0.28183818133320476,-0.43106976387327783,0.10538624670896068,0.18029903213524281,-0.8199621321402158,0.0,-1.0,0.0,0.5,0.0,-0.25,-0.2,0.25,1.0,0.5,1,0,0,0,0,0,0,0,0,1,0,0,0,0,0,1
6988,-0.8888888888888888,0.514367816091954,0.88,0.5384615384615384,0.75,-0.43771043771043766,0.5155517329466784,0.4774869053595036,0.6831334206255075,0.4401323155749587,0.7755238700769802,0.7269336280049862,0.5520822202293374,0.8770630192749421,0.7609564475007234,0.0,0.0,2.0,0.0,1.0,0.5,0.6,-0.5,0.0,-0.5,0,1,0,0,0,0,0,0,0,1,0,0,0,0,0,1
4472,0.0,-1.0172413793103448,-0.3,-0.6923076923076923,-1.5,0.0,-0.55775453872488,-0.7112896646823601,-0.5713250511400829,-0.6609919958489534,-0.7755238700769802,-0.7725050540976793,-0.24318664449800542,-0.3877619350384901,-0.15768008000897207,0.0,-1.0,0.0,-0.5,-0.75,-0.25,-0.4,-1.0,2.0,0.0,1,0,0,0,0,0,0,0,1,0,0,0,0,0,0,1
6991,1.0555555555555556,0.2557471264367816,0.78,0.38461538461538464,2.0,-0.38518518518518513,-0.26569610041081304,0.17542938498051944,0.2032588630622765,0.37364976082023293,-0.08870296647731721,-0.17507188995082262,0.10538624670896068,-0.08870296647731721,0.12359411675246054,0.0,-1.0,0.0,0.0,1.25,0.25,0.2,0.5,0.0,-0.5,1,0,0,0,0,0,0,0,0,1,0,0,0,0,0,1
3336,1.2222222222222223,-0.39080459770114945,0.94,-0.07692307692307693,0.0,0.2751322751322751,0.3920853533095527,0.3222623154838439,0.7044502334510963,0.46734656694326626,-0.7755238700769802,-0.1493095574899771,-1.007628303794069,-0.7755238700769802,1.1713066169449684,0.0,0.0,1.0,0.5,-0.5,0.5,0.0,0.25,2.0,-0.5,0,0,0,1,0,0,0,0,1,0,0,0,0,0,0,1
4301,-0.05555555555555555,0.514367816091954,-0.78,-0.7692307692307693,-0.25,0.1925925925925927,-0.5795241305452941,-0.6987531907066324,-0.43681257369289855,-0.6609919958489534,-0.5308733279587541,-0.6037264941113603,-0.576043627965019,-0.3877619350384901,-0.15768008000897207,0.0,0.0,2.0,-0.5,-0.75,-0.25,-0.6,0.25,1.0,0.5,0,1,0,0,0,0,0,0,1,0,0,0,0,0,0,1
1940,-0.8888888888888888,-0.011494252873563218,-0.46,-0.8461538461538461,0.0,0.48148148148148157,-1.086847738064501,-1.1239774268840612,-1.0104600024643449,-1.4877282074983278,-0.2862227858405282,-0.9970374962256624,-0.576043627965019,-0.3877619350384901,-0.731393516412085,0.0,0.0,0.0,-0.5,-0.75,-0.5,-0.6,0.5,0.0,0.5,0,1,0,0,0,0,0,0,1,0,0,0,1,0,0,0
1272,0.2777777777777778,0.7471264367816092,0.0,0.8461538461538461,0.75,-0.07407407407407397,0.11134073815251314,0.30429809753894127,0.2603456762916861,0.4441590288924253,0.6636679410374086,0.0807193318222853,0.3659582635642842,-0.7755238700769802,0.56640962563556,0.0,-1.0,0.0,1.0,0.75,0.75,1.0,-0.25,1.0,0.0,0,0,1,0,0,0,0,0,1,0,0,0,0,0,0,1
1388,-0.2777777777777778,0.39655172413793105,-0.76,-0.5384615384615384,-0.25,0.48148148148148157,-0.6658285320924885,-0.46465976671174697,-0.3291013360827774,-1.0709300510135173,0.07082795084356677,-0.43106976387327783,0.16923104457519936,0.18029903213524281,0.31159714487129303,0.0,-1.0,0.0,0.0,-0.5,-0.25,-0.4,0.0,0.0,0.5,0,0,1,0,0,0,0,0,1,0,0,0,1,0,0,0
1044,0.9444444444444444,0.15804597701149425,-0.1,0.38461538461538464,0.0,-0.09629629629629628,0.19614198186639703,0.15086746296264628,0.15949861832726647,0.1793258210106313,-0.14311139292026412,0.41590249412387403,0.20667320090127414,0.3154784929617928,0.3982537498170369,-1.0,-1.0,0.0,0.5,0.25,0.5,0.6,-0.5,0.0,0.0,0,0,0,1,0,0,0,0,1,0,0,0,0,0,0,1
6969,-0.6666666666666666,-0.08620689655172414,0.52,-0.15384615384615385,0.5,0.3703703703703705,-0.03315397233402629,-0.19547690107889226,-0.1713209378765529,-0.18618592233087805,0.15594757564090878,-0.005659310750486772,0.4789728140673139,0.0,-0.9247165705944205,0.0,0.0,0.0,0.5,0.0,-0.25,0.0,0.25,0.0,-0.5,0,0,0,1,0,0,0,0,1,0,0,0,0,0,0,1
10479,-0.2777777777777778,0.6120689655172413,0.3,-0.3076923076923077,-1.25,-0.43771043771043766,0.6117077446302994,0.4945032757818498,1.179782740914015,0.4841786123634575,0.5352041322794227,0.5605674901019956,0.8796087921797341,1.017988918377414,1.0217586958039446,-1.0,-1.0,0.0,-0.5,-0.25,0.0,0.0,-1.25,2.0,-0.5,0,1,0,0,0,0,0,0,1,0,0,0,0,0,0,1
3619,0.5555555555555556,0.8275862068965517,-0.6,0.15384615384615385,-0.5,-0.6230936819172113,0.8115341525407236,0.3942656127856543,0.704948362679484,0.22678801818086822,0.37444125516027954,0.7636462830361508,0.6261693752021701,0.9661289226725314,0.6754358957375127,-1.0,-2.0,2.0,-0.5,0.25,0.25,0.6,-1.0,-1.0,0.5,1,0,0,0,0,0,0,0,1,0,0,0,0,1,0,0
1715,-0.4444444444444444,0.4224137931034483,-0.08,-0.6153846153846154,0.0,0.6878306878306878,-1.0509713138268655,-0.7736447529211181,-0.7682362874070394,-0.9522631819915691,-0.20746290290324726,-0.48707177625345005,-0.19072946429594947,-0.14311139292026412,-0.8199621321402158,0.0,0.0,0.0,0.0,-0.5,-0.5,-0.4,0.25,0.0,0.0,0,0,0,1,0,0,0,0,1,0,0,0,0,1,0,0
10159,0.0,0.28448275862068967,0.56,1.2307692307692308,2.0,0.1553166069295102,0.20429629664813198,0.40470075468640015,0.3237226000759951,0.30750382630824463,0.7798546743976487,0.6460664361116645,-1.007628303794069,0.9229660673179124,1.1180396247767563,0.0,-1.0,0.0,2.0,1.75,0.75,0.8,0.0,0.0,-0.5,1,0,0,0,0,0,0,0,0,1,0,0,0,0,0,1
1463,0.6666666666666666,-0.7586206896551724,-0.8,-0.8461538461538461,-0.25,0.48148148148148157,-0.19726185439218105,-1.0697648452140578,-0.9236462952454159,-0.9873169549692411,-0.3877619350384901,-0.9273913017065346,-0.4630290774619893,-0.7755238700769802,-1.0529256415547674,1.0,0.0,0.0,-0.5,-0.75,-0.5,-0.6,0.25,0.0,0.5,0,0,1,0,0,0,0,0,1,0,0,0,0,0,0,1
5114,0.2777777777777778,0.5775862068965517,-0.96,0.07692307692307693,0.0,-0.2407407407407407,0.5750804952621654,0.32882796014516624,0.6270490677885286,0.4471474004199637,0.03718763921497886,0.4973415557657681,-1.007628303794069,0.4129838139810195,-0.5264628207773835,0.0,0.0,0.0,0.0,0.25,0.5,0.0,-0.5,1.0,0.5,0,1,0,0,0,0,0,0,0,1,0,0,0,0,0,1
4990,0.8888888888888888,0.1925287356321839,0.82,0.46153846153846156,2.25,-0.6878306878306878,0.21471327603915774,0.29012175140438234,0.37626185536222845,0.3655117433415094,-0.7755238700769802,0.2619606140880888,0.31519804194714235,0.4129838139810195,1.05200561139841,-1.0,-1.0,0.0,-0.5,1.75,-0.25,0.6,0.25,0.0,-0.5,0,1,0,0,0,0,0,0,0,1,0,0,0,0,0,1
4329,-0.7777777777777778,-0.9166666666666666,-0.12,-0.6923076923076923,-0.25,0.9629629629629629,-1.5231328070109078,-1.1651076174231962,-1.2858179060151536,-1.0709300510135173,-0.7755238700769802,-0.8685062832737553,-0.576043627965019,-0.5308733279587541,-1.451179391371804,0.0,0.0,0.0,0.0,-0.75,-0.5,-0.4,0.25,2.0,0.0,0,1,0,0,0,0,0,0,1,0,0,0,0,0,0,1
10936,0.2777777777777778,0.4166666666666667,0.6,0.07692307692307693,-0.25,-0.6018518518518519,0.5206053998590563,0.5881970846156929,1.098122559525317,0.40882719227417763,1.0309033879174694,0.8304920908875743,1.0168180866247318,1.0309033879174694,1.3229703204114573,-1.0,-1.0,0.0,-0.5,0.25,1.0,-0.2,-0.75,0.0,-0.5,0,1,0,0,0,1,0,0,0,0,0,0,0,0,0,1
4692,-0.3333333333333333,0.9798850574712644,-0.6,-0.23076923076923078,1.0,1.4444444444444444,-2.944574468496162,-0.6313323990618314,-0.8548161794572204,-1.026503739190463,-0.7755238700769802,-0.6320354792626287,0.02911296866803439,-0.041572243722302185,0.15951573240067232,0.0,0.0,2.0,1.5,0.0,-0.25,-0.6,0.75,0.0,0.5,0,1,0,0,0,0,1,0,0,0,0,0,1,0,0,0
7212,0.2222222222222222,-0.9626436781609196,1.0,-0.6923076923076923,-0.25,0.0,-0.2097150032106643,-0.6635083853900678,-0.49014000856964185,-0.3850881616687997,-0.7755238700769802,-0.8174977601529947,-1.007628303794069,-0.7755238700769802,-0.9247165705944205,0.0,0.0,0.0,-0.5,-0.5,-0.5,-0.4,0.0,0.0,-0.5,0,1,0,0,0,0,0,0,1,0,0,0,0,0,0,1
6086,0.8333333333333334,-0.39655172413793105,0.26,0.6923076923076923,-0.25,-0.7222222222222222,0.6853480298036885,0.46099085660831474,0.5951598221751426,0.3112547468334815,0.37444125516027954,0.8944535493279037,0.7187103995221312,0.7576488544432298,0.3866461083646709,-1.0,-1.0,1.0,-0.5,0.5,0.75,1.4,-1.0,0.0,-0.5,0,1,0,0,0,0,0,0,1,0,0,0,0,1,0,0
437,-0.3333333333333333,-0.5775862068965517,-0.16,0.6153846153846154,-1.25,-0.7117552334943639,0.579288958456226,0.35183137832029376,0.4267556367460728,0.17373404019793445,0.9761425339626003,0.4467693507835371,0.9982183856014728,0.6636679410374086,1.0370811694421387,-1.0,-2.0,0.0,-0.5,-0.25,1.5,1.2,-1.25,1.0,0.0,1,0,0,0,0,0,0,0,1,0,0,0,0,0,0,1
11171,0.2777777777777778,-0.27298850574712646,0.22,0.46153846153846156,1.0,0.9629629629629629,0.15804067013350198,0.01371444810459564,-0.11460049681694807,0.17147074489430597,-0.2862227858405282,0.052410346671016864,-0.06562641226476575,-0.2862227858405282,0.04421863650592419,2.0,2.0,0.0,2.5,0.5,0.25,0.0,0.25,1.0,0.0,0,1,0,0,0,0,1,0,0,0,0,0,0,0,0,1
11101,-1.1666666666666667,0.2413793103448276,-0.64,0.8461538461538461,1.5,-0.7407407407407407,0.8562052242348012,0.2758222678160479,0.20951147711854093,0.2856794053299187,0.33116801477775093,0.2562590681129749,0.6008157204042494,0.4129838139810195,1.146853619791665,-1.0,-1.0,1.0,-0.5,1.75,1.0,0.6,-0.5,0.0,0.5,0,0,0,1,0,0,0,0,0,1,0,0,0,0,0,1
5329,1.1666666666666667,-0.23275862068965517,-0.5,-0.8461538461538461,-1.0,0.48148148148148157,-0.5464738199073969,-1.2939081469693843,-1.2705562266487218,-0.9873169549692411,-0.7755238700769802,-1.0822775493153898,-1.007628303794069,-0.7755238700769802,-1.849433141188841,1.0,0.0,0.0,-0.5,-1.0,-0.5,-0.4,-0.25,2.0,0.5,1,0,0,0,0,0,0,0,1,0,0,0,0,0,0,1
610,0.9444444444444444,0.9626436781609196,0.22,0.6153846153846154,1.5,1.0466988727858293,0.06474208010939944,0.07097426917209715,-0.07304347553821851,0.23061223415393214,-0.20746290290324726,0.05727660978811897,-0.24318664449800542,-0.7755238700769802,0.32480597280315754,1.0,1.0,0.0,3.0,0.75,0.0,0.2,0.5,2.0,0.0,0,0,0,1,0,0,1,0,0,0,0,0,0,0,0,1
9384,-0.4444444444444444,0.07471264367816093,0.16,0.6153846153846154,-0.5,0.7954911433172305,0.3920392405303356,0.15701030464601395,0.07876688676654087,0.21002609387838853,0.03718763921497886,0.23256176660337322,0.0,0.36059806427048563,0.8512687935805415,1.0,1.0,0.0,2.5,0.0,0.0,1.0,-0.75,0.0,0.0,0,1,0,0,0,0,0,0,1,0,0,0,0,0,0,1
5956,1.2222222222222223,-0.28735632183908044,0.5,0.07692307692307693,1.25,0.8425925925925927,-0.20024681381746343,-0.12256601079731878,-0.1775609464116351,-0.06256556538178842,-0.3877619350384901,0.14732171351364587,-0.19072946429594947,-0.3877619350384901,0.12359411675246054,2.0,1.0,0.0,1.5,0.5,-0.25,-0.2,0.5,2.0,-0.5,1,0,0,0,0,0,0,0,0,1,0,0,0,0,0,1
10430,-0.16666666666666666,-0.2672413793103448,-0.54,-0.07692307692307693,0.0,0.2751322751322751,0.852847714065573,0.4848398568432481,0.9997494771748892,0.619669068645266,0.4129838139810195,0.4343600209828249,0.4213803280400368,0.4129838139810195,0.31159714487129303,1.0,0.0,3.0,0.5,0.0,0.25,-0.2,-0.25,0.0,0.5,1,0,0,0,0,0,0,0,0,1,0,0,0,0,0,1
7875,1.1666666666666667,-0.8477011494252874,-0.06,0.8461538461538461,-0.75,-0.7407407407407407,0.5171035823603463,0.53302411136818,0.6719158306716014,0.5690707697629406,-0.7755238700769802,0.8430588981152821,0.4789728140673139,0.6122380649615098,-1.849433141188841,-1.0,-1.0,4.0,-0.5,0.0,1.5,1.6,-1.0,0.0,0.0,0,1,0,0,0,0,0,0,1,0,0,0,0,0,0,1
7072,-0.16666666666666666,0.29022988505747127,0.4,0.3076923076923077,0.75,-0.35477582846003897,0.41626358459603113,0.4487405089566842,0.729185241801309,0.3014129811147059,0.7711392655696567,0.6170400864514459,1.028011017590513,0.9610135269918738,1.1047544384542052,0.0,0.0,0.0,0.0,1.0,0.75,-0.2,-0.5,0.0,-0.5,0,1,0,0,0,0,0,0,0,1,0,0,0,0,0,1
6255,1.0,-0.9482758620689655,-0.4,-0.15384615384615385,-0.75,-0.5185185185185185,0.4853298007675896,-0.06279256394821604,0.06229042994108198,-0.07662553606130001,0.5264887234514308,-0.023158392665809147,0.5737121950001144,0.2637338989659208,-0.07344777701387911,0.0,0.0,0.0,-0.5,0.0,-0.25,0.4,-1.0,1.0,0.5,0,0,0,1,0,0,0,0,1,0,0,0,0,0,0,1
6516,-1.0555555555555556,0.3218390804597701,-0.24,-0.8461538461538461,-0.25,0.48148148148148157,-1.6491508454767045,-1.1239774268840612,-1.0104600024643449,-1.7183404416522603,-0.7755238700769802,-1.347057338477785,-0.19072946429594947,-0.20746290290324726,-0.731393516412085,0.0,0.0,0.0,-0.5,-0.75,-0.5,-0.6,0.25,-2.0,0.0,0,1,0,0,0,0,0,0,1,0,1,0,0,0,0,0
5564,0.05555555555555555,0.9568965517241379,-0.46,0.38461538461538464,0.5,-0.38518518518518513,0.30935414356657004,0.4495699460875344,0.6963544310820763,0.3558674991918614,0.9531986810242506,0.7605902948274599,0.7088887554180855,0.36059806427048563,0.784899858181708,0.0,0.0,0.0,0.0,0.75,0.75,0.2,-0.5,0.0,0.5,0,0,0,1,0,0,0,0,0,1,0,0,0,0,0,1
5682,0.9444444444444444,0.3074712643678161,-0.82,1.1538461538461537,0.5,-0.19259259259259257,0.3389038677967801,0.3768643553950089,0.2955768515379986,0.562475499644405,0.07082795084356677,0.09412409277587154,0.02911296866803439,0.3154784929617928,-0.07344777701387911,0.0,-1.0,0.0,1.0,0.5,1.75,1.2,-0.25,2.0,0.5,0,0,1,0,0,0,0,0,1,0,0,0,0,0,0,1
7458,0.7777777777777778,0.3563218390804598,-0.46,-0.5384615384615384,0.5,0.48148148148148157,-0.5898690647009454,-0.517325464837555,-0.41978466146894056,-0.4910387136837044,-0.3877619350384901,-0.36725569010023346,-0.37536818175688036,-0.2862227858405282,0.0,1.0,1.0,0.0,0.0,-0.25,-0.5,-0.4,0.5,1.0,0.5,0,0,0,1,0,0,0,0,0,1,0,0,0,0,0,1
5237,1.1111111111111112,-0.5086206896551724,0.6,-0.46153846153846156,-0.5,0.9629629629629629,-0.07966765720786789,-0.6748874544591233,-0.7559996293047285,-0.5980305908885469,-0.5308733279587541,-0.43106976387327783,-0.4630290774619893,-0.7755238700769802,-0.471701526830916,2.0,1.0,0.0,0.5,-0.5,-0.25,-0.4,-0.25,2.0,-0.5,0,0,1,0,0,0,0,0,1,0,0,0,0,0,0,1
7761,-0.4444444444444444,-0.06896551724137931,0.44,-0.46153846153846156,0.0,0.32098765432098764,-0.4334232735398304,-0.47460988895130574,-0.4205036834005015,-0.840317816859585,0.10153914919796193,-0.38223786481114475,0.02911296866803439,0.0,0.28423203449009354,0.0,0.0,0.0,0.0,-0.25,-0.5,-0.2,0.0,-1.0,-0.5,0,0,0,1,0,0,0,0,1,0,0,0,1,0,0,0
5278,0.3333333333333333,-0.5775862068965517,0.68,0.46153846153846156,0.0,-0.6878306878306878,0.719773606415132,0.30388881076135155,0.40098696119477484,0.18808167177104915,0.38776193503849,0.6376935751332802,0.9308565964603749,0.4477288405141499,0.28423203449009354,-1.0,-1.0,1.0,-0.5,0.5,1.75,0.0,-0.75,0.0,-0.5,0,1,0,0,0,1,0,0,0,0,0,0,0,1,0,0
3560,1.0,0.16379310344827586,0.16,0.38461538461538464,-1.0,-0.674074074074074,0.7496317936474124,0.5095988642326754,0.80517162364268,0.5455760843592297,0.4477288405141499,0.621481956136659,0.6936799412060767,0.4477288405141499,1.1713066169449684,-1.0,-1.0,1.0,-0.5,0.0,0.5,1.2,-1.25,0.0,0.0,0,0,0,1,0,0,0,0,1,0,0,0,0,0,0,1
7235,-0.2777777777777778,-0.4425287356321839,-0.24,-0.46153846153846156,-0.5,0.9629629629629629,-1.69210264099286,-0.8580526489864454,-1.0456552430737143,-1.3528286983107507,-0.14311139292026412,-0.6320354792626287,-0.37536818175688036,0.0,-0.6546718917377307,0.0,0.0,0.0,0.5,-0.5,-0.5,-0.2,-0.25,-1.0,0.0,0,1,0,0,0,0,0,0,1,0,0,0,0,1,0,0
10548,-1.3888888888888888,-0.7011494252873564,-0.38,0.6923076923076923,-1.25,-0.7222222222222222,0.49867781196426963,0.32690895964865485,0.3537648029508922,0.1610909493662898,0.2446505421182259,0.6501850365346351,0.9308565964603749,0.8737796828181837,0.33771794786875625,-1.0,-2.0,0.0,-0.5,-0.25,1.5,1.4,-1.25,0.0,0.5,0,0,1,0,0,0,0,0,1,0,0,0,0,1,0,0
2281,0.0,-0.19827586206896552,-0.3,-0.8461538461538461,-0.25,0.48148148148148157,-0.6453465151435761,-0.9676089527659227,-0.7559996293047285,-1.1828754161455015,-0.2862227858405282,-0.8174977601529947,-1.007628303794069,-0.2862227858405282,-0.4217083823231789,0.0,-1.0,1.0,-0.5,-0.75,-0.5,-0.6,0.25,0.0,0.0,0,0,1,0,0,0,0,0,1,0,0,0,1,0,0,0
4073,0.8888888888888888,-0.5890804597701149,-0.98,1.0,1.75,-0.7566137566137565,0.325862447396668,0.413938301617316,0.40775896114030286,0.49293446312387534,0.7755238700769802,0.5018982279521349,0.08157014887009044,0.4793580006964157,0.557769482217709,-1.0,-1.0,2.0,-0.5,1.5,2.0,0.4,0.0,-1.0,0.5,0,1,0,0,0,0,0,0,0,1,0,0,0,0,0,1
6974,-0.1111111111111111,-0.5057471264367817,0.8,0.5384615384615384,-0.25,-0.7003367003367003,0.7422950448199669,0.4910633387359374,0.7077153751353582,0.3616875273684451,0.5520147438379108,0.9134255496501453,0.5737121950001144,0.6514958340044109,0.7031308331713269,-1.0,-1.0,0.0,-0.5,0.5,2.0,0.0,-1.0,2.0,-0.5,0,0,0,1,0,1,0,0,0,0,0,0,0,1,0,0
7938,0.6666666666666666,-0.25,0.86,0.15384615384615385,-0.75,-0.28322440087145967,0.0043132863580541015,0.04633893729654712,0.08035279228133183,0.23156145912473347,0.0,-0.005659310750486772,0.12784066103007083,-0.20746290290324726,-0.9247165705944205,0.0,0.0,0.0,0.0,-0.25,0.0,1.0,-0.75,2.0,-0.5,0,0,0,1,0,0,0,0,1,0,0,0,0,0,0,1
7094,-0.2777777777777778,-0.4885057471264368,0.76,0.6923076923076923,0.25,-0.7222222222222222,0.19435897790403894,0.36490703669162317,0.4219959628123421,0.3112547468334815,0.6324124771567161,0.4379468688267583,0.8206581533682332,0.8463518209205468,1.0370811694421387,0.0,-1.0,0.0,-0.5,0.5,0.5,1.6,-0.5,0.0,-0.5,0,0,0,0,1,0,0,0,1,0,0,0,0,0,0,1
3667,0.05555555555555555,0.3735632183908046,-0.58,0.7692307692307693,1.75,-0.7318518518518518,0.6959141725662671,0.5502468078904601,0.7293457229625496,0.4968006501277793,1.0553957169436532,0.8851561106957909,0.4606976444970845,0.40059811775913484,0.33771794786875625,-1.0,-1.0,4.0,-0.5,1.0,0.75,1.2,0.5,0.0,0.5,0,1,0,0,0,0,0,0,1,0,0,0,0,0,0,1
7723,-0.5,-0.8563218390804598,0.14,0.46153846153846156,0.5,-0.6878306878306878,0.5893544618961429,0.47671784324701405,0.7128691365282421,0.465943740719116,0.8280598458480344,0.6522278033746234,0.8206581533682332,0.7755238700769802,0.6754358957375127,-1.0,-1.0,0.0,-0.5,1.0,1.0,0.2,-0.75,0.0,0.0,0,0,0,1,0,0,0,0,0,1,0,0,0,0,0,1
3870,-0.4444444444444444,0.4281609195402299,-0.42,0.6923076923076923,0.5,-0.7222222222222222,0.3328524697877082,0.3441990662288559,0.3847923867279196,0.23998477299931475,0.48930108423645197,0.5856254216832631,0.7771837049801891,0.9053145831190337,0.7359716976857932,-1.0,-1.0,0.0,-0.5,0.75,0.25,1.6,-0.5,-1.0,0.5,0,0,0,1,0,0,0,0,1,0,0,0,0,0,0,1
4012,-0.1111111111111111,0.9511494252873564,0.12,0.6153846153846154,1.0,0.29307568438003223,0.29315781124206486,0.41726840699069906,0.5446183275698355,0.505650780130919,0.1297907130420535,0.6532451048780011,0.10538624670896068,0.1297907130420535,-0.3757191474672522,0.0,0.0,1.0,1.5,0.75,1.0,0.0,0.0,2.0,0.0,0,0,0,1,0,0,0,0,0,1,0,0,0,0,0,1
5909,0.3333333333333333,-0.20977011494252873,-0.48,0.38461538461538464,0.5,0.48148148148148157,0.1991264828817322,0.4003096361500326,0.6072409871683785,0.5433555880640095,0.07082795084356677,0.15488624760885494,0.02911296866803439,-0.7755238700769802,1.0408487810400828,0.0,0.0,0.0,1.5,-0.25,0.5,0.6,0.5,0.0,0.5,0,1,0,0,0,0,0,0,1,0,0,0,0,0,0,1
10470,-0.5,0.33045977011494254,-0.98,-0.5384615384615384,-0.75,0.48148148148148157,-0.3578208490745718,-0.5366906518319324,-0.4529188499624436,-0.4828234042714047,-0.3877619350384901,-0.39783172338174416,-1.007628303794069,-0.20746290290324726,-0.02345463250614205,0.0,0.0,0.0,0.0,-0.5,-0.25,-0.4,-0.5,1.0,0.5,0,1,0,0,0,0,0,0,1,0,0,0,0,0,0,1
6488,0.6111111111111112,-0.7816091954022989,0.74,-0.5384615384615384,-0.25,-0.2407407407407407,-0.42840974660118775,-0.5098546942678703,-0.40697076903445234,-0.27314279653681545,-0.7755238700769802,-0.8174977601529947,-1.007628303794069,-0.7755238700769802,-0.22158573742309376,0.0,0.0,0.0,-0.5,-0.25,0.0,-0.6,-0.25,2.0,-0.5,0,1,0,0,0,0,0,0,0,1,0,0,0,0,0,1
10270,-0.6111111111111112,-0.25,-0.82,-0.5384615384615384,0.25,0.48148148148148157,-0.5645889480997138,-0.6579475202109681,-0.6574041815962924,-0.8916042300028858,-0.14311139292026412,-0.41408934665237235,0.0,-0.14311139292026412,-0.4217083823231789,0.0,0.0,0.0,0.0,-0.25,-0.5,-0.4,0.25,-1.0,0.5,0,1,0,0,0,0,0,0,0,1,0,0,0,1,0,0
6887,0.16666666666666666,-0.8333333333333334,-0.32,0.3076923076923077,1.25,-0.35477582846003897,0.6613862325769848,0.13049518955100511,0.15694073902869538,0.11330057322403712,0.2244761299230198,0.4553926625382205,0.20667320090127414,0.5601290350800188,-0.22158573742309376,1.0,0.0,0.0,0.0,1.0,-0.25,0.6,0.0,0.0,0.0,0,0,1,0,0,0,0,0,0,1,0,0,0,0,0,1
6406,-1.0,-0.3218390804597701,-0.72,0.46153846153846156,0.0,-0.6878306878306878,0.6446469229693503,0.47336663358761066,0.706799305841421,0.4355432341755751,0.8770630192749421,0.669163928579855,1.0235720403993935,0.7137772141594719,0.28423203449009354,-1.0,-1.0,0.0,-0.5,0.5,0.5,1.0,-0.75,1.0,0.5,0,1,0,0,0,0,0,0,1,0,0,0,0,0,0,1
7573,-0.4444444444444444,0.16954022988505746,-0.74,-0.6923076923076923,0.0,0.0,-0.7424136199816962,-0.5613524929419327,-0.3141751055504913,-0.4910387136837044,-0.5308733279587541,-0.7322577070632672,-0.576043627965019,-0.5308733279587541,0.19332305418233545,0.0,-1.0,2.0,-0.5,-0.5,-0.25,-0.6,0.25,2.0,0.5,0,0,1,0,0,0,0,0,0,1,0,0,0,0,0,1
4508,1.0,-0.9137931034482759,0.86,0.3076923076923077,-1.5,-0.6588693957115009,0.5816333192682142,0.2744944726163774,0.41459695879628905,0.05101470783903518,0.48930108423645197,0.5745522843801054,0.5048840918141492,0.2446505421182259,1.2700446788566904,-1.0,-2.0,0.0,-0.5,-0.5,2.25,0.0,-1.25,0.0,-0.5,0,0,1,0,0,1,0,0,0,0,0,0,0,1,0,0
221,0.8333333333333334,0.20689655172413793,0.82,-0.23076923076923078,0.0,0.48148148148148157,-0.08095480190176352,-0.18152088384054935,-0.09522907077790763,-0.07662553606130001,-0.2862227858405282,-0.21236944249137837,-0.37536818175688036,-0.7755238700769802,0.5030081882712415,0.0,0.0,0.0,0.5,-0.25,0.0,-0.2,0.0,0.0,-0.5,0,1,0,0,0,0,0,0,1,0,0,0,0,0,0,1
5331,-0.3888888888888889,0.8620689655172413,-0.82,0.15384615384615385,-1.0,-0.6230936819172113,0.5787380223477084,0.5730856765859983,1.0297760704369754,0.4032165512745999,0.6190917972785056,0.9862291105379741,1.1582962745710188,-0.7755238700769802,0.7164932658922031,-1.0,-1.0,0.0,-0.5,-0.25,1.0,0.4,-1.0,0.0,0.5,0,1,0,0,0,0,0,0,1,0,0,0,0,1,0,0
1911,-0.9444444444444444,0.8793103448275862,-0.86,1.0769230769230769,2.0,-0.7637292464878672,0.416218194636954,0.45668152229599784,0.46130086045303426,0.4077126078931225,0.842768479240572,0.556662892337077,0.89846898836821,0.9531986810242506,0.9107589924925248,-1.0,-1.0,0.0,-0.5,1.75,0.75,1.4,0.0,0.0,0.5,0,0,0,1,0,0,0,0,1,0,0,0,0,0,0,1
20,0.2777777777777778,-0.15804597701149425,0.84,-0.5384615384615384,-0.75,-0.2407407407407407,-0.1396998178873709,-0.2843691385313892,-0.013460586967747386,-0.4593287188676936,0.1297907130420535,-0.39783172338174416,0.3285161072382096,0.20307829839592387,0.5218478665694974,0.0,0.0,0.0,-0.5,-0.5,-0.25,-0.2,-0.5,-1.0,-0.5,0,1,0,0,0,0,0,0,1,0,0,0,1,0,0,0
8786,0.7777777777777778,0.1235632183908046,0.06,0.23076923076923078,0.75,0.32098765432098764,0.2891681148506292,0.04715978239675148,0.04444401507352532,0.1815364811478414,-0.041572243722302185,0.03742817196010557,-0.06562641226476575,-0.7755238700769802,0.4933515120546405,0.0,0.0,0.0,1.0,0.5,-0.25,0.4,0.0,1.0,0.0,0,1,0,0,0,0,0,0,1,0,0,0,0,0,0,1
10582,-0.5,0.014367816091954023,-0.92,0.46153846153846156,-0.5,-0.4126984126984127,0.5179107720339493,0.23964850670479207,0.2857965098049052,0.011215774178178995,0.4585898858820568,0.6247797880328165,0.6988152470312979,0.4585898858820568,0.7423204773095036,0.0,0.0,0.0,0.0,0.25,0.0,1.4,-1.0,0.0,0.5,0,1,0,0,0,0,0,0,1,0,0,0,0,1,0,0
1915,1.0555555555555556,-0.4511494252873563,0.16,0.38461538461538464,0.5,-0.674074074074074,0.657378485853938,0.4935236975512676,0.7760093206863506,0.5035648602788354,0.9022848982174715,0.48806183250205637,0.9633865066633797,-0.7755238700769802,1.2117445167325063,-1.0,-1.0,0.0,-0.5,1.0,0.75,0.2,-0.75,2.0,0.0,0,1,0,0,0,0,0,0,0,1,0,0,0,0,0,1
8897,0.2777777777777778,0.21551724137931033,-0.8,0.7692307692307693,1.5,0.885925925925926,-0.2822635048124414,0.18515374984688665,0.07408659612796167,0.2691646938234579,-0.14311139292026412,0.11547023167241814,0.31519804194714235,0.38776193503849,0.8667287050162751,1.0,0.0,1.0,3.0,0.75,0.25,0.4,0.5,0.0,0.5,0,0,1,0,0,0,1,0,0,0,0,0,0,0,0,1
2371,-0.1111111111111111,0.2471264367816092,-0.54,-0.46153846153846156,0.0,0.9629629629629629,-0.6487563764646428,-0.5832399791825652,-0.6044592396335859,-0.4910387136837044,-0.5308733279587541,-0.41408934665237235,-0.4630290774619893,-0.20746290290324726,-0.3757191474672522,1.0,1.0,0.0,0.5,-0.5,-0.5,-0.2,0.25,0.0,0.5,0,1,0,0,0,0,0,0,1,0,0,0,0,0,0,1
4303,0.7222222222222222,0.6091954022988506,0.54,-1.0769230769230769,2.75,-0.9629629629629629,-3.086643995265767,-0.3907512548745246,1.1779955921170706,-0.1605807433198667,-0.3877619350384901,-0.6320354792626287,-0.576043627965019,-0.3877619350384901,-0.3757191474672522,0.0,0.0,0.0,-1.0,-1.0,-0.5,-0.8,3.5,2.0,-0.5,0,0,0,1,0,0,0,0,1,0,0,0,0,0,0,1
6825,0.9444444444444444,0.3563218390804598,0.74,-0.8461538461538461,-0.25,0.48148148148148157,-0.3283740199335773,-1.1651076174231962,-1.0751866849165583,-0.840317816859585,-0.7755238700769802,-1.0822775493153898,-1.007628303794069,-0.7755238700769802,-1.849433141188841,1.0,1.0,0.0,-0.5,-0.75,-0.5,-0.6,0.25,0.0,-0.5,0,0,0,1,0,0,0,0,1,0,0,0,0,0,0,1
1072,0.2777777777777778,-0.15229885057471265,0.3,-0.5384615384615384,-0.25,0.48148148148148157,-0.3541370181963309,-0.5327356348180307,-0.446161419573059,-0.3001335189415751,-0.7755238700769802,-0.5077252649352844,-1.007628303794069,-0.7755238700769802,-0.731393516412085,0.0,-1.0,0.0,0.0,-0.5,-0.25,-0.4,0.0,2.0,-0.5,0,0,1,0,0,0,0,0,1,0,0,0,0,0,0,1
4964,0.6666666666666666,-0.5804597701149425,0.82,0.23076923076923078,-1.5,-0.6419753086419753,0.5636636175827211,0.3961849452906627,0.6701855975040258,0.4520691340574872,0.10153914919796193,0.670137168568097,0.6936799412060767,-0.7755238700769802,-1.849433141188841,-1.0,-1.0,0.0,-0.5,-0.5,2.25,-0.2,-1.25,2.0,-0.5,0,0,0,1,0,1,0,0,0,0,0,0,0,0,0,1
2461,0.8333333333333334,-0.46839080459770116,0.6,-0.6923076923076923,-1.25,0.9629629629629629,-0.0074354354050535625,-0.8134455571304952,-0.7419967383448911,-0.6218052116277316,-0.5308733279587541,-0.6626115125441394,-1.007628303794069,-0.5308733279587541,-0.9247165705944205,1.0,0.0,0.0,0.0,-0.75,-0.5,-0.4,-0.75,1.0,-0.5,0,0,1,0,0,0,0,0,1,0,0,0,0,0,0,1
10736,-0.05555555555555555,-0.1896551724137931,-0.42,0.5384615384615384,-0.25,-0.43771043771043766,0.5220462447490324,0.4979115078879049,0.720119667948913,0.3642418825381418,-0.7755238700769802,0.7793010126910563,1.1252646170351268,0.9171797717641137,0.9689352071003449,0.0,-1.0,0.0,0.0,0.5,1.75,0.0,-1.0,0.0,0.5,0,0,1,0,0,1,0,0,0,0,0,0,0,0,0,1
3194,-0.2222222222222222,-0.7787356321839081,0.74,0.3076923076923077,-1.0,-0.6588693957115009,0.5051799350536681,0.41847195749430677,0.6743670245732504,0.2856794053299187,0.1297907130420535,0.7964401784031099,0.7088887554180855,1.0631961697570746,-1.849433141188841,-1.0,-2.0,0.0,-0.5,0.0,0.5,1.0,-1.25,2.0,-0.5,0,0,1,0,0,0,0,0,1,0,0,0,0,1,0,0
10839,-0.3333333333333333,-0.8045977011494253,-0.14,-0.6923076923076923,-1.0,0.9629629629629629,-0.5321935881221527,-0.9550724787901951,-0.9705004685705578,-1.0709300510135173,-0.14311139292026412,-0.9273913017065346,-0.1444589521359689,-0.7755238700769802,-0.8199621321402158,1.0,1.0,0.0,0.0,-0.75,-0.5,-0.4,-0.5,0.0,0.0,0,0,0,1,0,0,0,0,1,0,1,0,0,0,0,0
49,0.0,-0.882183908045977,-0.2,-0.7692307692307693,-0.25,0.1925925925925927,-1.3994048340612655,-1.0079898207268727,-0.951369171036892,-1.3528286983107507,-0.2862227858405282,-0.8685062832737553,-0.37536818175688036,-0.5308733279587541,-0.5264628207773835,0.0,-1.0,0.0,-0.5,-0.75,-0.25,-0.6,0.25,0.0,0.0,0,0,1,0,0,0,0,0,1,0,0,0,1,0,0,0
4290,-0.1111111111111111,-0.7298850574712644,-0.82,-0.8461538461538461,-0.25,0.48148148148148157,-0.7995487312348688,-1.0224932704349963,-0.8466829546908915,-1.4877282074983278,-0.2862227858405282,-0.7725050540976793,-0.576043627965019,-0.14311139292026412,-0.8199621321402158,0.0,0.0,0.0,-0.5,-0.75,-0.5,-0.6,0.25,0.0,0.5,0,1,0,0,0,0,0,0,1,0,0,0,0,1,0,0
10219,-0.1111111111111111,0.05747126436781609,-0.18,-0.7692307692307693,0.0,0.1925925925925927,-0.7441565808131471,-0.8580526489864454,-0.7068854999807795,-1.0709300510135173,-0.3877619350384901,-0.5527179709905995,-0.24318664449800542,-0.08870296647731721,-1.0529256415547674,0.0,0.0,0.0,-0.5,-0.75,-0.5,-0.4,0.5,0.0,0.0,0,0,0,1,0,0,0,0,1,0,0,0,0,1,0,0
4211,-0.8888888888888888,0.7241379310344828,-0.88,-0.6153846153846154,0.0,0.6878306878306878,-1.4114944075075813,-0.7112896646823601,-0.6653163039185653,-1.1828754161455015,0.1297907130420535,-0.9273913017065346,-0.4630290774619893,0.2244761299230198,-0.1887448729086275,0.0,0.0,0.0,0.0,-0.5,-0.5,-0.4,0.25,-2.0,0.5,0,1,0,0,0,0,0,0,1,0,0,0,1,0,0,0
1135,0.5555555555555556,-0.6379310344827587,0.94,-0.23076923076923078,0.25,1.4444444444444444,-1.6794649008225673,-0.7812695708022587,-1.0866006704156375,-0.7387163872530763,-0.3877619350384901,-0.4674779179008721,-1.007628303794069,-0.3877619350384901,-0.731393516412085,1.0,1.0,0.0,1.5,-0.25,-0.5,-0.2,0.25,1.0,-0.5,0,0,0,1,0,0,1,0,0,0,0,0,0,1,0,0
6299,0.1111111111111111,0.5373563218390804,-0.42,0.6923076923076923,1.0,0.48148148148148157,-0.2878620239700733,0.2655185327684747,0.24388256928374064,0.20595628011372213,0.5981179371223457,0.3864279962797167,0.4415306577412393,0.2637338989659208,1.191881249887773,0.0,-1.0,2.0,2.0,0.5,1.5,-0.2,0.25,2.0,0.5,1,0,0,0,0,1,0,0,0,0,0,0,0,0,0,1
10846,-0.4444444444444444,-0.9339080459770115,-0.54,0.5384615384615384,1.25,0.6127946127946128,-0.24465035122729517,0.1707631960534862,0.13230171350638534,0.20901329819039266,0.03718763921497886,0.23560557943114058,0.2722996131660399,-0.20746290290324726,0.9898305538164089,0.0,0.0,1.0,2.0,0.75,-0.25,0.6,0.25,1.0,0.5,0,1,0,0,0,0,0,0,1,0,0,0,0,0,0,1
347,-0.3333333333333333,0.8706896551724138,-0.38,0.15384615384615385,1.75,0.3965141612200436,-0.3533863042619871,-0.018135300385275596,-0.03362648003439395,0.09092554702847123,0.40059811775913484,0.021834313389506158,0.02911296866803439,-0.2862227858405282,0.19332305418233545,0.0,-1.0,0.0,1.0,0.75,-0.25,0.0,0.75,0.0,0.5,1,0,0,0,0,0,0,0,0,1,0,0,0,0,0,1
6543,1.3888888888888888,0.5,-0.08,-0.07692307692307693,-1.0,-0.5502645502645502,0.30850212017552814,0.5184148661512856,1.0608937438501134,0.36360512994840466,1.0351052961610872,0.8944535493279037,0.7187103995221312,0.7576488544432298,0.5218478665694974,-1.0,-1.0,0.0,-0.5,-0.25,1.0,-0.2,-1.0,1.0,0.0,0,0,0,1,0,1,0,0,0,0,0,0,0,1,0,0
10446,0.7222222222222222,0.6982758620689655,0.18,0.15384615384615385,-0.5,-0.6230936819172113,0.715916074407247,0.22524248568009403,0.3999040828983638,0.018488263222912898,0.346189691316188,0.719318827906842,0.3413974350728991,0.346189691316188,-0.02345463250614205,-1.0,-1.0,4.0,-0.5,0.25,0.5,0.4,-1.0,2.0,0.0,0,1,0,0,0,0,0,0,1,0,0,0,0,1,0,0
3479,1.1111111111111112,-0.031609195402298854,0.0,-0.6923076923076923,0.0,0.0,-1.7092989833497851,-0.7588511575992061,-0.6513134129587279,-1.1828754161455015,0.0,-0.6626115125441394,0.0,-0.3877619350384901,-0.3331397665950483,-1.0,-2.0,1.0,-0.5,-0.5,-0.5,-0.4,0.25,0.0,0.0,0,0,1,0,0,0,0,0,1,0,0,0,1,0,0,0
11075,-0.4444444444444444,-0.32471264367816094,-0.24,0.0,-0.5,0.5777777777777778,-0.0031608708101349505,-0.141192494495426,-0.16856589900309757,0.016684989829577477,-0.3877619350384901,-0.01723584784811107,-0.19072946429594947,-0.3877619350384901,-0.3757191474672522,1.0,1.0,0.0,1.0,-0.25,0.25,0.0,-0.5,0.0,0.0,0,1,0,0,0,0,0,0,1,0,0,0,0,0,0,1
4442,0.5,0.27011494252873564,0.42,-0.46153846153846156,-1.25,0.32098765432098764,-0.15172435077104507,-0.2966285120327026,-0.11146369608571288,-0.5652792708825982,0.28183818133320476,-0.24294547577288908,0.28712572369308104,0.18029903213524281,0.43173265849465925,0.0,-1.0,0.0,0.0,-0.75,-0.25,0.0,-0.75,0.0,-0.5,0,0,1,0,0,0,0,0,1,0,0,0,1,0,0,0
199,0.4444444444444444,0.48563218390804597,-0.32,-0.15384615384615385,0.5,-0.5185185185185185,-0.19648265329540143,-0.08438401318575041,0.024048603855610588,0.07613630663906516,-0.2862227858405282,-0.04149774582273409,0.0,0.03718763921497886,-0.3757191474672522,-1.0,-2.0,1.0,-0.5,0.0,-0.25,0.4,0.25,1.0,0.0,0,0,1,0,0,0,0,0,1,0,0,0,0,0,0,1
6722,0.8888888888888888,-1.0201149425287357,0.98,0.6153846153846154,1.75,-0.20933977455716585,0.48263747820353375,0.24400758153199267,0.2335386044258427,0.33569749796567,0.4129838139810195,0.26757831075402494,0.6936799412060767,0.18029903213524281,0.20950887690840939,0.0,0.0,0.0,0.5,1.5,0.25,0.4,0.0,2.0,-0.5,0,1,0,0,0,0,0,0,0,1,0,0,0,0,0,1
796,0.2777777777777778,0.7413793103448276,-0.64,0.8461538461538461,2.5,-0.2962962962962962,0.24165842359744752,0.36732963212328335,0.37323224843445896,0.40151474128998277,0.5680609671737329,0.43615765483556723,0.5048840918141492,0.0,1.127805730326109,0.0,-1.0,0.0,0.5,1.75,0.5,0.6,0.5,-1.0,0.5,1,0,0,0,0,0,0,0,0,1,0,0,0,0,0,1
3749,-0.16666666666666666,0.367816091954023,0.1,0.6923076923076923,0.0,-0.7222222222222222,0.5569711264314507,0.5110049137053717,0.6856012540054373,0.42511281486313424,0.8204690990142031,0.8304920908875743,0.9861298840733189,0.8204690990142031,-0.25641814192069373,-1.0,-1.0,0.0,-0.5,0.5,0.75,1.4,-0.75,0.0,0.0,0,0,0,1,0,0,0,0,1,0,0,0,0,0,0,1
8523,0.1111111111111111,-0.45689655172413796,-0.2,-0.38461538461538464,0.75,0.7703703703703704,-1.4958946631900276,-0.6926408107857763,-0.8466829546908915,-0.6474103906387431,-0.5308733279587541,-0.5295595783247905,0.0,-0.3877619350384901,-0.8199621321402158,0.0,0.0,0.0,0.5,0.0,-0.5,-0.4,0.5,0.0,0.0,0,1,0,0,0,0,0,0,0,1,0,0,0,0,0,1
310,0.0,-0.4540229885057471,0.64,0.46153846153846156,-0.25,0.13756613756613756,0.28457448873772384,0.136339235837126,0.10166657530640753,0.21204248263573916,-0.14311139292026412,0.3268614495863134,0.41090383247321843,0.40059811775913484,-0.22158573742309376,0.0,0.0,0.0,1.0,0.0,0.5,0.8,-0.5,1.0,-0.5,0,1,0,0,0,0,0,0,1,0,0,0,0,0,0,1
8629,0.7777777777777778,0.2988505747126437,0.44,-0.7692307692307693,-0.75,0.1925925925925927,-0.13666767460296864,-0.8306482200332561,-0.6610850369537974,-0.7216509478376368,-0.5308733279587541,-0.6958495530356731,-0.576043627965019,-0.5308733279587541,-0.5869986227256642,1.0,0.0,0.0,-0.5,-0.75,-0.5,-0.4,-0.25,0.0,-0.5,0,0,0,0,1,0,0,0,1,0,0,0,0,0,0,1
236,1.0555555555555556,0.4885057471264368,0.26,-0.38461538461538464,-0.25,0.7703703703703704,-0.5943868561935541,-0.31146450723608055,-0.20528382220311123,-0.5980305908885469,0.346189691316188,-0.31259167029201684,0.3285161072382096,0.18029903213524281,0.3747991173108948,1.0,1.0,0.0,0.5,-0.5,-0.25,-0.2,0.0,0.0,-0.5,0,1,0,0,0,0,0,0,1,0,0,0,1,0,0,0
9930,1.4444444444444444,-0.3448275862068966,-0.82,1.0,-0.25,-0.7566137566137565,0.7289034001645842,0.39904539366803055,0.38101426209655304,0.41379712392529866,0.9906496220969193,0.4638255985731785,0.08157014887009044,0.9906496220969193,-0.047907629659445665,-1.0,-2.0,0.0,-0.5,0.5,1.5,1.6,-1.0,2.0,0.5,0,0,1,0,0,0,0,0,1,0,0,0,0,0,0,1
3483,0.6666666666666666,0.2672413793103448,0.54,0.7692307692307693,0.25,-0.2696296296296296,-0.09781870423016385,0.49815375523741484,0.6350596509257271,0.5929401912226933,0.5601290350800188,0.42153399398368163,0.9711148601973378,0.6636679410374086,0.10475443845420482,-1.0,-1.0,4.0,0.5,-0.5,1.5,1.4,0.5,0.0,-0.5,0,1,0,0,0,0,0,0,1,0,0,0,0,0,0,1
4599,-0.3333333333333333,-0.34195402298850575,0.34,0.46153846153846156,1.25,0.6878306878306878,-0.05125127502572675,0.05366176204877441,-0.04446477010535195,0.28487285190077355,-0.7755238700769802,-0.352839017326429,-1.007628303794069,-0.7755238700769802,-0.07344777701387911,1.0,1.0,0.0,2.0,0.75,-0.25,0.4,0.25,1.0,-0.5,0,1,0,0,0,0,0,0,0,1,0,0,0,0,0,1
7326,-0.05555555555555555,-0.7413793103448276,0.68,-0.6923076923076923,-1.5,0.0,0.15502871631998133,-0.6748874544591233,-0.509544647282655,-0.5354650255067588,-0.5308733279587541,-0.4674779179008721,-0.576043627965019,-0.041572243722302185,-1.849433141188841,0.0,0.0,0.0,-0.5,-0.75,-0.25,-0.4,-1.0,1.0,-0.5,0,1,0,0,0,0,0,0,1,0,0,0,0,0,0,1
7352,0.7222222222222222,-0.3017241379310345,-0.42,0.15384615384615385,-0.75,0.3965141612200436,0.11181153962245068,0.008289550337331086,0.01299783505503864,-0.02568123413228979,0.4129838139810195,0.26757831075402494,0.3659582635642842,-0.2862227858405282,0.3503461201575912,0.0,0.0,0.0,1.0,-0.25,0.5,0.2,-0.75,0.0,0.5,0,1,0,0,0,0,0,0,1,0,0,0,0,0,0,1
2350,-0.1111111111111111,0.3103448275862069,0.76,0.38461538461538464,0.5,1.0592592592592591,0.22901479977138087,0.35183137832029376,0.519727120043421,0.42298690905744424,0.6324124771567161,0.36972603599405635,0.24085521153310066,0.2446505421182259,0.9646633754525968,1.0,1.0,1.0,2.5,-0.25,0.0,0.6,0.5,0.0,-0.5,0,1,0,0,0,0,0,0,1,0,0,0,0,0,0,1
9145,-0.1111111111111111,0.2672413793103448,-0.12,0.5384615384615384,-0.5,-0.43771043771043766,0.527247411558152,0.4863430725953714,0.6991672617020959,0.4126990928079021,0.38776193503849,0.7392970530422286,0.8859966614049789,1.0201744121952059,0.7670364905854485,0.0,-1.0,0.0,0.0,0.25,1.75,0.2,-1.0,0.0,0.0,0,0,1,0,0,1,0,0,0,0,0,0,0,0,0,1
2964,-0.6111111111111112,-0.28735632183908044,-0.98,-0.7692307692307693,-0.5,0.1925925925925927,-0.9916938956549539,-0.6262317586662209,-0.3112288269557058,-1.2571159733443953,0.07082795084356677,-0.7725050540976793,-0.4630290774619893,0.2244761299230198,0.15951573240067232,-1.0,-1.0,0.0,-0.5,-0.75,-0.25,-0.6,0.0,0.0,0.5,0,1,0,0,0,0,0,0,1,0,0,0,1,0,0,0
5585,-0.1111111111111111,0.22701149425287356,-0.96,-0.6153846153846154,0.25,0.6878306878306878,-1.3430694951067048,-0.7736447529211181,-0.7682362874070394,-0.864973770899795,-0.3877619350384901,-0.5077252649352844,-0.24318664449800542,-0.5308733279587541,-0.471701526830916,0.0,-1.0,1.0,0.0,-0.5,-0.5,-0.4,0.5,0.0,0.5,0,0,1,0,0,0,0,0,1,0,0,0,0,1,0,0
9687,-0.2777777777777778,-0.9396551724137931,-0.96,0.07692307692307693,-0.5,-0.6018518518518519,0.5412405483272867,0.2237196671966763,0.43742407182080756,0.018488263222912898,1.0474189678701489,0.50789045260867,0.5369709225380106,0.436522943019284,0.15951573240067232,-1.0,-2.0,0.0,-0.5,0.25,0.5,0.2,-1.0,0.0,0.5,0,0,1,0,0,0,0,0,1,0,0,0,0,1,0,0
3732,0.8333333333333334,0.4425287356321839,0.46,0.9230769230769231,0.0,0.32098765432098764,0.040479028165370544,0.2862764075775531,0.2032971457732379,0.27001019142355265,-0.7755238700769802,0.4817476971951687,0.7644416592960634,0.7240085428146419,0.5915768039993726,0.0,0.0,0.0,2.0,0.25,1.25,0.8,-0.5,1.0,-0.5,0,1,0,0,0,0,0,0,1,0,0,0,0,0,0,1
6303,-0.8888888888888888,-0.39655172413793105,0.46,0.5384615384615384,-0.75,-0.9629629629629629,0.8886981168899503,0.4910633387359374,0.7077153751353582,0.2840643384370668,0.7436222620819857,0.9159875746045072,0.6988152470312979,1.0201744121952059,0.12359411675246054,-1.0,-1.0,0.0,-1.0,0.25,0.75,1.4,-1.25,2.0,-0.5,0,0,0,1,0,0,0,0,1,0,0,0,0,1,0,0
11176,0.0,-0.8850574712643678,-0.74,0.23076923076923078,-0.25,-0.32098765432098764,0.3826726564543096,0.08233004067832878,0.10679200454771123,0.25533607986391826,0.03718763921497886,0.0807193318222853,0.16923104457519936,-0.20746290290324726,-0.9247165705944205,0.0,0.0,0.0,0.0,0.25,0.5,0.4,-0.75,2.0,0.5,0,0,0,1,0,0,0,0,1,0,0,0,0,0,0,1
2986,-0.3333333333333333,-0.7097701149425287,0.8,-0.8461538461538461,-0.5,0.48148148148148157,-0.7843051507400917,-1.0869675081168189,-0.951369171036892,-1.026503739190463,-0.3877619350384901,-0.9970374962256624,-0.576043627965019,-0.5308733279587541,-0.9247165705944205,1.0,1.0,0.0,-0.5,-0.75,-0.5,-0.6,0.0,0.0,-0.5,0,1,0,0,0,0,0,0,1,0,0,0,0,0,0,1
7462,0.8888888888888888,0.6494252873563219,0.36,0.3076923076923077,2.5,-0.050682261208576995,-1.2629535324942383,0.1344014642458996,0.16389420746509561,-0.3096399692907102,-0.7755238700769802,0.46047473069397143,0.5445992263320798,1.0113500494772105,0.5833096295721429,-1.0,-2.0,0.0,0.5,1.5,0.0,-0.2,0.75,0.0,-0.5,0,0,1,0,0,0,0,0,0,1,0,0,0,1,0,0
3900,-0.1111111111111111,-0.7586206896551724,0.1,0.46153846153846156,1.25,-0.6878306878306878,0.37609341872720653,0.2449693260683851,0.29531900828327057,0.43296612503461074,0.18029903213524281,-0.11745807564874954,-1.007628303794069,-0.041572243722302185,0.4835297564776514,0.0,0.0,0.0,-0.5,1.25,0.0,0.8,-0.25,0.0,0.0,0,1,0,0,0,0,0,0,0,1,0,0,0,0,0,1
7034,-0.4444444444444444,-0.15804597701149425,-0.3,-0.6153846153846154,0.25,0.6878306878306878,-1.053756117794408,-0.7242661036901205,-0.6868773577146858,-0.9873169549692411,-0.041572243722302185,-0.7322577070632672,0.02911296866803439,-0.08870296647731721,-0.3757191474672522,0.0,0.0,0.0,0.0,-0.5,-0.5,-0.4,0.5,-1.0,0.0,0,1,0,0,0,0,0,0,1,0,1,0,0,0,0,0
9493,-0.5555555555555556,0.1839080459770115,-0.68,0.23076923076923078,-0.25,-0.6419753086419753,0.6075876132902566,0.5608218592610025,0.9690027702472154,0.5222792598751664,0.6324124771567161,0.9440411291285704,0.24085521153310066,0.733951626354678,-0.1887448729086275,-1.0,-2.0,3.0,-0.5,0.25,0.5,0.6,-0.75,2.0,0.5,0,0,1,0,0,0,0,0,1,0,0,0,0,0,0,1
1143,-0.1111111111111111,-0.08908045977011494,-0.12,-0.6153846153846154,0.0,0.6878306878306878,-1.2934437867448854,-0.7242661036901205,-0.6868773577146858,-1.026503739190463,0.07082795084356677,-0.6037264941113603,-0.4630290774619893,0.10153914919796193,-0.4217083823231789,0.0,0.0,0.0,0.0,-0.5,-0.5,-0.4,0.25,0.0,0.0,0,1,0,0,0,0,0,0,1,0,0,0,0,1,0,0
1,0.5,-0.9827586206896551,-0.98,0.23076923076923078,0.75,-0.6419753086419753,0.1615024655505046,0.1389072361976707,0.20749512354651273,0.32513460677149386,-0.14311139292026412,-0.01723584784811107,-0.19072946429594947,-0.7755238700769802,0.2405736698080648,-1.0,-2.0,2.0,-0.5,0.75,0.25,0.4,-0.25,0.0,0.5,0,0,1,0,0,0,0,0,0,1,0,0,0,0,0,1
3855,0.3888888888888889,0.23275862068965517,0.5,-0.5384615384615384,0.5,-0.2407407407407407,-1.2689485709520896,-0.3291824141483557,-0.09256063453165138,-0.5758421620767741,-0.2862227858405282,-0.13305193421934894,0.16923104457519936,0.3154784929617928,0.31159714487129303,-1.0,-1.0,0.0,-0.5,-0.25,0.0,-0.6,0.5,0.0,-0.5,0,1,0,0,0,0,0,0,0,1,0,0,0,1,0,0
5536,0.6111111111111112,0.13505747126436782,0.24,0.38461538461538464,0.5,-0.674074074074074,0.8196808426668485,0.5900905376301769,0.9514083963147911,0.7132345978488671,0.5175526480805436,0.5513938917142966,0.5369709225380106,0.6576343560992454,0.1766680123939431,0.0,0.0,5.0,-0.5,0.25,2.0,-0.2,0.0,0.0,-0.5,0,0,0,1,0,1,0,0,0,0,0,0,0,0,0,1
5989,0.6111111111111112,0.23850574712643677,0.04,0.6923076923076923,2.25,-0.7222222222222222,0.6459756387638946,0.510068141663424,0.6839055823356645,0.4855067703212153,0.9229660673179124,0.7441325162005354,0.4415306577412393,1.002299396561456,0.19332305418233545,0.0,-1.0,0.0,-0.5,1.5,0.0,1.2,0.5,-1.0,0.0,1,0,0,0,0,0,0,0,1,0,0,0,0,0,0,1
9499,0.8888888888888888,0.1781609195402299,0.96,0.15384615384615385,-0.25,0.05664488017429206,0.9148732951708123,0.5193307565657516,0.9319566077502222,0.6620224570859576,0.20307829839592387,0.5513938917142966,0.18839803133104463,-0.7755238700769802,-0.25641814192069373,2.0,2.0,2.0,0.5,-0.25,0.5,0.4,-0.25,0.0,-0.5,0,1,0,0,0,0,0,0,1,0,0,0,0,0,0,1
6768,0.4444444444444444,0.5086206896551724,0.52,-0.6923076923076923,0.0,0.9629629629629629,-0.46712498960946913,-0.8775198049779676,-0.8466829546908915,-0.6751517126322198,-0.5308733279587541,-0.7725050540976793,-0.576043627965019,-0.5308733279587541,-1.2182158819572526,2.0,1.0,0.0,0.0,-0.75,-0.5,-0.4,0.5,0.0,-0.5,1,0,0,0,0,0,0,0,1,0,0,0,0,0,0,1
2150,0.6666666666666666,0.16666666666666666,0.68,0.5384615384615384,0.75,-0.7003367003367003,0.6967268459329882,0.48734183232689443,0.700975827753464,0.5300987297088476,0.4129838139810195,0.6863137831460768,0.6832034456392585,0.6514958340044109,0.4735371792226165,0.0,-1.0,0.0,-0.5,1.0,1.75,-0.2,-0.5,2.0,-0.5,0,0,0,0,1,1,0,0,0,0,0,0,0,0,0,1
6646,-0.7777777777777778,-0.6781609195402298,-0.52,-0.7692307692307693,-0.5,0.1925925925925927,-1.7353687399800408,-1.0533270027820778,-1.0229211988893891,-1.2571159733443953,-0.7755238700769802,-0.9273913017065346,0.02911296866803439,-0.7755238700769802,-1.451179391371804,0.0,0.0,0.0,-0.5,-0.75,-0.5,-0.4,0.0,0.0,0.5,0,0,0,1,0,0,0,0,1,0,1,0,0,0,0,0
4887,-0.3333333333333333,-0.3936781609195402,0.32,-0.6923076923076923,-0.5,0.0,0.11582132389752195,-0.6748874544591233,-0.509544647282655,-0.9205531871755583,-0.14311139292026412,-0.3255419439953788,-0.03144440163293923,-0.5308733279587541,-0.5869986227256642,1.0,0.0,0.0,-0.5,-0.5,-0.5,-0.4,-0.25,2.0,-0.5,1,0,0,0,0,0,0,0,1,0,0,0,0,1,0,0
8560,-1.2222222222222223,0.8649425287356322,0.9,0.23076923076923078,0.75,-0.6419753086419753,-0.07897744023961484,0.1995486132773828,0.3159212443451098,0.23250798359410355,0.2244761299230198,0.31963101627097806,-0.19072946429594947,-0.14311139292026412,1.0139414499117485,-1.0,-2.0,0.0,-0.5,0.5,0.5,0.4,0.0,0.0,-0.5,0,0,1,0,0,0,0,0,1,0,0,0,0,0,0,1
3321,0.16666666666666666,0.1839080459770115,-0.14,0.38461538461538464,0.75,-0.09629629629629628,0.14760804952737175,0.11580843537709383,0.09719302988646089,0.29285172653355124,-0.14311139292026412,0.111295365103796,-1.007628303794069,0.2244761299230198,-0.471701526830916,1.0,1.0,0.0,0.5,0.75,0.25,0.4,-0.25,2.0,0.0,0,0,0,1,0,0,0,0,0,1,0,0,0,0,0,1
11003,-0.5555555555555556,-0.2471264367816092,-0.78,-0.6153846153846154,0.0,0.6878306878306878,-1.0942590291028316,-0.7588511575992061,-0.7439795606320702,-1.3528286983107507,-0.14311139292026412,-0.8174977601529947,-1.007628303794069,0.2637338989659208,-0.15768008000897207,0.0,0.0,0.0,0.0,-0.5,-0.5,-0.4,0.25,-1.0,0.5,0,0,0,1,0,0,0,0,1,0,0,0,0,0,1,0
10402,0.16666666666666666,0.41379310344827586,0.9,-0.6923076923076923,0.0,0.9629629629629629,-0.5681255774823153,-0.8486903624470598,-0.7998287813657498,-0.6343615367458626,-0.5308733279587541,-0.7322577070632672,-0.576043627965019,-0.5308733279587541,-1.451179391371804,1.0,1.0,0.0,0.0,-0.75,-0.5,-0.4,0.5,0.0,-0.5,0,1,0,0,0,0,0,0,1,0,0,0,0,0,0,1
9904,0.7777777777777778,0.29022988505747127,0.02,1.0,0.0,0.06878306878306886,0.5035730695421142,0.3575425430491831,0.3066147828988236,0.2180193462436789,0.9258240272557361,0.5337497097933626,0.5048840918141492,0.9258240272557361,0.9979804593974564,0.0,0.0,0.0,1.5,0.5,0.75,1.4,-0.75,0.0,0.0,0,1,0,0,0,0,0,0,1,0,0,0,0,0,0,1
6141,-0.1111111111111111,0.21264367816091953,-0.06,-0.07692307692307693,1.0,-0.13756613756613756,-0.05702235358206816,-0.01039071227934629,0.10679200454771123,0.030844706612843782,0.03718763921497886,0.1396043502550648,-1.007628303794069,-0.08870296647731721,0.6894502175765421,0.0,-1.0,0.0,0.0,0.5,-0.25,0.0,0.25,1.0,0.0,0,0,1,0,0,0,0,0,0,1,0,0,0,0,0,1
5687,-0.5555555555555556,0.8275862068965517,0.98,0.9230769230769231,0.25,-0.7489711934156378,0.7100271967337533,0.5231981800776723,0.6289181842441932,0.3893519148890201,0.6122380649615098,0.9295331897222084,0.31519804194714235,0.4477288405141499,1.1592101973177604,-1.0,-2.0,0.0,-0.5,0.75,1.25,1.4,-0.75,0.0,-0.5,1,0,0,0,0,0,0,0,1,0,0,0,0,1,0,0
10856,-0.5555555555555556,0.017241379310344827,-0.14,-0.7692307692307693,-0.5,0.1925925925925927,-0.17275554452269212,-0.7890549229015935,-0.5910109556060998,-0.5652792708825982,-0.7755238700769802,-0.8685062832737553,-1.007628303794069,-0.5308733279587541,-0.5869986227256642,0.0,-1.0,0.0,-0.5,-0.75,-0.5,-0.4,0.0,-1.0,0.0,0,0,1,0,0,0,0,0,1,0,0,0,0,0,0,1
5121,-0.3888888888888889,-0.735632183908046,-0.38,0.38461538461538464,0.75,-0.38518518518518513,0.1490410163135578,0.24110724850099177,0.3206720227163522,0.33569749796567,-0.14311139292026412,0.07614446889381445,-0.19072946429594947,0.2446505421182259,1.1081046445053666,0.0,-1.0,1.0,0.0,0.75,1.0,0.0,-0.25,0.0,0.5,0,0,1,0,0,0,0,0,0,1,0,0,0,0,0,1
4186,1.1111111111111112,-0.08045977011494253,-0.76,-0.46153846153846156,-0.5,0.9629629629629629,-0.6304777078587754,-0.6065049182779295,-0.6432764416332687,-0.7387163872530763,-0.08870296647731721,-0.5527179709905995,0.0,0.0,-0.1887448729086275,1.0,1.0,0.0,0.5,-0.5,-0.25,-0.4,-0.25,0.0,0.5,0,0,0,1,0,0,0,0,1,0,0,0,0,0,0,1
368,-0.2222222222222222,0.6350574712643678,0.24,-0.07692307692307693,-0.25,0.2751322751322751,-0.3810670061026574,-0.11486176201354158,-0.07788257361693442,-0.21392724432435498,0.7032404280002826,-0.0951995573419654,-0.06562641226476575,0.5680609671737329,0.08527600666061479,0.0,0.0,0.0,0.5,-0.25,0.0,0.2,-0.25,0.0,-0.5,0,1,0,0,0,0,0,0,1,0,0,0,0,0,0,1
3312,-1.0,-0.8850574712643678,-0.74,-0.3076923076923077,0.0,1.1380471380471382,-0.6237462683791374,-0.548816018966205,-0.6691859220857992,-1.1222164641568182,-0.041572243722302185,-0.38223786481114475,0.16923104457519936,0.18029903213524281,-0.10017625718049661,0.0,-1.0,0.0,1.0,-0.25,-0.5,-0.2,0.0,0.0,0.5,0,0,1,0,0,0,0,0,1,0,0,0,0,1,0,0
11121,-0.6111111111111112,0.6896551724137931,0.54,-0.3076923076923077,1.0,1.1380471380471382,-1.488785844863439,-0.636504379395119,-0.8122899777907939,-1.3528286983107507,0.18029903213524281,-0.3255419439953788,0.10538624670896068,-0.2862227858405282,-0.6546718917377307,0.0,0.0,0.0,1.0,0.0,-0.5,-0.4,0.75,0.0,-0.5,0,1,0,0,0,0,0,0,0,1,0,0,0,1,0,0
5332,0.5555555555555556,-0.05459770114942529,-0.94,0.15384615384615385,-1.25,-0.6230936819172113,0.7249761003569585,0.36560082782534764,0.6530545750303797,0.24274581064265283,0.6122380649615098,0.7062801393231519,0.9193858457302698,0.48930108423645197,0.45301504376350465,-1.0,-1.0,0.0,-0.5,-0.25,1.0,0.4,-1.25,-1.0,0.5,0,1,0,0,0,0,0,0,1,0,0,0,0,1,0,0
5848,0.0,-0.5431034482758621,-0.12,0.3076923076923077,-0.5,-0.6588693957115009,0.7006895274067074,0.5997831839593372,1.0035392779839287,0.47289946012497025,0.7483599993089757,0.999179384241336,0.7935546279640983,0.645248659877361,0.9516539432228468,-1.0,-1.0,4.0,-0.5,0.25,1.0,0.4,-1.0,0.0,0.0,0,0,0,1,0,0,0,0,1,0,0,0,0,1,0,0
10343,-1.1666666666666667,0.8103448275862069,-0.44,0.3076923076923077,-0.75,-0.35477582846003897,0.27827911762651353,0.4514980949331685,0.7341824398527645,0.41324856134994004,0.8204690990142031,0.676881291838436,-1.007628303794069,0.5758185568959769,1.2117445167325063,-1.0,-2.0,0.0,0.0,-0.25,1.0,0.6,-0.75,-1.0,0.5,0,0,1,0,0,0,0,0,1,0,0,0,0,0,0,1
5935,0.7777777777777778,0.5632183908045977,0.22,0.6153846153846154,0.75,-0.20933977455716585,0.11228219629984594,0.24256025848753618,0.23095477321413244,0.3797770634034223,-0.041572243722302185,0.2785717741620659,-1.007628303794069,-0.041572243722302185,0.5400893577133797,0.0,-1.0,0.0,0.5,0.75,0.75,0.6,-0.25,1.0,0.0,0,0,1,0,0,0,0,0,1,0,0,0,0,0,0,1
2895,0.3888888888888889,-0.3074712643678161,0.6,-0.3076923076923077,-0.25,0.08754208754208763,-0.04206870249551852,-0.2610061767539925,-0.17838461679874185,-0.1699532821652493,-0.5308733279587541,-0.08104992162115524,0.02911296866803439,0.03718763921497886,-0.2934993113628321,0.0,-1.0,0.0,0.0,-0.25,-0.25,0.0,-0.25,0.0,-0.5,0,0,1,0,0,0,0,0,1,0,0,0,0,0,0,1
10262,-0.5555555555555556,0.16954022988505746,0.94,-0.3076923076923077,-0.25,1.1380471380471382,-1.8765786105646058,-0.7377145154049668,-0.9722667014280841,-0.9873169549692411,-0.3877619350384901,-0.5527179709905995,-1.007628303794069,0.07082795084356677,-0.15768008000897207,1.0,1.0,0.0,1.0,-0.25,-0.25,-0.4,-0.25,0.0,-0.5,0,1,0,0,0,0,1,0,0,0,0,0,1,0,0,0
7848,-0.2222222222222222,0.07183908045977011,-0.64,-0.15384615384615385,0.5,-0.07407407407407397,-0.06719775054139417,-0.027046347618147736,0.1257705372284281,0.08361309604427607,-0.3877619350384901,-0.36725569010023346,-0.19072946429594947,-0.7755238700769802,0.8564684554014595,0.0,-1.0,0.0,0.0,0.25,0.25,-0.4,0.0,0.0,0.5,0,0,1,0,0,0,0,0,0,1,0,0,0,0,0,1
9477,0.8888888888888888,-0.5373563218390804,-0.98,0.38461538461538464,0.25,-0.09629629629629628,0.36765955903963704,0.11716796104740294,0.09960552319054157,0.2623222289699432,-0.7755238700769802,0.15861307218163676,0.20667320090127414,0.4585898858820568,-0.8199621321402158,0.0,0.0,0.0,0.5,0.5,0.0,0.8,-0.5,2.0,0.5,0,1,0,0,0,0,0,0,1,0,0,0,0,0,0,1
4856,0.7222222222222222,0.7011494252873564,-0.22,0.7692307692307693,0.25,-0.7318518518518518,0.7220611661223706,0.569908079669013,0.764979661653217,0.385196781691502,0.6388889180172997,0.9630176000957114,1.0796397012432057,0.9531986810242506,0.5400893577133797,-1.0,-1.0,2.0,-0.5,0.75,1.25,1.0,-0.75,-1.0,0.0,0,1,0,0,0,0,0,0,1,0,0,0,0,1,0,0
7186,0.2222222222222222,-0.9252873563218391,-0.12,-0.6923076923076923,-0.75,0.9629629629629629,-0.7807783264493489,-0.8876516871453942,-0.8630479911658611,-0.6474103906387431,-0.7755238700769802,-1.1921710908689298,-1.007628303794069,-0.7755238700769802,-0.5264628207773835,1.0,1.0,1.0,0.0,-0.75,-0.25,-0.6,-0.25,2.0,0.0,0,0,0,1,0,0,0,0,1,0,0,0,0,0,0,1
5794,-0.2222222222222222,-0.7241379310344828,-0.96,0.23076923076923078,1.5,0.0,-0.15666633954421555,0.04386541258361896,0.03861465609734314,0.2824413931379592,-0.7755238700769802,-0.43106976387327783,-1.007628303794069,-0.7755238700769802,-0.1887448729086275,0.0,0.0,3.0,0.5,0.75,-0.25,0.4,0.5,2.0,0.5,0,1,0,0,0,0,0,0,0,1,0,0,0,0,0,1
1456,-0.5,0.28160919540229884,-0.48,1.2307692307692308,2.0,0.3416965352449224,0.24959970554384875,0.40313847705301054,0.3209244249144749,0.1393062375395991,1.0945496906251637,0.5720473803961309,1.137144213851338,0.03718763921497886,1.1047544384542052,0.0,-1.0,0.0,2.5,1.5,0.0,1.4,0.25,0.0,0.5,0,0,1,0,0,0,0,0,1,0,0,0,0,1,0,0
4877,-0.16666666666666666,-0.6867816091954023,-0.94,-0.7692307692307693,-0.25,0.1925925925925927,-0.43841360794061107,-0.8306482200332561,-0.6610850369537974,-0.5354650255067588,-0.7755238700769802,-0.8174977601529947,-1.007628303794069,-0.7755238700769802,-1.849433141188841,0.0,0.0,0.0,-0.5,-0.75,-0.5,-0.4,0.25,1.0,0.5,0,1,0,0,0,0,0,0,1,0,0,0,0,0,0,1
425,-0.8333333333333334,0.3994252873563218,0.34,0.5384615384615384,0.5,-0.1750841750841751,0.11430160774029531,0.22422797045994403,0.22753372402197344,0.25356637820952505,0.6978516802157864,0.20729659427987213,0.7376463687461494,0.37444125516027954,0.5489974231271681,1.0,1.0,0.0,0.5,0.5,0.0,1.2,-0.25,0.0,-0.5,0,1,0,0,0,0,0,0,1,0,0,0,0,0,0,1
3007,0.2222222222222222,0.7959770114942529,0.0,-0.6923076923076923,0.0,0.9629629629629629,-0.4712130427651606,-0.8395592672661281,-0.7849025508334636,-0.6097055827056526,-0.3877619350384901,-0.6958495530356731,-1.007628303794069,-0.7755238700769802,-1.451179391371804,1.0,1.0,0.0,0.0,-0.75,-0.5,-0.4,0.5,0.0,0.0,0,0,0,1,0,0,0,0,1,0,0,0,0,0,0,1
1031,-1.0555555555555556,0.1839080459770115,-0.88,0.8461538461538461,-0.25,-0.7407407407407407,0.78331720405114,0.36421194143845936,0.3676376672678693,0.41049209880064813,0.29905896856117287,0.6269626310511223,0.3285161072382096,0.436522943019284,0.1766680123939431,-1.0,-1.0,1.0,-0.5,0.5,1.75,1.0,-1.0,-1.0,0.5,0,1,0,0,0,0,0,0,1,0,0,0,0,0,0,1
4297,0.05555555555555555,-0.5804597701149425,0.44,-0.6153846153846154,0.25,0.6878306878306878,-1.214699967959343,-0.8395592672661281,-0.8749835558689062,-0.840317816859585,-0.3877619350384901,-0.48707177625345005,-0.24318664449800542,-0.5308733279587541,-1.849433141188841,0.0,0.0,0.0,0.0,-0.5,-0.5,-0.4,0.5,0.0,-0.5,0,0,0,1,0,0,0,0,1,0,0,0,0,1,0,0
807,0.05555555555555555,-0.6379310344827587,-0.28,0.15384615384615385,1.25,1.076252723311547,-0.2162885525278579,-0.11232894001709277,-0.19865824622651226,-0.013581605210210618,-0.3877619350384901,0.1070743664792335,-1.007628303794069,-0.7755238700769802,0.19332305418233545,1.0,1.0,0.0,2.0,0.5,-0.25,-0.2,0.5,1.0,0.0,0,0,0,1,0,0,0,0,0,1,0,0,0,0,0,1
9553,-0.9444444444444444,0.5172413793103449,0.9,-0.8461538461538461,-0.75,0.48148148148148157,-2.944574468496162,-1.187526030626249,-1.110020789569042,-1.7183404416522603,-0.3877619350384901,-1.0822775493153898,-0.37536818175688036,-0.5308733279587541,-0.8199621321402158,-1.0,-1.0,0.0,-0.5,-1.0,-0.5,-0.4,0.0,0.0,-0.5,0,1,0,0,0,0,0,0,1,0,0,0,1,0,0,0
4271,-1.0555555555555556,0.7959770114942529,0.62,0.15384615384615385,0.5,1.076252723311547,-0.4341747431646368,-0.05514521915251803,-0.09869797902151972,-0.4373842967603544,0.48930108423645197,0.011073137303157714,0.7376463687461494,0.543709510679399,0.56640962563556,0.0,0.0,0.0,2.0,0.0,-0.25,0.2,0.25,-1.0,-0.5,0,0,0,1,0,0,0,0,1,0,1,0,0,0,0,0
4120,-0.2777777777777778,-0.46551724137931033,0.24,-0.15384615384615385,1.0,-0.07407407407407397,-0.05640408557641861,-0.02604556063165271,0.12755065921994332,-0.22495708735178924,0.5264887234514308,0.05727660978811897,0.5942131229410537,0.15594757564090878,0.7609564475007234,0.0,-1.0,0.0,0.0,0.5,-0.25,-0.2,0.25,-1.0,-0.5,0,0,1,0,0,0,0,0,0,1,0,0,1,0,0,0
2036,-0.16666666666666666,0.07758620689655173,-0.4,0.15384615384615385,-0.25,0.05664488017429206,0.1831943183153333,0.004628227696585043,0.006530013301295792,0.11058461425112673,0.10153914919796193,0.21696790803277347,-0.06562641226476575,-0.2862227858405282,-0.25641814192069373,0.0,0.0,0.0,0.5,0.0,0.0,0.6,-0.5,2.0,0.5,0,0,0,1,0,0,0,0,1,0,0,0,0,0,0,1
115,0.2222222222222222,0.2988505747126437,-0.98,0.15384615384615385,0.25,0.05664488017429206,-0.2561227697886998,-0.0028049987778542176,-0.006593412479900357,0.15158449901715437,0.10153914919796193,0.005576690118878176,0.2722996131660399,-0.041572243722302185,-0.6546718917377307,0.0,-1.0,0.0,0.5,0.25,-0.25,0.6,-0.25,1.0,0.5,0,0,1,0,0,0,0,0,1,0,0,0,0,0,0,1
4259,-0.8888888888888888,-0.22413793103448276,0.62,-0.8461538461538461,-0.25,0.48148148148148157,-1.4835936186947205,-1.3260841332976208,-1.3174103999738638,-1.0709300510135173,-0.7755238700769802,-0.9970374962256624,-1.007628303794069,-0.7755238700769802,-1.849433141188841,1.0,0.0,0.0,-0.5,-0.75,-0.5,-0.6,0.25,1.0,-0.5,0,0,1,0,0,0,0,0,1,0,0,0,0,0,0,1
8687,-0.4444444444444444,0.1810344827586207,0.1,0.07692307692307693,-1.0,0.12037037037037043,0.05267302865350397,0.07555850844856708,0.17206003111063037,-0.12002761990280572,0.6868209035996629,0.111295365103796,0.6557205428019204,0.29905896856117287,0.9292947518681286,0.0,0.0,0.0,0.5,-0.5,0.25,0.6,-0.75,0.0,0.0,0,0,0,1,0,0,0,0,1,0,0,0,1,0,0,0
2447,-0.5,0.7586206896551724,0.44,-0.6153846153846154,0.0,0.6878306878306878,-0.7956358994873649,-0.6417497235944941,-0.5486100188999067,-1.1828754161455015,0.1297907130420535,-0.5527179709905995,0.16923104457519936,-0.041572243722302185,-0.3757191474672522,0.0,0.0,0.0,0.0,-0.5,-0.5,-0.4,0.25,0.0,-0.5,0,0,0,1,0,0,0,0,1,0,1,0,0,0,0,0
10140,-0.7222222222222222,-0.23563218390804597,-0.44,0.15384615384615385,-0.25,-0.6230936819172113,0.47614778364445465,0.5438819250128473,0.9766169914338935,0.6694761413051057,-0.7755238700769802,0.6740055204993026,0.24085521153310066,-0.7755238700769802,-1.849433141188841,-1.0,-1.0,2.0,-0.5,0.25,1.25,-0.2,-0.75,2.0,0.5,0,0,0,1,0,1,0,0,0,0,0,0,0,0,0,1
9353,0.6111111111111112,-0.5229885057471264,0.24,0.07692307692307693,-0.25,-0.2407407407407407,0.2988043879739523,0.3401374215781006,0.647505920244773,0.359758808189705,0.590840233434414,0.5239002675743037,0.6199827071600946,0.7085481389060245,0.2554981117643361,0.0,-1.0,1.0,0.0,0.25,0.75,-0.2,-0.75,0.0,-0.5,0,0,1,0,0,0,0,0,0,1,0,0,0,0,0,1
3623,-0.3333333333333333,-0.9712643678160919,0.12,-0.38461538461538464,0.5,0.7703703703703704,-1.320595058117195,-0.797007714698515,-1.0104600024643449,-1.1828754161455015,-0.7755238700769802,-0.5295595783247905,0.12784066103007083,-0.20746290290324726,-0.9247165705944205,0.0,0.0,0.0,0.5,0.0,-0.5,-0.4,0.25,0.0,0.0,0,0,0,1,0,0,0,0,0,1,1,0,0,0,0,0
738,-0.6111111111111112,-0.7758620689655172,-0.28,-0.23076923076923078,0.25,0.9629629629629629,-0.29395028822026315,-0.286384350961786,-0.2782346479773713,-0.4235196603747745,0.15594757564090878,-0.060762154832983736,0.25689194028030826,0.20307829839592387,0.022534602349784674,1.0,0.0,0.0,1.0,-0.25,-0.25,-0.2,0.25,-1.0,0.0,0,0,1,0,0,0,0,0,1,0,0,0,0,1,0,0
7631,-0.4444444444444444,-0.25862068965517243,-0.3,0.6153846153846154,-0.25,-0.7117552334943639,0.2715087788844814,0.33790303069667454,0.40172233338457164,0.3887614921491851,0.6636679410374086,0.3477661691149228,0.4789728140673139,0.2244761299230198,1.0020124668906725,0.0,0.0,0.0,-0.5,0.25,1.25,1.0,-0.75,1.0,0.0,0,0,0,1,0,0,0,0,1,0,0,0,0,0,0,1
4789,0.9444444444444444,-0.20402298850574713,0.92,0.23076923076923078,-0.75,-0.6419753086419753,0.6932652654545722,0.53302411136818,0.9184459403170622,0.49293446312387534,0.33116801477775093,0.7628845749298221,1.0948240185075218,0.978602168472904,0.1766680123939431,-1.0,-1.0,3.0,-0.5,0.0,1.5,0.0,-1.0,0.0,-0.5,0,0,0,1,0,1,0,0,0,0,0,0,0,0,0,1
773,-0.05555555555555555,0.022988505747126436,0.3,0.6153846153846154,0.75,0.7954911433172305,-0.2781494659866843,0.1502475289267544,0.06678537685334908,0.25797310656154726,-0.20746290290324726,0.12368552655321065,0.0,0.03718763921497886,0.7907329916322606,1.0,0.0,0.0,2.5,0.5,1.0,-0.2,0.0,1.0,-0.5,1,0,0,0,0,0,1,0,0,0,0,0,0,0,0,1
10602,-0.7222222222222222,0.41379310344827586,-0.38,-0.46153846153846156,0.5,0.32098765432098764,-0.38592756858304084,-0.3430511857650126,-0.19282262577806683,-0.5867514386500596,0.1297907130420535,-0.04781188112962177,0.16923104457519936,-0.5308733279587541,0.2252511961698712,0.0,0.0,0.0,0.0,-0.25,-0.5,-0.2,0.5,0.0,0.5,0,1,0,0,0,0,0,0,1,0,0,0,0,1,0,0
1446,0.7777777777777778,-0.7787356321839081,-0.74,1.0,-0.5,-0.7566137566137565,0.7960128507344205,0.41726840699069906,0.41374240205723,0.26490467241360816,0.7189299498162411,0.8121736810947136,0.7601007830672596,0.5758185568959769,0.5833096295721429,-1.0,-2.0,0.0,-0.5,0.5,1.75,1.4,-1.25,1.0,0.5,0,0,1,0,0,0,0,0,1,0,0,0,0,1,0,0
3270,-0.4444444444444444,0.4942528735632184,0.94,-0.3076923076923077,0.75,1.1380471380471382,-1.681876828603409,-0.41569040425833964,-0.44555042884275897,-0.864973770899795,0.346189691316188,-0.21236944249137837,0.3413974350728991,0.2637338989659208,-0.6546718917377307,0.0,0.0,0.0,1.0,-0.25,-0.25,-0.4,0.75,-1.0,-0.5,0,0,0,1,0,0,1,0,0,0,0,0,0,1,0,0
8443,-0.1111111111111111,-0.6235632183908046,-0.66,-0.46153846153846156,0.5,0.9629629629629629,-1.1168343121077848,-0.5613524929419327,-0.5677413164335723,-1.0709300510135173,0.07082795084356677,-0.6320354792626287,-0.4630290774619893,0.20307829839592387,0.28423203449009354,0.0,-1.0,2.0,0.5,-0.25,-0.25,-0.6,0.5,0.0,0.5,0,0,1,0,0,0,0,0,0,1,0,0,1,0,0,0
9653,-0.2777777777777778,0.7614942528735632,-0.66,-0.6153846153846154,0.25,0.6878306878306878,-0.5528303643076234,-0.6470705429580874,-0.5576050663084442,-0.6097055827056526,-0.5308733279587541,-0.577371459454412,-0.37536818175688036,-0.5308733279587541,-0.07344777701387911,0.0,0.0,0.0,0.0,-0.5,-0.5,-0.4,0.5,0.0,0.5,0,1,0,0,0,0,0,0,1,0,0,0,0,0,0,1
8916,-0.2777777777777778,-0.04310344827586207,0.58,-0.8461538461538461,-1.0,0.48148148148148157,-0.5177528801419267,-1.1651076174231962,-1.0751866849165583,-0.9522631819915691,-0.5308733279587541,-0.9273913017065346,-1.007628303794069,-0.7755238700769802,-1.451179391371804,1.0,0.0,0.0,-0.5,-1.0,-0.5,-0.4,-0.25,0.0,-0.5,1,0,0,0,0,0,0,0,1,0,0,0,0,0,0,1
8017,-0.6111111111111112,-0.9942528735632183,0.68,-0.6153846153846154,-0.25,0.6878306878306878,-0.007824624882239032,-0.7242661036901205,-0.6868773577146858,-0.6751517126322198,-0.7755238700769802,-0.4674779179008721,-0.24318664449800542,-0.14311139292026412,-1.0529256415547674,1.0,1.0,0.0,0.0,-0.5,-0.5,-0.4,0.0,-1.0,-0.5,0,1,0,0,0,0,0,0,1,0,0,0,0,0,0,1
5830,-0.1111111111111111,0.8591954022988506,0.94,0.5384615384615384,-0.5,-0.7003367003367003,0.8036610408356497,0.6186129530091389,0.939214320566157,0.5448375643521409,0.8603321087721983,0.9598437237703468,0.9164650493643182,0.8603321087721983,0.28423203449009354,-1.0,-2.0,1.0,-0.5,0.25,1.0,1.0,-1.0,2.0,-0.5,0,0,1,0,0,0,0,0,1,0,0,0,0,0,0,1
4597,0.0,0.017241379310344827,0.36,0.3076923076923077,-1.25,-0.6588693957115009,0.7169419714456134,0.6014352666735959,1.0065464392853685,0.5411201723089019,0.645248659877361,0.8829351946214894,1.007628303794069,0.8242848780577742,0.947251172944205,-1.0,-1.0,0.0,-0.5,-0.25,0.0,1.6,-1.25,2.0,-0.5,0,0,0,1,0,0,0,0,1,0,0,0,0,0,0,1
7023,0.9444444444444444,0.6436781609195402,0.76,0.0,1.5,0.5777777777777778,-0.1613926081403831,-0.15086980922294213,-0.18545420465838192,0.027360872407614818,-0.3877619350384901,-0.07416691578656963,-1.007628303794069,-0.14311139292026412,-0.3757191474672522,2.0,1.0,0.0,1.0,0.5,-0.25,-0.2,0.75,2.0,-0.5,0,0,1,0,0,0,0,0,0,1,0,0,0,0,0,1
8086,0.6111111111111112,-0.4482758620689655,-0.3,-0.6153846153846154,0.0,0.6878306878306878,-0.29944688946818204,-0.7242661036901205,-0.6868773577146858,-0.4235196603747745,-0.7755238700769802,-1.1921710908689298,-1.007628303794069,-0.7755238700769802,-0.8199621321402158,1.0,1.0,0.0,0.0,-0.5,-0.5,-0.4,0.25,0.0,0.0,0,1,0,0,0,0,0,0,1,0,0,0,0,0,0,1
8825,0.4444444444444444,0.28160919540229884,-0.06,0.6923076923076923,2.0,0.9629629629629629,-0.005311606757739452,0.13049518955100511,0.004088610488890014,0.09236894680469392,0.18029903213524281,0.31963101627097806,0.7282924672799496,0.36059806427048563,0.4933515120546405,1.0,1.0,0.0,3.0,1.25,0.0,0.0,0.5,0.0,0.0,0,0,0,1,0,0,0,0,0,1,0,0,0,0,0,1
2930,-0.4444444444444444,-0.46264367816091956,-0.84,0.38461538461538464,-0.5,-0.38518518518518513,0.4311692229616888,0.43348342479498403,0.6672340462478485,0.5269929603497131,0.6754342347185844,0.4270836773869521,0.7088887554180855,0.49897171996375944,0.3866461083646709,-1.0,-2.0,0.0,0.0,-0.5,1.0,1.0,-0.25,1.0,0.5,0,0,1,0,0,0,0,0,1,0,0,0,0,0,0,1
1928,-0.16666666666666666,0.4281609195402299,0.48,-0.6153846153846154,0.5,0.6878306878306878,-0.7333436032774369,-0.5743289319496934,-0.43378755242877776,-0.5260924866613763,-0.2862227858405282,-0.448840246502505,-0.37536818175688036,-0.5308733279587541,-0.10017625718049661,0.0,0.0,1.0,0.0,-0.5,-0.5,-0.4,0.75,0.0,-0.5,0,1,0,0,0,0,0,0,1,0,0,0,0,0,0,1
7108,0.2777777777777778,0.8706896551724138,0.1,0.23076923076923078,0.25,0.9629629629629629,0.0005063251858152366,-0.04239255659080097,-0.11329173528080973,0.05426061774684113,0.29905896856117287,-0.13305193421934894,0.24085521153310066,-0.3877619350384901,0.4735371792226165,1.0,0.0,0.0,2.0,0.25,0.0,0.0,-0.25,1.0,0.0,0,0,0,0,1,0,1,0,0,0,0,0,0,0,0,1
10925,-0.7222222222222222,-0.5459770114942529,0.88,0.7692307692307693,-1.25,-0.7318518518518518,0.6119474107230818,0.3430957618824016,0.355749556874806,0.12655743157919902,0.4477288405141499,0.719318827906842,0.45123103458037667,0.6514958340044109,1.1213134724372311,-1.0,-1.0,0.0,-0.5,-0.25,2.0,1.2,-1.25,0.0,-0.5,0,1,0,0,0,0,0,0,1,0,0,0,0,1,0,0
9960,-1.1666666666666667,-0.8505747126436781,0.06,-0.8461538461538461,-0.25,0.48148148148148157,-0.9919217052434329,-1.211391766873758,-1.1467387127690556,-1.7183404416522603,-0.7755238700769802,-1.347057338477785,-0.1444589521359689,-0.2862227858405282,-1.2182158819572526,0.0,-1.0,0.0,-0.5,-0.75,-0.5,-0.6,0.25,-2.0,0.0,0,0,1,0,0,0,0,0,1,0,1,0,0,0,0,0
8800,1.5,0.4511494252873563,0.08,0.6923076923076923,1.0,-0.48148148148148145,-0.073998287508014,0.30388881076135155,0.3125073678156832,0.30523280638738176,0.0,0.4252427268901284,0.9885775262689339,0.6052486063887117,0.31159714487129303,-1.0,-2.0,2.0,0.0,0.75,2.0,0.0,0.0,2.0,0.0,1,0,0,0,0,1,0,0,0,0,0,0,0,0,0,1
9224,-0.1111111111111111,0.5977011494252874,0.64,0.7692307692307693,1.25,-0.5007407407407407,0.11161769773415917,0.39007256536980695,0.44012782506493364,0.5162916394838508,0.0,-0.0880592281640338,-0.03144440163293923,-0.7755238700769802,1.3066531549691007,0.0,-1.0,0.0,0.0,1.0,2.0,0.0,0.0,2.0,-0.5,0,0,1,0,0,1,0,0,0,0,0,0,0,0,0,1
5519,0.7777777777777778,-0.08620689655172414,-0.82,0.38461538461538464,0.5,-0.674074074074074,0.3384741233090394,0.25817753604318316,0.3512756756038238,0.1976641841965044,0.6636679410374086,0.33160680860721636,0.6988152470312979,0.6190917972785056,0.9731755120280169,0.0,0.0,1.0,-0.5,0.5,1.75,-0.2,-0.25,0.0,0.5,0,0,0,1,0,1,0,0,0,0,0,0,0,0,0,1
5046,0.6666666666666666,-0.5718390804597702,0.96,0.7692307692307693,1.25,-0.5007407407407407,0.6455458863527678,0.5243280024225082,0.6824098809281611,0.4872694400155425,0.9661289226725314,0.6312912494788345,0.9885775262689339,1.0371876392149788,0.5218478665694974,0.0,-1.0,0.0,0.0,1.5,1.0,0.4,-0.5,0.0,-0.5,1,0,0,0,0,0,0,0,0,1,0,0,0,0,0,1
7037,-0.2222222222222222,-0.09770114942528736,0.02,0.15384615384615385,0.25,0.05664488017429206,-0.4986531364409217,0.004628227696585043,0.006530013301295792,0.03600299794847313,0.645248659877361,0.2619606140880888,0.08157014887009044,-0.7755238700769802,-1.0529256415547674,0.0,0.0,0.0,0.5,0.0,0.0,0.6,0.0,2.0,0.0,0,1,0,0,0,0,0,0,1,0,0,0,0,0,0,1
905,-0.8888888888888888,-0.3045977011494253,-0.22,-0.3076923076923077,0.75,1.1380471380471382,-1.3085694968893378,-0.5699526611604441,-0.7040200267382829,-1.026503739190463,0.2446505421182259,-0.48707177625345005,-0.24318664449800542,0.07082795084356677,0.04421863650592419,0.0,-1.0,0.0,1.0,0.0,-0.5,-0.4,0.5,0.0,0.0,1,0,0,0,0,0,0,0,0,1,0,0,1,0,0,0
8624,0.6666666666666666,0.4367816091954023,0.24,0.23076923076923078,-0.75,-0.6419753086419753,0.7028552270540327,0.314385754320224,0.522388490561018,0.016684989829577477,0.46912667204124586,0.7575096612864969,0.6008157204042494,0.8637423393967315,0.4835297564776514,-1.0,-1.0,0.0,-0.5,0.0,0.25,1.0,-1.0,0.0,-0.5,0,1,0,0,0,0,0,0,1,0,0,0,0,1,0,0
8945,0.0,-0.11206896551724138,-0.06,-0.3076923076923077,0.25,0.08754208754208763,0.08019760292421413,-0.2462125814320805,-0.15251039587483567,-0.005752935151804659,-0.7755238700769802,-0.6626115125441394,-1.007628303794069,-0.5308733279587541,-0.10017625718049661,0.0,-1.0,0.0,0.0,0.0,-0.25,-0.2,0.0,0.0,0.0,1,0,0,0,0,0,0,0,0,1,0,0,0,0,0,1
6445,0.16666666666666666,-0.017241379310344827,0.48,0.07692307692307693,-0.75,-0.6018518518518519,0.402425560769346,0.2854164291299603,0.5486165283019485,0.11058461425112673,0.8568886070797357,0.6825686895334412,0.3285161072382096,0.5352041322794227,0.28423203449009354,-1.0,-1.0,0.0,-0.5,0.0,0.75,0.2,-1.0,0.0,-0.5,0,0,0,1,0,0,0,0,1,0,0,0,0,1,0,0
2727,-0.16666666666666666,-0.4281609195402299,-0.6,-0.15384615384615385,-0.75,-0.5185185185185185,0.16174369418571174,0.011914977080186928,0.1951802410616916,0.013048853892880206,0.3154784929617928,0.011073137303157714,0.4415306577412393,-0.2862227858405282,0.7790068966777998,-1.0,-1.0,0.0,-0.5,-0.25,0.25,0.2,-0.75,0.0,0.5,0,0,0,1,0,0,0,0,1,0,0,0,0,0,0,1
6404,0.05555555555555555,0.3045977011494253,-0.78,0.07692307692307693,0.0,0.8425925925925927,0.20968249348840956,-0.12517018047391032,-0.1821035462981542,-0.04687968479127894,-0.041572243722302185,0.1070743664792335,-1.007628303794069,-0.041572243722302185,0.08527600666061479,2.0,2.0,0.0,1.5,0.0,-0.25,0.2,-0.25,0.0,0.5,0,0,0,1,0,0,0,0,1,0,0,0,0,0,0,1
11074,-0.3888888888888889,-0.7902298850574713,0.9,0.23076923076923078,-1.5,-0.6419753086419753,0.7718831208024167,0.472329352217986,0.8081945409763117,0.34593532501421925,0.8242848780577742,0.669163928579855,1.0638447978662386,0.10153914919796193,1.304283837344046,-1.0,-2.0,0.0,-0.5,-0.25,0.5,1.0,-1.5,0.0,-0.5,0,0,1,0,0,0,0,0,1,0,0,0,0,0,0,1
10150,0.5,-0.39080459770114945,-0.78,0.23076923076923078,0.0,-0.9629629629629629,0.7961013855098451,0.4790202478431441,0.8203386196836296,0.32513460677149386,0.4129838139810195,0.9754557938967531,0.3285161072382096,0.2637338989659208,0.2405736698080648,-1.0,-2.0,2.0,-1.0,0.75,0.5,0.4,-1.0,0.0,0.5,0,0,1,0,0,0,0,0,0,1,0,0,0,1,0,0
1968,-0.05555555555555555,-0.4224137931034483,-0.24,-0.8461538461538461,-0.25,0.48148148148148157,-0.17960732580356298,-0.9676089527659227,-0.7559996293047285,-1.1222164641568182,-0.5308733279587541,-0.9273913017065346,-0.06562641226476575,-0.7755238700769802,-0.6546718917377307,0.0,-1.0,0.0,-0.5,-0.75,-0.5,-0.6,0.25,0.0,0.0,0,0,0,0,1,0,0,0,1,0,1,0,0,0,0,0
6534,-0.2222222222222222,-0.5172413793103449,0.9,-0.6923076923076923,-0.5,0.0,-0.10747083829687783,-0.6524690412560705,-0.4712744579190073,-0.5867514386500596,-0.7755238700769802,-0.31259167029201684,-1.007628303794069,-0.14311139292026412,-0.9247165705944205,0.0,0.0,0.0,-0.5,-0.5,-0.5,-0.4,-0.25,0.0,-0.5,0,0,0,1,0,0,0,0,1,0,0,0,0,0,0,1
9485,-0.8888888888888888,-0.7040229885057471,-0.52,-0.38461538461538464,-0.75,-0.38518518518518513,-0.1716887608014268,-0.25353540618430775,-0.10383921655088428,-0.17635161640709132,0.03718763921497886,-0.11745807564874954,0.25689194028030826,-0.2862227858405282,-0.3757191474672522,-1.0,-1.0,0.0,-0.5,-0.5,-0.25,0.2,-0.5,2.0,0.5,0,1,0,0,0,0,0,0,1,0,0,0,0,0,0,1
7053,0.2222222222222222,0.02586206896551724,0.52,0.5384615384615384,-1.25,-0.7003367003367003,0.6472836872776712,0.48003895528023915,0.6877532762030171,0.4126990928079021,0.4129838139810195,0.8767602455026066,0.76873509330495,0.4129838139810195,0.08527600666061479,-1.0,-2.0,0.0,-0.5,-0.25,2.0,0.6,-1.25,2.0,-0.5,0,0,1,0,0,1,0,0,0,0,0,0,0,1,0,0
4654,-1.2222222222222223,-0.3505747126436782,-0.18,0.3076923076923077,-1.0,-0.6588693957115009,0.581368484537387,0.4253173706863715,0.6867590157391202,0.3940379518847716,0.1297907130420535,0.780030710121637,0.6261693752021701,0.6754342347185844,0.0,-1.0,-1.0,0.0,-0.5,-0.25,2.0,0.0,-1.0,0.0,0.0,0,0,0,1,0,1,0,0,0,0,0,0,0,0,0,1
9760,0.3888888888888889,0.47126436781609193,-0.5,1.2307692307692308,2.25,0.1553166069295102,0.026724129703632308,0.40873205444753036,0.3309443531704504,0.5642238122675188,-0.7755238700769802,0.021834313389506158,-1.007628303794069,-0.7755238700769802,1.1180396247767563,0.0,-1.0,1.0,2.0,1.5,0.75,1.0,0.5,2.0,0.5,0,0,0,0,1,0,0,0,0,1,0,0,0,0,0,1
1048,-0.1111111111111111,-0.017241379310344827,-0.76,-0.38461538461538464,0.25,0.1925925925925927,-0.5595139523716489,-0.2945568507835906,-0.17575238036026694,-0.3346670367286659,-0.2862227858405282,0.0,-0.1444589521359689,0.03718763921497886,0.08527600666061479,0.0,0.0,1.0,0.0,-0.25,-0.25,-0.2,0.25,1.0,0.5,0,1,0,0,0,0,0,0,1,0,0,0,0,1,0,0
10619,-1.3333333333333333,0.6235632183908046,-0.4,0.23076923076923078,0.25,-0.6419753086419753,0.9492996200063085,0.5962710252159831,1.0335265598579295,0.4933662647764175,0.42494957425346885,0.9828145940493284,1.1630199222829647,0.40059811775913484,0.0,-1.0,-2.0,2.0,-0.5,0.75,0.25,0.4,-0.75,0.0,0.5,0,0,1,0,0,0,0,0,0,1,0,0,0,1,0,0
9308,0.8888888888888888,0.16666666666666666,0.04,-0.07692307692307693,-1.25,-0.5502645502645502,0.30784452072203944,0.3330150313570967,0.7239344102605222,0.2742057467271763,0.6811734851375101,0.5210388572753701,0.9308565964603749,0.6811734851375101,0.4424723863229611,-1.0,-1.0,0.0,-0.5,-0.25,0.5,0.2,-1.25,0.0,0.0,0,1,0,0,0,0,0,0,1,0,0,0,0,0,0,1
10505,0.5555555555555556,-0.49137931034482757,0.74,0.0,-1.0,-0.5777777777777777,0.540047931552577,0.34235839261354883,0.6946854301168943,0.48061071622324253,0.28183818133320476,0.3147335583076906,0.5369709225380106,0.03718763921497886,0.08527600666061479,-1.0,-1.0,0.0,-0.5,-0.25,0.5,0.4,-1.0,1.0,-0.5,0,0,0,1,0,0,0,0,1,0,0,0,0,0,0,1
8362,-0.6666666666666666,-0.08620689655172414,-0.8,0.38461538461538464,0.25,-0.674074074074074,0.7555523385379822,0.582843249711182,0.9382279960151411,0.7101000902948837,0.28183818133320476,0.6806822832862693,-1.007628303794069,0.28183818133320476,-1.849433141188841,-1.0,-1.0,3.0,-0.5,0.75,1.0,0.2,-0.75,2.0,0.5,0,1,0,0,0,0,0,0,0,1,0,0,0,0,0,1
2625,0.8888888888888888,-0.3793103448275862,-0.38,-0.07692307692307693,-0.75,-0.13756613756613756,-0.2863167966426793,-0.04553972933846514,0.04444401507352532,-0.03611165344473064,0.42494957425346885,-0.06740573948219951,0.3413974350728991,0.4585898858820568,0.3747991173108948,0.0,-1.0,0.0,0.0,-0.25,0.0,0.4,-0.75,-1.0,0.5,0,0,1,0,0,0,0,0,1,0,0,0,0,0,0,1
4637,0.8888888888888888,0.14655172413793102,0.48,0.7692307692307693,0.0,-0.7318518518518518,0.5716192583038625,0.5270255747435034,0.687292702329195,0.566656117498712,0.6978516802157864,0.7343995950789408,0.952839690627108,-0.7755238700769802,-0.22158573742309376,-1.0,-2.0,1.0,-0.5,0.5,1.75,0.8,-0.75,2.0,-0.5,0,0,1,0,0,1,0,0,0,0,0,0,0,0,0,1
9972,0.8333333333333334,-0.8017241379310345,-0.48,-0.7692307692307693,-0.25,0.1925925925925927,-0.1685593773259869,-0.7890549229015935,-0.5910109556060998,-0.4994620275582855,-0.7755238700769802,-1.1921710908689298,-1.007628303794069,-0.7755238700769802,-0.731393516412085,1.0,1.0,2.0,-0.5,-0.75,-0.5,-0.4,0.25,2.0,0.5,0,0,0,1,0,0,0,0,1,0,0,0,0,0,0,1
4483,-1.2777777777777777,0.23563218390804597,0.36,0.3076923076923077,-1.5,-0.6588693957115009,0.52407807204317,0.4178706718889774,0.6732786971753931,0.19661298860927398,0.38776193503849,0.7417224357217648,1.1130145505030296,0.1297907130420535,1.1437225019070765,-1.0,-2.0,0.0,-0.5,-0.5,2.0,0.2,-1.25,0.0,-0.5,0,0,1,0,0,1,0,0,0,0,0,0,0,1,0,0
4487,0.05555555555555555,0.47413793103448276,0.36,-0.6153846153846154,-0.25,-0.13756613756613756,-0.38838284832182346,-0.5249502827186959,-0.34878724054879434,-0.7958915050365306,0.29905896856117287,-0.36725569010023346,-0.576043627965019,-0.041572243722302185,0.04421863650592419,0.0,-1.0,1.0,-0.5,-0.5,-0.5,-0.2,0.0,1.0,-0.5,0,0,1,0,0,0,0,0,1,0,0,0,1,0,0,0
4988,1.2222222222222223,-0.8620689655172413,0.18,-0.46153846153846156,-1.0,0.9629629629629629,-0.6106823178503211,-0.6807110482928288,-0.7654979121204507,-0.7216509478376368,-0.08870296647731721,-0.448840246502505,-1.007628303794069,-0.14311139292026412,-0.3757191474672522,1.0,1.0,0.0,0.5,-0.75,-0.25,-0.2,-0.5,2.0,0.0,0,1,0,0,0,0,0,0,1,0,0,0,0,1,0,0
8931,-0.8888888888888888,-0.9022988505747126,0.66,0.8461538461538461,1.75,-0.7407407407407407,0.7347570867565811,0.5510872413563132,0.7046131235940128,0.5110137488809285,0.8498991485069379,0.7062801393231519,1.1421275191710643,0.9930105414272017,0.1766680123939431,0.0,0.0,1.0,-0.5,1.75,0.5,1.0,-0.25,0.0,-0.5,0,0,0,1,0,0,0,0,0,1,0,0,0,0,0,1
5871,-0.5,0.8936781609195402,0.98,0.07692307692307693,1.25,0.12037037037037043,-1.1393085407807335,0.06084238700467061,0.1458573761649629,-0.28636452812991303,0.4129838139810195,0.44502108004887764,-0.06562641226476575,0.36059806427048563,0.8817835062946883,-1.0,-1.0,0.0,0.5,0.5,-0.25,0.2,0.5,1.0,-0.5,0,0,0,1,0,0,0,0,0,1,0,0,0,1,0,0
2008,-0.4444444444444444,-0.6235632183908046,0.88,0.3076923076923077,-0.75,-0.6588693957115009,0.6308620316923049,0.3933021978269893,0.6288320511790875,0.25178721286493627,0.346189691316188,0.6622809227452696,1.1630199222829647,0.1297907130420535,0.8460216456064592,-1.0,-1.0,1.0,-0.5,0.0,0.75,0.8,-1.0,0.0,-0.5,0,1,0,0,0,0,0,0,1,0,0,0,0,1,0,0
3139,-0.6666666666666666,-0.5028735632183908,0.08,0.3076923076923077,-0.75,-0.6588693957115009,0.5608992836425064,0.6076106946859084,1.0177881512528557,0.5343223691119685,0.8898992019955868,0.8933714055765838,0.9501581423206529,0.645248659877361,1.0911547808291013,-1.0,-2.0,1.0,-0.5,0.0,0.5,1.0,-1.0,-1.0,0.0,0,0,1,0,0,0,0,0,1,0,0,0,0,0,0,1
10037,-1.2777777777777777,-0.8620689655172413,0.34,0.07692307692307693,-0.5,-0.6018518518518519,0.5645496227639842,0.3861594011730854,0.7308446398745185,0.25445240570144295,0.9999999999999999,0.6102789101470758,0.7771837049801891,0.8204690990142031,0.6824857843071304,-1.0,-2.0,0.0,-0.5,0.25,0.5,0.2,-1.0,0.0,-0.5,0,0,1,0,0,0,0,0,1,0,0,0,0,0,0,1
10673,-0.3333333333333333,-0.3793103448275862,-0.86,0.46153846153846156,0.0,-0.6878306878306878,0.4380086918534939,0.47050707893471566,0.7016205787284291,0.48902282023490107,0.7755238700769802,0.7360390675043336,0.12784066103007083,0.15594757564090878,0.6754358957375127,0.0,0.0,0.0,-0.5,0.5,1.75,0.0,-0.75,2.0,0.5,0,1,0,0,0,1,0,0,0,0,0,0,0,0,0,1
5303,-0.2222222222222222,-0.7873563218390804,-0.14,0.38461538461538464,-0.25,-0.674074074074074,0.6707546807788771,0.3815410825180165,0.5733365830597994,0.3301057171529728,-0.7755238700769802,0.7704341583787114,0.8014911666123883,0.3154784929617928,-0.3757191474672522,-1.0,-1.0,0.0,-0.5,0.5,0.5,0.8,-1.0,2.0,0.0,0,0,0,1,0,0,0,0,1,0,0,0,0,1,0,0
538,-1.0555555555555556,-0.6235632183908046,0.58,-0.6153846153846154,-1.25,-0.13756613756613756,-0.16550276037620987,-0.4243917602092659,-0.17369132824440098,-0.5652792708825982,0.03718763921497886,-0.33894670494896506,0.10538624670896068,0.03718763921497886,0.1766680123939431,0.0,-1.0,0.0,-0.5,-0.75,-0.25,-0.2,-0.75,0.0,-0.5,0,0,1,0,0,0,0,0,1,0,0,0,1,0,0,0
7922,1.0555555555555556,0.9482758620689655,-0.4,0.7692307692307693,2.25,-0.5007407407407407,0.3588726888240617,0.3292105681108068,0.3308559352227397,0.5138660895432186,-0.7755238700769802,0.027103314012286557,0.0,-0.7755238700769802,0.5400893577133797,0.0,-1.0,1.0,0.0,1.75,0.0,1.0,0.25,2.0,0.5,0,0,1,0,0,0,0,0,0,1,0,0,0,0,0,1
5692,-1.0555555555555556,0.5689655172413793,0.66,-0.7692307692307693,0.0,0.1925925925925927,-1.0753164188832545,-0.9198276734736306,-0.8089445712674348,-1.4877282074983278,-0.20746290290324726,-1.0822775493153898,-0.1444589521359689,0.03718763921497886,-0.6546718917377307,0.0,0.0,0.0,-0.5,-0.75,-0.5,-0.4,0.5,-2.0,-0.5,0,1,0,0,0,0,0,0,1,0,0,0,0,0,1,0
4843,1.0,-0.9137931034482759,0.86,0.3076923076923077,-1.5,-0.6588693957115009,0.5816333192682142,0.2744944726163774,0.41459695879628905,0.05101470783903518,0.48930108423645197,0.5745522843801054,0.5048840918141492,0.2446505421182259,1.2700446788566904,-1.0,-2.0,0.0,-0.5,-0.5,2.25,0.0,-1.25,0.0,-0.5,0,0,1,0,0,1,0,0,0,0,0,0,0,1,0,0
6383,-0.05555555555555555,-0.9224137931034483,0.58,-0.5384615384615384,0.5,0.48148148148148157,-0.6823486969320488,-0.7890549229015935,-0.8713808092182469,-0.6218052116277316,-0.7755238700769802,-0.5527179709905995,-0.576043627965019,-0.5308733279587541,-1.2182158819572526,0.0,0.0,0.0,0.0,-0.25,-0.5,-0.4,0.5,2.0,-0.5,0,0,0,1,0,0,0,0,0,1,0,0,0,0,0,1
1628,-0.05555555555555555,-0.3103448275862069,0.1,0.15384615384615385,1.0,-0.6230936819172113,0.5122301680088474,0.32690895964865485,0.5831031700914314,0.23533150656518356,0.3154784929617928,0.5819699249958074,1.005296870829164,0.7530349832023729,0.15951573240067232,-1.0,-1.0,0.0,-0.5,1.25,0.25,-0.2,-0.5,0.0,0.0,0,0,0,1,0,0,0,0,0,1,0,0,0,0,0,1
1204,0.0,0.13505747126436782,-0.08,1.1538461538461537,2.5,-0.38518518518518513,0.4186220092675416,0.5650898933845286,0.6342564383531833,0.6551948447190676,-0.7755238700769802,0.7201724517006157,0.24085521153310066,0.733951626354678,0.20950887690840939,0.0,0.0,1.0,0.5,1.75,0.75,1.2,0.5,2.0,0.0,0,1,0,0,0,0,0,0,0,1,0,0,0,0,0,1
3673,-0.05555555555555555,-0.017241379310344827,0.2,0.8461538461538461,0.75,-0.2962962962962962,0.11103602470947292,0.2497408834434324,0.1630511084729871,0.2508940495726001,0.2446505421182259,0.4801527199771289,0.24085521153310066,0.36059806427048563,0.8353813654131744,0.0,-1.0,0.0,0.5,0.75,0.75,1.2,-0.25,0.0,0.0,0,0,1,0,0,0,0,0,1,0,0,0,0,0,0,1
760,-0.2777777777777778,-0.09195402298850575,-0.82,0.6153846153846154,1.25,-0.4605475040257649,0.2516228311597089,0.26460883842089394,0.2703470100923042,0.40378189232240985,-0.041572243722302185,0.047481291330751844,0.8424885083022684,0.20307829839592387,-0.25641814192069373,0.0,-1.0,0.0,0.0,1.0,0.5,0.8,0.0,2.0,0.5,1,0,0,0,0,0,0,0,1,0,0,0,0,0,0,1
8957,1.0,0.08045977011494253,0.04,0.5384615384615384,0.75,1.1380471380471382,0.3560662530598013,0.38385745157808526,0.5139831553272886,0.3363899084686196,0.8007457490195096,0.4973415557657681,0.6936799412060767,0.8007457490195096,1.009992577255035,1.0,0.0,0.0,3.0,0.5,0.25,0.0,0.0,-1.0,0.0,0,0,1,0,0,0,1,0,0,0,0,0,0,0,0,1
4128,0.4444444444444444,-0.034482758620689655,0.04,0.38461538461538464,0.75,-0.38518518518518513,0.13380470192779842,0.22321066427281164,0.2886238989848181,0.36104586250882964,0.1297907130420535,-0.08104992162115524,0.10538624670896068,-0.08870296647731721,0.9060300875270091,0.0,0.0,0.0,0.0,0.75,0.5,0.4,-0.25,2.0,0.0,0,0,0,1,0,0,0,0,0,1,0,0,0,0,0,1
6810,-0.7222222222222222,0.11781609195402298,0.54,-0.23076923076923078,-1.25,-0.48148148148148145,0.7160653385423683,0.4053238223414756,0.9586973198254031,0.1417984074440907,0.8463518209205468,0.8361983686120117,0.5212550147980581,0.7290150965998392,0.7907329916322606,-1.0,-2.0,2.0,-0.5,-0.25,0.0,0.2,-1.25,0.0,-0.5,1,0,0,0,0,0,0,0,1,0,0,0,0,1,0,0
5386,0.9444444444444444,0.3620689655172414,0.26,0.23076923076923078,-0.5,-0.9629629629629629,0.9308461810314271,0.6501035071377889,1.13160993633443,0.6152111664004973,0.36059806427048563,0.9373392644443415,0.9885775262689339,0.5758185568959769,1.1114354289630752,-1.0,-1.0,4.0,-1.0,0.25,1.5,0.0,-1.0,0.0,-0.5,0,0,0,1,0,1,0,0,0,0,0,0,0,0,0,1
8700,-0.8888888888888888,0.5689655172413793,0.74,-0.46153846153846156,0.0,0.9629629629629629,-1.8935261529942635,-0.6579475202109681,-0.7282767535132524,-1.026503739190463,-0.041572243722302185,-0.577371459454412,-0.19072946429594947,0.2244761299230198,-0.25641814192069373,-1.0,-2.0,0.0,0.5,-0.5,-0.25,-0.4,0.25,-2.0,-0.5,0,0,1,0,0,0,0,0,1,0,0,0,0,0,1,0
3202,-0.9444444444444444,0.8045977011494253,0.22,0.3076923076923077,0.75,-0.6588693957115009,0.005649424384348455,0.4244316443568048,0.6851554349446425,0.6312727949321467,-0.7755238700769802,-0.12517543890733063,-1.007628303794069,-0.7755238700769802,0.2252511961698712,-1.0,-1.0,2.0,-0.5,0.0,0.5,1.0,0.5,2.0,0.0,0,1,0,0,0,0,0,0,1,0,0,0,0,0,0,1
1328,-0.6666666666666666,-0.6408045977011494,0.14,0.38461538461538464,-0.5,-0.09629629629629628,0.1840133679902888,0.20117406893104484,0.24921660431716816,0.13426518463588072,0.5520147438379108,0.2892576874191388,0.5737121950001144,0.5981179371223457,0.9646633754525968,0.0,0.0,0.0,0.5,0.0,0.5,0.8,-0.75,-1.0,0.0,0,1,0,0,0,0,0,0,1,0,0,0,0,0,0,1
8405,-0.5,-0.2413793103448276,0.68,-0.15384615384615385,-0.5,-0.07407407407407397,0.4352541566106926,-0.09627540969165305,0.0030216563795256793,-0.08388480134854172,0.37444125516027954,-0.10247590093783825,0.24085521153310066,0.37444125516027954,0.36270269768368657,1.0,0.0,0.0,0.0,0.0,0.0,0.0,-0.75,0.0,-0.5,1,0,0,0,0,0,0,0,1,0,0,0,0,0,0,1
6515,-0.3888888888888889,-0.4339080459770115,0.86,-0.6923076923076923,-0.75,0.0,-0.39172682382908486,-0.7588511575992061,-0.6513134129587279,-1.0709300510135173,-0.3877619350384901,-0.48707177625345005,-0.576043627965019,0.0,-0.2934993113628321,0.0,0.0,0.0,-0.5,-0.5,-0.5,-0.4,-0.5,0.0,-0.5,0,0,0,1,0,0,0,0,1,0,0,0,0,1,0,0
2882,-0.2777777777777778,0.8045977011494253,-0.36,0.07692307692307693,0.5,-0.2407407407407407,0.4266902150923536,0.3401374215781006,0.647505920244773,0.4668796151100081,0.4129838139810195,0.2839520953418783,0.5291915534463482,0.2637338989659208,0.3747991173108948,0.0,-1.0,0.0,0.0,-0.25,0.0,0.8,0.5,-1.0,0.0,1,0,0,0,0,0,0,0,1,0,0,0,0,0,0,1
7574,-0.5,-0.8793103448275862,0.62,-0.6923076923076923,-0.75,0.0,-0.9330369510046883,-0.8306482200332561,-0.7702973395229057,-0.8916042300028858,-0.7755238700769802,-0.6037264941113603,-0.576043627965019,-0.20746290290324726,-0.4217083823231789,0.0,0.0,0.0,-0.5,-0.5,-0.5,-0.4,-0.5,2.0,-0.5,0,0,0,1,0,0,0,0,1,0,0,0,0,1,0,0
6387,-0.3333333333333333,-0.8735632183908046,-0.2,-0.46153846153846156,-0.5,0.9629629629629629,0.024145927280983324,-0.6017333609028825,-0.6353334721282822,-0.4669774034596694,-0.7755238700769802,-0.5077252649352844,-1.007628303794069,-0.7755238700769802,-0.15768008000897207,1.0,1.0,1.0,0.5,-0.5,-0.25,-0.4,-0.25,2.0,0.0,0,0,0,1,0,0,0,0,1,0,0,0,0,0,0,1
5320,-0.16666666666666666,0.45977011494252873,-0.58,-0.23076923076923078,0.0,0.9629629629629629,-0.2353115867285622,-0.3093082879152042,-0.3178760201642757,-0.2604264795297721,-0.041572243722302185,-0.05423214131252221,-0.24318664449800542,-0.2862227858405282,-0.15768008000897207,1.0,0.0,1.0,1.0,-0.25,-0.25,-0.2,0.0,1.0,0.5,1,0,0,0,0,0,0,0,1,0,0,0,0,0,0,1
5048,-0.05555555555555555,0.16666666666666666,0.08,-0.6153846153846154,0.5,-0.13756613756613756,-0.2805807784575948,-0.407189097306505,-0.1435034183456831,-0.7054183076720079,-0.08870296647731721,-0.16628997471088275,0.16923104457519936,-0.14311139292026412,0.2554981117643361,1.0,0.0,0.0,-0.5,-0.25,-0.25,-0.6,0.5,2.0,0.0,0,0,1,0,0,0,0,0,0,1,0,0,0,1,0,0
8146,-0.3333333333333333,-0.882183908045977,0.7,-0.7692307692307693,-0.5,0.1925925925925927,-0.1655359516761129,-0.7309291770348686,-0.4920557112529988,-0.5758421620767741,-0.7755238700769802,-0.7725050540976793,-0.576043627965019,-0.7755238700769802,-0.2934993113628321,1.0,1.0,0.0,-0.5,-0.75,-0.25,-0.6,0.0,1.0,-0.5,0,0,0,1,0,0,0,0,1,0,0,0,0,0,0,1
10031,-0.3333333333333333,0.42528735632183906,0.02,-0.23076923076923078,0.5,1.4444444444444444,-1.6989580077182564,-0.7377145154049668,-1.0208283893720855,-0.7054183076720079,-0.3877619350384901,-0.39783172338174416,-0.4630290774619893,-0.5308733279587541,-0.9247165705944205,1.0,1.0,0.0,1.5,-0.25,-0.5,-0.2,0.5,2.0,0.0,0,1,0,0,0,0,1,0,0,0,0,0,0,1,0,0
5748,0.2777777777777778,0.6293103448275862,0.94,0.07692307692307693,0.25,0.12037037037037043,0.23127020323255804,0.0671101737636207,0.15701353917358143,-0.1368061225806822,0.40059811775913484,-0.15770542268316173,-0.37536818175688036,0.9858798721608358,0.9898305538164089,0.0,0.0,1.0,0.5,0.25,0.0,0.2,-0.25,0.0,-0.5,0,1,0,0,0,0,0,0,1,0,0,0,0,0,1,0
2134,1.0,0.9339080459770115,0.9,0.5384615384615384,0.25,0.08754208754208763,0.06779440156560093,0.2070736809715763,0.1969335539570592,0.1367952586277483,-0.14311139292026412,0.4720763834422674,0.6613730907052233,0.543709510679399,0.6963312424535769,0.0,-1.0,0.0,1.0,0.25,0.75,0.6,-0.25,0.0,-0.5,0,0,1,0,0,0,0,0,1,0,0,0,0,0,0,1
1523,-0.16666666666666666,-0.8706896551724138,-0.48,-0.5384615384615384,-0.5,0.48148148148148157,0.21289995168711798,-0.5211182218375319,-0.426283430209447,-0.3048527913528262,-0.3877619350384901,-0.5527179709905995,-0.576043627965019,-0.3877619350384901,-0.731393516412085,1.0,1.0,0.0,0.0,-0.5,-0.5,-0.2,-0.25,0.0,0.5,0,1,0,0,0,0,0,0,1,0,0,0,0,0,0,1
9665,0.7222222222222222,0.20689655172413793,-0.02,0.07692307692307693,0.5,0.48148148148148157,0.08302178594349498,-0.03412873636333328,-0.02240822827170256,0.1417984074440907,-0.2862227858405282,-0.3000660731068272,-0.37536818175688036,-0.7755238700769802,0.4835297564776514,0.0,-1.0,0.0,1.0,0.25,0.0,0.0,0.0,2.0,0.0,1,0,0,0,0,0,0,0,0,1,0,0,0,0,0,1
4640,0.16666666666666666,0.8333333333333334,0.32,0.8461538461538461,-0.75,-0.5185185185185185,0.48754090816439005,0.3700790170249111,0.3781668107513209,0.3881700197683711,0.7966652859561367,0.35448768837396766,0.2722996131660399,0.9258240272557361,0.876808940934975,0.0,-1.0,0.0,0.0,0.0,1.25,1.6,-1.0,0.0,-0.5,1,0,0,0,0,0,0,0,1,0,0,0,0,0,0,1
3635,0.4444444444444444,-0.8706896551724138,0.4,0.38461538461538464,0.5,-0.09629629629629628,0.036033870693953036,0.13954645946108116,0.1393586074244562,0.3445883469533741,-0.7755238700769802,-0.2222919870910548,-0.19072946429594947,-0.7755238700769802,0.31159714487129303,0.0,-1.0,0.0,0.5,0.5,0.25,0.6,-0.25,2.0,-0.5,0,0,1,0,0,0,0,0,1,0,0,0,0,0,0,1
3547,0.05555555555555555,0.5459770114942529,-0.74,-0.6153846153846154,-0.25,0.6878306878306878,-0.3443690378692516,-0.6691541525476836,-0.5948262249156425,-0.8173636728039921,-0.041572243722302185,-0.7322577070632672,-0.24318664449800542,0.2244761299230198,-0.3757191474672522,0.0,0.0,1.0,0.0,-0.5,-0.5,-0.4,0.0,1.0,0.5,0,0,0,1,0,0,0,0,1,0,0,0,0,0,1,0
2456,-0.2777777777777778,-0.28160919540229884,0.7,-0.15384615384615385,-0.25,1.2592592592592595,-0.37405220416705715,-0.3599175225274432,-0.4550116594797475,-0.25629346828622196,-0.20746290290324726,-0.1410942626091846,-1.007628303794069,0.2446505421182259,-1.2182158819572526,0.0,0.0,0.0,1.5,-0.5,-0.25,0.0,0.0,2.0,-0.5,0,1,0,0,0,0,0,0,1,0,0,0,0,0,0,1
5633,-0.5555555555555556,-1.0114942528735633,-0.04,0.15384615384615385,-0.25,1.4161220043572984,-0.03586563553700259,-0.19865108851523436,-0.3480043976368392,-0.19290742622084192,0.1297907130420535,0.08524005308972735,0.02911296866803439,0.07082795084356677,-0.25641814192069373,1.0,1.0,0.0,2.5,-0.25,-0.25,0.2,-0.25,0.0,0.0,0,1,0,0,0,0,1,0,0,0,0,0,0,0,0,1
7801,0.6111111111111112,-0.1896551724137931,0.76,0.46153846153846156,0.0,-0.13756613756613756,0.09751231214152842,0.224735575983441,0.2591262179806834,0.04108253366139307,0.8770630192749421,0.462153838842591,-0.19072946429594947,0.6696001163716948,0.9560232320347458,0.0,0.0,0.0,0.5,0.25,0.0,1.2,-0.5,0.0,-0.5,0,0,0,1,0,0,0,0,1,0,0,0,0,1,0,0
10489,-0.16666666666666666,-0.1206896551724138,-0.28,0.6153846153846154,-0.25,-0.7117552334943639,0.9074990430604782,0.5546379264268273,0.7931740476704799,0.4583604351847473,0.3154784929617928,0.9975328451026196,0.35386976203613035,0.36059806427048563,0.7031308331713269,-1.0,-1.0,3.0,-0.5,0.5,1.25,0.8,-1.0,0.0,0.0,0,1,0,0,0,0,0,0,1,0,0,0,0,1,0,0
7011,-0.16666666666666666,0.7729885057471264,-0.04,-0.38461538461538464,0.25,0.7703703703703704,-0.6556446971153891,-0.5327356348180307,-0.5843853796295009,-0.4593287188676936,-0.3877619350384901,-0.33894670494896506,-1.007628303794069,0.03718763921497886,-0.3757191474672522,0.0,0.0,0.0,0.5,-0.25,-0.5,-0.2,0.25,0.0,0.0,0,1,0,0,0,0,0,0,1,0,0,0,0,0,0,1
2620,-0.2222222222222222,0.2471264367816092,-0.02,-0.8461538461538461,0.0,0.48148148148148157,-0.6050542483730734,-1.0375888588858215,-0.8713808092182469,-0.8173636728039921,-0.7755238700769802,-1.1921710908689298,-1.007628303794069,-0.7755238700769802,-0.6546718917377307,0.0,0.0,1.0,-0.5,-0.75,-0.5,-0.6,0.5,2.0,0.0,0,1,0,0,0,0,0,0,1,0,0,0,0,0,0,1
3933,-0.5555555555555556,0.7701149425287356,-0.06,0.6923076923076923,2.5,0.48148148148148157,-0.2367365912548767,0.1896429165508586,0.10877482683489034,0.022065750666362804,0.49897171996375944,0.47370536880533326,0.7467827177761923,0.7388200638697252,0.3866461083646709,0.0,0.0,0.0,2.0,1.5,0.0,0.2,0.75,0.0,0.0,0,0,0,1,0,0,0,0,0,1,0,0,0,1,0,0
10981,-1.0,-0.6005747126436781,-0.44,0.23076923076923078,-1.25,-0.6419753086419753,0.7564611620459979,0.40873205444753036,0.6929006297442016,0.30294617795972123,0.9635804919344672,0.6778350913071314,0.49643548013891015,0.9635804919344672,0.3503461201575912,-1.0,-1.0,0.0,-0.5,-0.25,0.5,1.0,-1.25,0.0,0.5,0,1,0,0,0,0,0,0,1,0,0,0,0,0,0,1
1734,0.1111111111111111,0.4942528735632184,-0.24,-0.3076923076923077,0.25,1.1380471380471382,-0.3561657871989299,-0.5832399791825652,-0.7258117194060106,-0.35613920449612735,-0.7755238700769802,-0.6626115125441394,-0.37536818175688036,-0.3877619350384901,-0.8199621321402158,2.0,2.0,0.0,1.0,-0.25,-0.5,-0.2,0.25,2.0,0.0,0,0,0,1,0,0,0,0,1,0,0,0,0,0,0,1
10995,-1.0,0.6839080459770115,-0.82,-0.38461538461538464,0.5,0.7703703703703704,-1.8125512862237367,-0.5366906518319324,-0.5910109556060998,-0.7757215038103391,-0.14311139292026412,-0.3000660731068272,-0.1444589521359689,-0.041572243722302185,0.04421863650592419,0.0,0.0,0.0,0.5,-0.25,-0.5,-0.2,0.5,-1.0,0.5,0,1,0,0,0,0,0,0,1,0,0,0,0,1,0,0
6357,0.6111111111111112,-0.3793103448275862,-0.4,0.23076923076923078,0.75,0.0,0.21318504498506782,0.07933576872498768,0.10147599970506715,0.09236894680469392,0.48930108423645197,0.04248780207134045,0.6261693752021701,0.6576343560992454,0.14183560789634314,0.0,-1.0,0.0,0.5,0.75,-0.25,0.4,-0.25,-1.0,0.5,1,0,0,0,0,0,0,0,0,1,0,0,0,0,0,1
9209,-0.05555555555555555,0.7672413793103449,0.72,0.6923076923076923,-0.75,-0.7222222222222222,0.6887325808397994,0.507243502347339,0.6787930150208754,0.5178989040907599,0.9661289226725314,0.7053948631708433,0.6073091790136942,0.8242848780577742,-0.25641814192069373,-1.0,-1.0,0.0,-0.5,0.0,1.0,1.6,-1.0,1.0,-0.5,0,0,0,1,0,0,0,0,1,0,0,0,0,0,0,1
10286,0.4444444444444444,-0.603448275862069,-0.94,0.6923076923076923,-1.75,-0.7222222222222222,0.7472754279899517,0.3135887915854502,0.3298844220713509,0.19975666358815478,0.0,0.6844458259336454,0.9633865066633797,0.48930108423645197,-0.5869986227256642,-1.0,-1.0,0.0,-0.5,-0.5,1.5,1.6,-1.5,0.0,0.5,0,1,0,0,0,0,0,0,1,0,0,0,0,1,0,0
2611,0.6111111111111112,0.9798850574712644,0.34,0.3076923076923077,-1.5,-0.6588693957115009,0.7263110307905457,0.5811057810529369,0.9695506339459895,0.642485418900346,0.645248659877361,0.7184632923000632,1.007628303794069,0.2637338989659208,-0.15768008000897207,-1.0,-1.0,1.0,-0.5,-0.5,0.5,1.4,-1.25,1.0,-0.5,0,0,0,1,0,0,0,0,1,0,0,0,0,0,0,1
1600,0.2777777777777778,-0.27298850574712646,0.22,0.46153846153846156,1.0,0.9629629629629629,0.15804067013350198,0.01371444810459564,-0.11460049681694807,0.17147074489430597,-0.2862227858405282,0.052410346671016864,-0.06562641226476575,-0.2862227858405282,0.04421863650592419,2.0,2.0,0.0,2.5,0.5,0.25,0.0,0.25,1.0,0.0,0,1,0,0,0,0,1,0,0,0,0,0,0,0,0,1
3308,1.0,-0.514367816091954,0.1,-0.46153846153846156,-0.75,0.9629629629629629,-0.556811296331491,-0.528822470621309,-0.5128333517770035,-0.5758421620767741,0.03718763921497886,-0.6320354792626287,-0.576043627965019,0.10153914919796193,0.12359411675246054,1.0,1.0,0.0,0.5,-0.5,-0.5,-0.2,-0.5,0.0,0.0,0,1,0,0,0,0,0,0,1,0,0,0,0,0,0,1
5407,0.8888888888888888,-0.1896551724137931,0.42,1.0,2.0,0.06878306878306886,0.050685855564526185,0.3721277234606567,0.33273785547480694,0.4751860885526308,0.2446505421182259,0.25912047841190844,-0.03144440163293923,-0.7755238700769802,1.1831536079987444,0.0,0.0,1.0,1.5,1.5,1.0,0.4,0.25,0.0,-0.5,0,0,0,1,0,0,0,0,0,1,0,0,0,0,0,1
2166,0.5555555555555556,-0.011494252873563218,0.12,-0.8461538461538461,-1.25,0.48148148148148157,-0.14335942336217,-1.0375888588858215,-0.8713808092182469,-0.864973770899795,-0.5308733279587541,-1.0822775493153898,-1.007628303794069,-0.7755238700769802,-0.6546718917377307,1.0,0.0,0.0,-0.5,-1.0,-0.25,-0.6,-0.5,-1.0,0.0,0,0,0,0,1,0,0,0,1,0,0,0,0,0,0,1
3955,0.2777777777777778,-1.0028735632183907,-0.58,-1.1538461538461537,1.25,-0.9629629629629629,-3.6081212654012034,-1.493223967940809,-2.168181965153645,-1.3528286983107507,-0.5308733279587541,-1.347057338477785,-0.7353286906280291,-0.7755238700769802,-1.451179391371804,-1.0,-2.0,0.0,-1.0,-1.0,-0.5,-1.0,2.0,0.0,0.5,1,0,0,0,0,0,0,1,0,0,0,0,0,0,0,1
6634,-0.5,-0.08620689655172414,0.58,-0.6923076923076923,0.0,0.0,-0.6560562399800952,-0.7309291770348686,-0.6044592396335859,-0.6751517126322198,-0.2862227858405282,-0.48707177625345005,-1.007628303794069,-0.7755238700769802,-0.4217083823231789,0.0,-1.0,0.0,-0.5,-0.5,-0.5,-0.4,0.25,1.0,-0.5,1,0,0,0,0,0,0,0,1,0,0,0,0,0,0,1
3056,-0.4444444444444444,-0.28160919540229884,0.28,1.0769230769230769,2.0,-0.36526181353767556,0.32896505737443915,0.3936236151143281,0.34802899055250197,0.4032165512745999,0.5601290350800188,0.6125459582773181,0.46994148984782846,0.8047795771982449,0.45301504376350465,0.0,-1.0,0.0,0.5,1.75,1.0,0.8,0.0,0.0,-0.5,1,0,0,0,0,0,0,0,0,1,0,0,0,0,0,1
5718,1.1111111111111112,-0.10919540229885058,-0.64,0.6153846153846154,-0.25,-0.7117552334943639,0.6923370637000259,0.4702460195763248,0.6403126035167802,0.44912483938578573,1.0351052961610872,0.18024129088648239,1.0597948104338064,0.5520147438379108,1.2800372561117253,-1.0,-1.0,3.0,-0.5,0.25,2.25,0.2,-0.75,0.0,0.5,0,1,0,0,0,1,0,0,0,0,0,0,0,0,0,1
6872,-0.2222222222222222,-0.12643678160919541,-0.12,0.07692307692307693,-0.25,-0.2407407407407407,0.36831537410782894,0.008289550337331086,0.052557805148109864,0.16226038159519202,-0.2862227858405282,0.08524005308972735,-0.37536818175688036,-0.041572243722302185,-0.02345463250614205,0.0,0.0,0.0,0.0,0.0,0.0,0.6,-0.5,2.0,0.0,0,1,0,0,0,0,0,0,1,0,0,0,0,0,0,1
8164,-0.4444444444444444,-0.40229885057471265,-0.72,0.3076923076923077,-0.5,-0.6588693957115009,0.7187682307682641,0.5807185657654074,0.9688461565478371,0.5877818998870639,0.8280598458480344,0.8635171419736726,0.5291915534463482,0.645248659877361,0.2405736698080648,-1.0,-1.0,0.0,-0.5,0.25,1.0,0.4,-1.0,2.0,0.5,0,1,0,0,0,0,0,0,1,0,0,0,0,0,0,1
4580,0.05555555555555555,-0.3132183908045977,-0.06,0.8461538461538461,1.25,-0.7407407407407407,0.594453399642767,0.6785272903472978,0.9358800251849909,0.6906463501130036,0.33116801477775093,0.8955326361718998,0.7601007830672596,0.8204690990142031,1.1437225019070765,-1.0,-1.0,4.0,-0.5,1.25,1.25,0.8,-0.25,0.0,0.0,0,1,0,0,0,0,0,0,0,1,0,0,0,0,0,1
9305,-0.3333333333333333,0.16379310344827586,0.32,0.9230769230769231,-0.75,-0.7489711934156378,0.6718497012310567,0.4431628682852234,0.4844996771555707,0.19237467490351182,0.38776193503849,0.8570174316056368,1.0345768300636031,0.5083844410841468,0.9107589924925248,-1.0,-2.0,0.0,-0.5,0.0,1.75,1.6,-1.0,-1.0,-0.5,0,0,1,0,0,0,0,0,1,0,0,0,0,1,0,0
453,0.7777777777777778,-1.0229885057471264,-0.96,-0.6153846153846154,-0.5,0.6878306878306878,-0.5724929328862548,-0.797007714698515,-0.8063275501062561,-0.6097055827056526,-0.7755238700769802,-0.6320354792626287,-1.007628303794069,-0.5308733279587541,-0.8199621321402158,1.0,0.0,0.0,0.0,-0.5,-0.5,-0.4,-0.25,2.0,0.5,0,0,0,0,1,0,0,0,1,0,0,0,0,0,0,1
8545,0.8888888888888888,-0.735632183908046,-0.86,0.15384615384615385,-1.5,-0.6230936819172113,0.7828350437481402,0.5569173935627243,1.0003406438849627,0.6664120847144489,0.2446505421182259,0.5819699249958074,0.49643548013891015,0.7240085428146419,0.42078835216682153,-1.0,-2.0,5.0,-0.5,-0.5,0.5,1.0,-1.25,0.0,0.5,1,0,0,0,0,0,0,0,1,0,0,0,0,0,0,1
9850,-0.1111111111111111,0.6350574712643678,-0.34,-0.8461538461538461,-0.5,0.48148148148148157,-1.1093131529579054,-1.1050096505306226,-0.9802720925656272,-1.2571159733443953,-0.08870296647731721,-0.8174977601529947,-1.007628303794069,-0.7755238700769802,-1.0529256415547674,0.0,0.0,0.0,-0.5,-1.0,-0.5,-0.4,0.25,-1.0,0.0,0,1,0,0,0,0,0,0,1,0,0,0,0,1,0,0
7378,-0.6111111111111112,0.8936781609195402,-0.3,0.5384615384615384,2.5,0.3501683501683502,-0.30751046080115074,0.136339235837126,0.07121641324180213,0.27001019142355265,-0.14311139292026412,0.26757831075402494,-0.19072946429594947,-0.14311139292026412,0.06511398322198858,0.0,0.0,1.0,1.5,1.5,-0.25,0.2,0.75,1.0,0.0,0,0,0,1,0,0,0,0,0,1,0,0,0,0,0,1
7646,-1.0555555555555556,-0.646551724137931,0.42,0.6923076923076923,0.0,0.0,0.34702242292221785,0.2618662505777047,0.23736039525464753,0.07462057223344931,0.6923793826323759,0.5447037646966097,0.9280201559679603,0.48930108423645197,0.5997267095804195,0.0,-1.0,0.0,1.0,0.25,0.25,1.4,-0.5,0.0,-0.5,0,0,1,0,0,0,0,0,1,0,0,0,0,1,0,0
1640,0.8888888888888888,-1.0028735632183907,0.0,-0.5384615384615384,-1.25,0.48148148148148157,0.35029573536070113,-0.47798699521534915,-0.3521244273669841,-0.31942606086377423,-0.7755238700769802,-0.5295595783247905,-1.007628303794069,-0.08870296647731721,-0.10017625718049661,1.0,0.0,0.0,0.0,-0.75,-0.25,-0.2,-0.75,0.0,0.0,1,0,0,0,0,0,0,0,1,0,0,0,0,0,0,1
5184,-1.3888888888888888,-0.75,0.32,-0.8461538461538461,-0.5,0.48148148148148157,-0.5950019558240889,-1.0375888588858215,-0.8713808092182469,-1.1828754161455015,-0.3877619350384901,-0.6626115125441394,-0.576043627965019,-0.7755238700769802,-0.9247165705944205,-1.0,-2.0,0.0,-0.5,-0.75,-0.5,-0.6,0.0,0.0,-0.5,0,0,1,0,0,0,0,0,1,0,0,0,0,1,0,0
8492,-0.4444444444444444,-0.3563218390804598,-0.48,0.6153846153846154,1.25,-0.7117552334943639,0.5879350700885936,0.49007459331852804,0.676184895802503,0.5039830917941018,-0.7755238700769802,0.7957411910374418,0.7854544378651803,0.6636679410374086,-1.849433141188841,-1.0,-1.0,1.0,-0.5,1.0,0.5,1.0,0.0,0.0,0.5,0,0,0,1,0,0,0,0,1,0,0,0,0,0,0,1
11188,0.7222222222222222,-0.6666666666666666,0.7,-0.46153846153846156,-0.5,0.9629629629629629,-1.0368295111137698,-0.548816018966205,-0.5466271966127273,-0.7958915050365306,0.07082795084356677,-0.4674779179008721,-0.1444589521359689,0.2446505421182259,-0.10017625718049661,1.0,1.0,0.0,0.5,-0.5,-0.25,-0.4,-0.25,0.0,-0.5,0,0,0,1,0,0,0,0,1,0,0,0,1,0,0,0
1212,-0.16666666666666666,-0.10344827586206896,-0.84,0.7692307692307693,1.25,-0.2696296296296296,0.04323260991370117,0.31755653958469765,0.30997981960966253,0.2623222289699432,0.37444125516027954,0.5579688645108356,0.9075700587577056,0.543709510679399,0.5489974231271681,0.0,0.0,1.0,0.5,1.0,1.5,0.2,0.0,0.0,0.5,0,1,0,0,0,0,0,0,0,1,0,0,0,0,0,1
9097,0.7777777777777778,-0.3390804597701149,-0.3,0.07692307692307693,-0.5,0.48148148148148157,-0.16619992889119217,-0.05298899983164136,-0.05563249119347259,0.11194536513198428,0.0,-0.2761835162644227,-0.19072946429594947,-0.3877619350384901,0.40963152180849455,0.0,-1.0,0.0,1.0,-0.25,-0.25,0.6,-0.5,0.0,0.0,1,0,0,0,0,0,0,0,1,0,0,0,0,0,0,1
10473,0.7777777777777778,0.8649425287356322,-0.22,0.38461538461538464,1.0,-0.674074074074074,0.6396147137194799,0.10614917739634472,0.08006126355785084,-0.03190016522792321,0.28183818133320476,0.5527179709905993,0.2722996131660399,-0.7755238700769802,0.2554981117643361,0.0,-1.0,3.0,-0.5,0.5,0.5,0.8,0.25,2.0,0.0,0,0,0,0,1,0,0,0,1,0,0,0,0,1,0,0
7962,-0.9444444444444444,-0.2672413793103448,-0.96,-0.23076923076923078,-1.0,-0.48148148148148145,0.9435216117827236,0.5793601103092646,1.2759700727576917,0.6635783591885431,0.3154784929617928,0.7218739978937513,0.8280705487745917,0.29905896856117287,-0.10017625718049661,-1.0,-2.0,3.0,-0.5,0.0,0.25,-0.2,-1.25,2.0,0.5,0,0,1,0,0,0,0,0,0,1,0,0,0,0,0,1
9984,-0.6111111111111112,0.2959770114942529,-0.48,0.5384615384615384,1.75,0.3501683501683502,0.14115662472406543,0.22270095975958124,0.22480817059397046,0.23061223415393214,0.2244761299230198,0.2892576874191388,0.31519804194714235,-0.14311139292026412,1.1437225019070765,1.0,1.0,3.0,1.5,1.0,0.75,-0.2,0.5,-1.0,0.5,0,1,0,0,0,0,0,0,0,1,0,0,0,0,0,1
5527,-0.9444444444444444,0.4166666666666667,-0.48,-0.6153846153846154,0.25,0.6878306878306878,-1.2679250275897782,-0.7049683044983538,-0.6547871604351138,-1.1828754161455015,0.1297907130420535,-0.6626115125441394,-0.4630290774619893,0.15594757564090878,-0.25641814192069373,0.0,0.0,0.0,0.0,-0.5,-0.5,-0.4,0.5,0.0,0.5,0,0,0,1,0,0,0,0,1,0,0,0,1,0,0,0
6374,0.8888888888888888,0.14942528735632185,0.02,0.07692307692307693,1.0,0.8425925925925927,-0.5051452023798431,-0.10607175915680848,-0.1487523531212515,0.08213111975614462,-0.3877619350384901,-0.28793818182820424,-1.007628303794069,-0.3877619350384901,0.27004467885669003,0.0,0.0,0.0,1.5,0.25,0.0,-0.2,0.5,2.0,0.0,0,1,0,0,0,0,0,0,0,1,0,0,0,0,0,1
7453,0.8888888888888888,0.4482758620689655,-0.06,0.46153846153846156,-0.5,0.6878306878306878,-0.5386603872940857,0.07707404567563461,-0.003210216640933166,-0.03399924554465846,0.5601290350800188,0.2416213964965861,0.6557205428019204,0.6514958340044109,0.2405736698080648,0.0,-1.0,2.0,2.0,-0.25,1.5,-0.2,-0.5,0.0,0.0,0,0,1,0,0,1,0,0,0,0,0,0,0,0,0,1
8952,0.9444444444444444,0.7040229885057471,0.94,0.6153846153846154,0.0,-0.4605475040257649,0.3733884342998659,0.28584666834754785,0.3083494355684338,0.2733708576401694,0.5834093037298083,0.5527179709905993,0.18839803133104463,0.5175526480805436,0.5997267095804195,0.0,0.0,0.0,0.0,0.5,0.75,1.0,-0.75,1.0,-0.5,0,1,0,0,0,0,0,0,1,0,0,0,0,0,0,1
241,1.0,0.16379310344827586,0.16,0.38461538461538464,-1.0,-0.674074074074074,0.7496317936474124,0.5095988642326754,0.80517162364268,0.5455760843592297,0.4477288405141499,0.621481956136659,0.6936799412060767,0.4477288405141499,1.1713066169449684,-1.0,-1.0,1.0,-0.5,0.0,0.5,1.2,-1.25,0.0,0.0,0,0,0,1,0,0,0,0,1,0,0,0,0,0,0,1
8975,0.1111111111111111,-0.5804597701149425,-0.04,-0.38461538461538464,0.5,1.3481481481481483,-1.4813177449415253,-0.6417497235944941,-0.764542083460313,-0.8173636728039921,-0.2862227858405282,-0.43106976387327783,-0.576043627965019,-0.5308733279587541,0.08527600666061479,1.0,1.0,1.0,1.0,-0.25,-0.25,-0.6,0.5,0.0,0.0,0,1,0,0,0,0,1,0,0,0,0,0,1,0,0,0
6119,0.3888888888888889,0.16954022988505746,0.06,-0.8461538461538461,-0.5,0.48148148148148157,-0.5132054741718917,-1.143970975228957,-1.042052496423055,-0.9205531871755583,-0.7755238700769802,-1.0822775493153898,-1.007628303794069,-0.7755238700769802,-0.9247165705944205,1.0,0.0,0.0,-0.5,-0.75,-0.5,-0.6,0.0,2.0,0.0,0,0,1,0,0,0,0,0,1,0,0,0,0,0,0,1
5236,-0.5,0.9109195402298851,-0.38,0.46153846153846156,1.5,-0.6878306878306878,0.6305661235503557,0.6323422538873597,0.9954706033828855,0.6490359791817454,-0.7755238700769802,0.6740055204993026,1.1337865412610217,1.0553957169436532,1.0629499177262476,0.0,0.0,3.0,-0.5,1.5,0.0,0.6,-0.25,0.0,0.5,0,0,0,1,0,0,0,0,0,1,0,0,0,0,0,1
5723,-0.3333333333333333,-0.5373563218390804,0.28,-0.5384615384615384,-1.5,-0.2407407407407407,-0.06654424587865496,-0.4517961891624551,-0.3068332378178767,-0.25221117011747224,-0.5308733279587541,-0.28793818182820424,-0.576043627965019,-0.5308733279587541,-1.849433141188841,0.0,0.0,0.0,-0.5,-0.75,-0.25,0.0,-1.0,2.0,-0.5,0,0,0,1,0,0,0,0,1,0,0,0,0,0,0,1
1710,-0.4444444444444444,0.35344827586206895,0.04,0.23076923076923078,1.5,1.2839506172839508,-0.8146412885470083,-0.1291111474273687,-0.2643746536305641,-0.04037713657001547,0.29905896856117287,-0.005659310750486772,-1.007628303794069,0.1297907130420535,0.06511398322198858,0.0,-1.0,0.0,2.5,0.5,-0.25,-0.2,0.75,0.0,0.0,0,0,1,0,0,0,1,0,0,0,0,0,0,0,0,1
1970,0.1111111111111111,0.8649425287356322,-0.7,-0.6153846153846154,0.5,-0.13756613756613756,-0.6292638615759403,-0.49535124455974716,-0.2975088421240675,-0.3346670367286659,-0.7755238700769802,-0.43106976387327783,-0.19072946429594947,-0.7755238700769802,-0.3757191474672522,0.0,0.0,0.0,-0.5,-0.25,-0.5,-0.4,0.5,1.0,0.5,0,0,0,1,0,0,0,0,0,1,0,0,0,0,0,1
5313,-0.05555555555555555,-0.8160919540229885,-0.58,-0.46153846153846156,-0.5,0.9629629629629629,-0.4535631256387358,-0.8051353070497679,-0.964063300460591,-0.5758421620767741,-0.7755238700769802,-0.6626115125441394,-1.007628303794069,-0.7755238700769802,-1.0529256415547674,1.0,1.0,0.0,0.5,-0.5,-0.5,-0.2,-0.25,1.0,0.5,0,1,0,0,0,0,0,0,1,0,0,0,0,0,0,1
10634,1.0555555555555556,-0.8189655172413793,0.14,0.0,-0.5,-0.5777777777777777,0.22248617991911349,0.009199244684911845,0.09638695720913133,-0.21756338026105224,0.7137772141594719,0.3409242580562097,0.3413974350728991,0.5601290350800188,-0.4217083823231789,-1.0,-1.0,0.0,-0.5,0.0,0.0,0.6,-0.75,1.0,0.0,0,1,0,0,0,0,0,0,1,0,0,0,0,1,0,0
7010,0.2777777777777778,-0.7844827586206896,-0.16,0.38461538461538464,0.0,-0.674074074074074,0.49352951387611244,0.45641051417408257,0.7087428838977086,0.4293243030799417,0.8992289819514839,0.5049060898609775,0.9135223741700605,0.9999999999999999,0.6463380979458401,-1.0,-1.0,1.0,-0.5,0.5,1.0,0.4,-0.75,-1.0,0.0,0,1,0,0,0,0,0,0,1,0,0,0,0,0,0,1
8562,0.05555555555555555,0.11781609195402298,0.46,-0.3076923076923077,-1.25,-0.43771043771043766,0.08098889966375203,-0.19076612952888583,-0.055116772031171615,-0.10405480257473342,-0.20746290290324726,0.03230062532477855,0.08157014887009044,-0.08870296647731721,-0.4217083823231789,-1.0,-1.0,0.0,-0.5,-0.5,-0.25,0.4,-1.0,0.0,-0.5,0,0,0,1,0,0,0,0,1,0,0,0,0,0,0,1
3158,-0.16666666666666666,0.5344827586206896,-0.96,-0.7692307692307693,0.0,0.1925925925925927,-0.7101427477922886,-0.8486903624470598,-0.691272946852515,-0.840317816859585,-0.2862227858405282,-0.8685062832737553,-0.24318664449800542,-0.14311139292026412,-0.731393516412085,0.0,0.0,0.0,-0.5,-0.75,-0.5,-0.4,0.5,0.0,0.5,0,1,0,0,0,0,0,0,1,0,0,0,0,0,0,1
4436,-0.3333333333333333,0.39655172413793105,-0.44,-0.5384615384615384,0.0,-0.2407407407407407,-1.4299614045976348,-0.3907512548745246,-0.20058403769584182,-0.7387163872530763,0.5520147438379108,-0.38223786481114475,0.08157014887009044,0.29905896856117287,-0.15768008000897207,-1.0,-2.0,0.0,-0.5,-0.5,-0.25,-0.2,0.25,0.0,0.5,0,0,1,0,0,0,0,0,1,0,0,1,0,0,0,0
5287,-0.16666666666666666,-0.9942528735632183,0.56,-0.38461538461538464,0.25,0.7703703703703704,-0.5889933678012378,-0.592371074363497,-0.6835992363813551,-0.4445394784782874,-0.3877619350384901,-0.352839017326429,-0.37536818175688036,-0.5308733279587541,-1.451179391371804,0.0,0.0,0.0,0.5,-0.25,-0.25,-0.4,0.25,0.0,-0.5,0,1,0,0,0,0,0,0,0,1,0,0,0,0,0,1
2445,-0.2222222222222222,0.0028735632183908046,0.76,-0.6923076923076923,0.25,0.0,-0.9049071919047529,-0.6748874544591233,-0.509544647282655,-0.4994620275582855,-0.5308733279587541,-0.38223786481114475,-1.007628303794069,-0.7755238700769802,-1.849433141188841,0.0,0.0,0.0,-0.5,-0.5,-0.5,-0.4,0.5,2.0,-0.5,0,0,0,1,0,0,0,0,1,0,0,0,0,0,0,1
6059,0.9444444444444444,0.3620689655172414,0.64,0.7692307692307693,2.25,0.6548148148148151,0.3483278432225246,0.4428817655990893,0.5352453203605827,0.5755378372198982,0.49897171996375944,0.3477661691149228,0.10538624670896068,-0.7755238700769802,0.8460216456064592,2.0,2.0,1.0,2.5,1.75,0.25,-0.2,0.25,2.0,-0.5,0,0,0,1,0,0,0,0,0,1,0,0,0,0,0,1
4550,0.2222222222222222,-1.0086206896551724,0.04,-0.6923076923076923,-0.75,0.0,-0.6513985553637947,-0.6313323990618314,-0.4350463408353723,-0.3452299279228417,-0.7755238700769802,-1.0822775493153898,-1.007628303794069,-0.7755238700769802,-0.6546718917377307,0.0,0.0,0.0,-0.5,-0.75,-0.25,-0.4,-0.25,1.0,0.0,0,0,0,1,0,0,0,0,1,0,0,0,0,0,0,1
4240,-0.4444444444444444,0.7097701149425287,0.6,-0.6153846153846154,0.25,0.6878306878306878,-1.661627933373396,-0.7049683044983538,-0.6547871604351138,-1.1828754161455015,0.03718763921497886,-0.5295595783247905,0.12784066103007083,-0.7755238700769802,-0.3757191474672522,0.0,0.0,0.0,0.0,-0.5,-0.25,-0.6,0.5,0.0,-0.5,0,1,0,0,0,0,0,0,0,1,1,0,0,0,0,0
8911,0.16666666666666666,0.2614942528735632,-0.76,0.46153846153846156,0.0,-0.13756613756613756,0.14069476630493394,0.2113059510984717,0.23513320643400504,0.04773681800843071,0.6324124771567161,0.35670216697426377,0.8631693516581,0.7622031901987696,0.6963312424535769,0.0,0.0,0.0,0.5,0.25,0.5,0.8,-0.5,2.0,0.5,0,1,0,0,0,0,0,0,1,0,0,0,0,0,0,1
3706,-0.4444444444444444,-0.12643678160919541,0.1,-0.6153846153846154,0.0,-0.13756613756613756,-0.8938091682799643,-0.528822470621309,-0.3554780941868958,-0.7216509478376368,0.0,-0.31259167029201684,-1.007628303794069,0.1297907130420535,0.04421863650592419,0.0,-1.0,2.0,-0.5,-0.5,0.0,-0.6,0.25,0.0,0.0,0,0,1,0,0,0,0,0,0,1,0,0,0,1,0,0
3628,-0.9444444444444444,0.45977011494252873,0.88,-0.6153846153846154,0.5,0.6878306878306878,-1.8800345437047474,-0.5877773436645394,-0.45681064371298474,-1.1828754161455015,0.0,-0.6626115125441394,0.16923104457519936,0.1297907130420535,0.04421863650592419,0.0,-1.0,0.0,0.0,-0.5,-0.25,-0.6,0.75,-2.0,-0.5,0,0,1,0,0,0,0,0,0,1,0,0,1,0,0,0
10175,0.6666666666666666,-0.06896551724137931,-0.98,-0.7692307692307693,-1.0,0.1925925925925927,-0.7161716572798754,-1.0533270027820778,-1.0229211988893891,-0.7387163872530763,-0.7755238700769802,-1.1921710908689298,-1.007628303794069,-0.7755238700769802,-1.2182158819572526,0.0,-1.0,0.0,-0.5,-0.75,-0.5,-0.4,-0.5,2.0,0.5,1,0,0,0,0,0,0,0,1,0,0,0,0,0,0,1
8985,0.3333333333333333,0.7068965517241379,0.1,1.3076923076923077,1.75,-0.06018518518518513,0.4361952871623026,0.4127198801993589,0.31707563575413966,0.5085492700078101,0.7755238700769802,0.33160680860721636,0.8763754792645375,0.10153914919796193,0.1766680123939431,0.0,0.0,0.0,1.5,1.5,1.25,1.0,0.0,-1.0,0.0,0,0,0,1,0,0,0,0,0,1,0,0,0,0,0,1
5204,-0.05555555555555555,0.02586206896551724,-0.56,0.5384615384615384,0.5,-0.7003367003367003,0.5695880277468873,0.48206798953853697,0.6914266652860293,0.2588474911031539,0.8463518209205468,0.9087701522903394,0.8424885083022684,0.8930366104212158,0.08527600666061479,-1.0,-1.0,2.0,-0.5,1.0,1.5,0.0,-0.75,0.0,0.5,0,0,0,1,0,0,0,0,0,1,0,0,0,1,0,0
9220,-0.05555555555555555,0.4942528735632184,0.18,0.38461538461538464,0.5,-0.674074074074074,0.8866967855030604,0.5921621988792889,0.9551765157727781,0.3969335587314628,1.0433619562618106,1.01210227370233,0.8922823203261345,0.9022848982174715,-0.12820907096034687,-1.0,-2.0,1.0,-0.5,1.0,1.0,0.0,-0.75,0.0,0.0,0,0,1,0,0,0,0,0,0,1,0,0,0,1,0,0
9888,0.05555555555555555,-1.0114942528735633,-0.92,0.07692307692307693,-0.75,-0.6018518518518519,0.44466179615565754,0.37416514220037145,0.7091110683203456,0.3208137262141896,0.7798546743976487,0.6334373028128846,0.8280705487745917,0.6122380649615098,0.28423203449009354,-1.0,-1.0,0.0,-0.5,0.0,0.5,0.4,-1.0,0.0,0.5,0,0,0,1,0,0,0,0,1,0,0,0,0,0,0,1
5263,-0.3888888888888889,0.47988505747126436,1.0,-0.7692307692307693,0.0,0.1925925925925927,-0.7702463595748342,-0.7242661036901205,-0.4806417257539197,-1.1222164641568182,0.07082795084356677,-0.6037264941113603,-0.4630290774619893,0.0,-0.22158573742309376,0.0,0.0,0.0,-0.5,-0.75,-0.5,-0.4,0.5,-1.0,-0.5,0,1,0,0,0,0,0,0,1,0,0,0,1,0,0,0
1020,-0.16666666666666666,-0.8850574712643678,0.42,0.3076923076923077,-0.5,-0.6588693957115009,0.6700050045588881,0.45722294342610237,0.7445583704419582,0.23156145912473347,0.6754342347185844,0.8115029232599419,0.8424885083022684,0.9531986810242506,1.0139414499117485,-1.0,-1.0,1.0,-0.5,0.25,1.0,0.4,-1.0,0.0,-0.5,0,1,0,0,0,0,0,0,1,0,0,0,0,1,0,0
9503,-0.5555555555555556,0.8994252873563219,0.32,-0.15384615384615385,1.0,-0.07407407407407397,-0.9248924613410914,-0.0867318976814497,0.0198949753053761,-0.4910387136837044,0.46912667204124586,0.25047113179684655,0.4606976444970845,0.38776193503849,0.33771794786875625,-1.0,-2.0,0.0,0.0,0.25,-0.25,0.0,0.5,0.0,-0.5,0,0,1,0,0,0,0,0,0,1,0,0,0,1,0,0
10613,0.6666666666666666,-0.6695402298850575,-0.1,-0.3076923076923077,-0.5,1.1380471380471382,-0.48849492595899097,-0.6807110482928288,-0.8829110717745264,-0.6218052116277316,-0.5308733279587541,-0.5295595783247905,-0.576043627965019,-0.3877619350384901,-0.25641814192069373,1.0,1.0,0.0,1.0,-0.25,-0.5,-0.2,-0.5,2.0,0.0,0,0,0,1,0,0,0,0,1,0,0,0,0,0,0,1
67,-0.1111111111111111,-0.20689655172413793,-0.86,-0.46153846153846156,0.0,0.9629629629629629,-0.15505020074708745,-0.5366906518319324,-0.526149781391704,-0.3096399692907102,-0.7755238700769802,-0.5295595783247905,-1.007628303794069,-0.7755238700769802,-0.5869986227256642,1.0,0.0,0.0,0.5,-0.5,-0.5,-0.2,0.25,1.0,0.5,0,0,1,0,0,0,0,0,1,0,0,0,0,0,0,1
6019,-0.05555555555555555,-0.7614942528735632,-0.8,-0.6923076923076923,-0.5,0.0,-0.4970447189501031,-0.6262317586662209,-0.426283430209447,-0.4445394784782874,-0.2862227858405282,-0.7322577070632672,-0.37536818175688036,-0.20746290290324726,-0.6546718917377307,0.0,0.0,2.0,-0.5,-0.75,0.0,-0.6,0.0,2.0,0.5,0,1,0,0,0,1,0,0,0,0,0,0,0,0,0,1
5863,0.9444444444444444,0.11494252873563218,0.92,0.46153846153846156,0.5,0.13756613756613756,-0.11342620748752341,0.18571788506812312,0.18948563600416124,0.23998477299931475,-0.7755238700769802,0.2619606140880888,0.02911296866803439,0.38776193503849,0.9201016163865343,0.0,0.0,0.0,1.0,0.5,0.25,0.6,-0.25,0.0,-0.5,0,1,0,0,0,0,0,0,1,0,0,0,0,0,0,1
3717,0.6111111111111112,-0.8304597701149425,0.42,0.23076923076923078,-0.25,-0.32098765432098764,0.2673621149347566,0.2123564931851489,0.3388794694798884,0.27834905216236316,0.36059806427048563,-0.31259167029201684,-0.24318664449800542,0.36059806427048563,1.2469049593263002,0.0,0.0,1.0,0.0,0.25,0.75,0.2,-0.75,0.0,-0.5,0,1,0,0,0,0,0,0,1,0,0,0,0,0,0,1
6730,0.8888888888888888,0.7097701149425287,0.86,-0.5384615384615384,0.25,1.2037037037037037,-0.421763571657103,-0.7309291770348686,-0.7775606831008489,-0.5354650255067588,-0.5308733279587541,-0.577371459454412,-1.007628303794069,-0.7755238700769802,-0.8199621321402158,1.0,1.0,0.0,0.5,-0.5,-0.5,-0.4,0.5,0.0,-0.5,0,1,0,0,0,0,0,0,1,0,0,0,0,0,0,1
10749,-1.1666666666666667,0.8419540229885057,0.26,0.07692307692307693,2.5,4.453703703703704,-2.840473272718605,-0.2945568507835906,-0.4736041897095348,-0.28636452812991303,0.2637338989659208,-0.005659310750486772,-0.19072946429594947,0.1297907130420535,-1.2182158819572526,-1.0,-2.0,0.0,6.5,-1.0,-0.25,-1.0,3.25,0.0,-0.5,0,0,1,0,0,0,1,0,0,0,0,0,0,0,0,1
4998,0.4444444444444444,-0.9166666666666666,0.72,-0.07692307692307693,-0.75,-0.5502645502645502,0.600944083243613,0.3539834148448489,0.7619508351007265,0.17147074489430597,0.436522943019284,0.6918634665493473,0.6261693752021701,0.46912667204124586,1.1976268848671485,-1.0,-1.0,1.0,-0.5,0.0,0.75,-0.2,-1.0,0.0,-0.5,0,0,0,1,0,1,0,0,0,0,0,0,0,1,0,0
6287,-0.8888888888888888,-0.06321839080459771,-0.94,-0.7692307692307693,-0.5,0.1925925925925927,-0.5992264550007953,-0.8775198049779676,-0.7392304772861947,-0.8173636728039921,-0.7755238700769802,-0.5295595783247905,-1.007628303794069,-0.7755238700769802,-0.731393516412085,0.0,0.0,1.0,-0.5,-0.75,-0.25,-0.6,0.0,0.0,0.5,0,0,0,1,0,0,0,0,1,0,0,0,0,1,0,0
5985,0.2777777777777778,0.7701149425287356,-0.98,-0.38461538461538464,0.0,0.7703703703703704,-0.6695611946778021,-0.43330280744213806,-0.4159150433017064,-0.25629346828622196,-0.5308733279587541,-0.2222919870910548,-1.007628303794069,-0.5308733279587541,-1.0529256415547674,0.0,-1.0,0.0,0.5,-0.5,-0.25,-0.2,0.25,1.0,0.5,0,0,1,0,0,0,0,0,1,0,0,0,0,0,0,1
4754,0.2222222222222222,-0.22701149425287356,0.84,-0.6153846153846154,-0.75,-0.13756613756613756,-0.6504413774777995,-0.43330280744213806,-0.1893038813726652,-0.5758421620767741,0.10153914919796193,-0.26477978916239525,0.02911296866803439,-0.08870296647731721,0.10475443845420482,0.0,0.0,0.0,-0.5,-0.5,-0.5,-0.2,-0.5,1.0,-0.5,0,1,0,0,0,0,0,0,1,0,0,0,0,1,0,0
4002,0.5555555555555556,-0.27873563218390807,-0.92,0.9230769230769231,0.25,-0.7489711934156378,0.6200539406739562,0.38484575657384884,0.3796447572561206,0.3244183457271827,0.8391483846971425,0.6079983273209671,1.007628303794069,0.6324124771567161,-0.471701526830916,0.0,0.0,0.0,-0.5,0.75,1.25,1.4,-0.75,2.0,0.5,0,1,0,0,0,0,0,0,1,0,0,0,0,0,0,1
8870,-0.7777777777777778,0.6810344827586207,0.38,0.23076923076923078,1.25,0.9629629629629629,-0.5787412891765406,0.08381813349453773,0.10943448317711107,-0.2774919189452114,0.1297907130420535,0.28127140722671196,0.4789728140673139,0.5264887234514308,1.1592101973177604,0.0,0.0,1.0,2.0,0.5,-0.25,0.0,0.5,0.0,-0.5,0,0,0,1,0,0,0,0,0,1,0,0,1,0,0,0
966,0.2222222222222222,0.008620689655172414,0.98,0.7692307692307693,0.5,0.4237037037037037,-0.218795298150037,0.2054740076804311,0.11011984673813018,0.3742675941019275,0.15594757564090878,0.11547023167241814,0.12784066103007083,-0.08870296647731721,0.04421863650592419,0.0,0.0,1.0,2.0,0.5,0.0,1.2,-0.25,0.0,-0.5,0,1,0,0,0,0,0,0,1,0,0,0,0,0,0,1
4767,0.2777777777777778,-0.7844827586206896,-0.16,0.38461538461538464,0.0,-0.674074074074074,0.49352951387611244,0.45641051417408257,0.7087428838977086,0.4293243030799417,0.8992289819514839,0.5049060898609775,0.9135223741700605,0.9999999999999999,0.6463380979458401,-1.0,-1.0,1.0,-0.5,0.5,1.0,0.4,-0.75,-1.0,0.0,0,1,0,0,0,0,0,0,1,0,0,0,0,0,0,1
9725,0.2222222222222222,-0.9540229885057471,-0.66,-0.8461538461538461,0.0,0.48148148148148157,-0.8875717904211726,-1.2643091088104357,-1.2267270745877006,-0.9873169549692411,-0.7755238700769802,-1.0822775493153898,-1.007628303794069,-0.7755238700769802,-1.451179391371804,1.0,1.0,1.0,-0.5,-0.75,-0.5,-0.6,0.5,2.0,0.5,0,0,0,1,0,0,0,0,1,0,0,0,0,0,0,1
4475,1.1666666666666667,0.40804597701149425,0.66,0.7692307692307693,0.75,-0.7318518518518518,0.4536133547184206,0.6716235321906744,0.9496886786297524,0.6712505621862535,0.33116801477775093,0.932479192668824,0.9501581423206529,-0.7755238700769802,1.1310245550465512,-1.0,-1.0,0.0,-0.5,0.75,1.5,0.8,-0.25,2.0,-0.5,0,1,0,0,0,0,0,0,1,0,0,0,0,0,0,1
5740,0.0,0.41379310344827586,-0.96,-0.6153846153846154,-0.5,0.6878306878306878,-1.0445913258596982,-0.7177209670600709,-0.6760112674860832,-1.1828754161455015,-0.3877619350384901,-0.6320354792626287,-0.19072946429594947,-0.14311139292026412,0.04421863650592419,1.0,0.0,1.0,0.0,-0.75,0.0,-0.6,0.0,-1.0,0.5,1,0,0,0,0,1,0,0,0,0,0,0,1,0,0,0
5731,-0.7222222222222222,0.27011494252873564,0.3,-0.7692307692307693,-0.25,0.1925925925925927,-0.9787644871405027,-0.8676581388004984,-0.7228654408112252,-0.864973770899795,-0.7755238700769802,-0.6037264941113603,-0.576043627965019,-0.7755238700769802,-0.471701526830916,0.0,0.0,0.0,-0.5,-0.75,-0.5,-0.4,0.25,1.0,-0.5,0,1,0,0,0,0,0,0,1,0,0,0,0,1,0,0
7290,-0.8333333333333334,0.7931034482758621,0.38,0.46153846153846156,-1.0,-0.6878306878306878,0.486435753797714,0.32997459847723315,0.44789018411373527,0.22870562076082745,0.5680609671737329,0.7879667110788809,0.12784066103007083,-0.7755238700769802,0.04421863650592419,-1.0,-2.0,0.0,-0.5,-0.25,0.75,1.4,-1.0,0.0,-0.5,0,0,1,0,0,0,0,0,1,0,0,0,0,1,0,0
3846,-0.2222222222222222,0.8994252873563219,0.98,0.0,1.25,0.5777777777777778,-0.28811372033992316,-0.141192494495426,-0.16856589900309757,0.03257303842987831,-0.14311139292026412,-0.0880592281640338,-1.007628303794069,-0.14311139292026412,-0.25641814192069373,0.0,0.0,0.0,1.0,0.5,-0.25,-0.2,0.5,0.0,-0.5,0,1,0,0,0,0,0,0,0,1,0,0,0,0,0,1
8104,1.0555555555555556,-0.09195402298850575,-0.34,-0.23076923076923078,0.75,-0.48148148148148145,0.05669706230804737,-0.1304341920079424,-0.005214495963678328,0.10784630145507593,-0.7755238700769802,-0.6320354792626287,-1.007628303794069,-0.7755238700769802,0.022534602349784674,-1.0,-1.0,0.0,-0.5,0.25,-0.25,0.0,0.25,2.0,0.0,0,1,0,0,0,0,0,0,0,1,0,0,0,0,0,1
4507,1.0,0.6408045977011494,0.76,0.5384615384615384,0.0,-0.7003367003367003,0.5214107451024917,0.4244316443568048,0.5871982286344236,0.4272252227632064,0.4129838139810195,0.7559599776652044,0.3413974350728991,0.18029903213524281,0.4735371792226165,-1.0,-2.0,0.0,-0.5,0.5,1.25,0.6,-0.75,0.0,-0.5,0,0,1,0,0,0,0,0,1,0,0,0,0,0,0,1
11013,-0.9444444444444444,0.28448275862068967,0.7,0.15384615384615385,-1.5,-0.6230936819172113,0.42018473011179314,0.31834500590857717,0.5676360881674046,0.2180193462436789,0.4129838139810195,0.5447037646966097,1.043163954510407,0.6388889180172997,0.45301504376350465,-1.0,-1.0,0.0,-0.5,-0.5,1.5,0.2,-1.25,0.0,-0.5,0,0,0,1,0,1,0,0,0,0,0,0,0,0,0,1
4491,1.1666666666666667,0.8045977011494253,-0.92,1.0,0.5,1.306878306878307,0.3084534187940685,0.40251171323211515,0.3872369442510312,0.6116013321458236,-0.7755238700769802,-0.1493095574899771,-1.007628303794069,-0.7755238700769802,0.19332305418233545,1.0,1.0,1.0,4.5,-0.25,0.5,1.0,0.5,1.0,0.5,0,1,0,0,0,0,1,0,0,0,0,0,0,0,0,1
3759,0.6666666666666666,-0.04885057471264368,-0.3,0.8461538461538461,0.75,-0.5185185185185185,0.36465796315697424,0.39522652428123356,0.4233390379941121,0.48150628372653254,0.28183818133320476,0.37607515426619126,0.0,-0.7755238700769802,1.1976268848671485,1.0,1.0,1.0,0.0,0.75,1.0,1.2,-0.25,0.0,0.0,0,0,0,1,0,0,0,0,1,0,0,0,0,0,0,1
1162,-0.9444444444444444,0.514367816091954,-0.52,0.38461538461538464,0.25,-0.38518518518518513,-0.308275435289869,0.18458875269220404,0.21959928808342533,-0.11194536513198428,0.7883600527976249,0.5239002675743037,0.7422411030138681,0.6696001163716948,0.20950887690840939,-1.0,-2.0,1.0,0.0,0.25,0.0,1.2,-0.25,2.0,0.5,0,0,1,0,0,0,0,0,1,0,0,0,0,1,0,0
2055,-0.16666666666666666,-0.9051724137931034,-0.24,-0.6923076923076923,-0.75,0.9629629629629629,-0.5501394755140067,-0.7661739823514333,-0.6635500710610391,-0.7958915050365306,-0.7755238700769802,-0.7725050540976793,-0.37536818175688036,-0.3877619350384901,-0.10017625718049661,1.0,0.0,1.0,0.0,-0.75,-0.25,-0.6,-0.25,2.0,0.0,1,0,0,0,0,0,0,0,1,0,0,0,1,0,0,0
10766,0.3333333333333333,-0.7959770114942529,-0.54,0.15384615384615385,-0.75,-0.6230936819172113,0.37238450865172346,0.09044142516361939,0.15871996414192133,0.2733708576401694,0.28183818133320476,0.011073137303157714,0.0,-0.7755238700769802,-0.5264628207773835,0.0,0.0,0.0,-0.5,0.0,0.5,0.6,-1.0,2.0,0.5,0,1,0,0,0,0,0,0,1,0,0,0,0,0,0,1
4415,0.5,0.8591954022988506,-0.6,-0.5384615384615384,-0.25,1.2037037037037037,-1.7050271296819655,-0.8580526489864454,-0.9802720925656272,-0.9205531871755583,-0.20746290290324726,-0.9970374962256624,-0.4630290774619893,-0.2862227858405282,-0.2934993113628321,1.0,1.0,0.0,0.5,-0.75,-0.25,-0.4,0.25,0.0,0.5,0,1,0,0,0,0,0,0,1,0,0,0,1,0,0,0
3005,-1.2222222222222223,-0.853448275862069,-0.84,0.6153846153846154,-1.0,-0.7117552334943639,0.743853156363162,0.5270255747435034,0.7431071301969552,0.3692925013741948,0.9083184831556347,0.8790172475707368,0.9193858457302698,0.5680609671737329,1.0217586958039446,-1.0,-2.0,3.0,-0.5,0.0,2.0,0.6,-1.25,0.0,0.5,0,0,1,0,0,1,0,0,0,0,0,0,0,1,0,0
2223,0.2777777777777778,0.9741379310344828,0.06,1.3846153846153846,1.25,0.4377104377104378,0.3405262587706638,0.5644831819017485,0.5695297559009701,0.6449570176705184,0.46912667204124586,0.4973415557657681,0.6322601220371885,0.9053145831190337,1.0294710090486252,0.0,-1.0,0.0,3.0,1.0,1.75,0.6,0.0,-1.0,0.0,1,0,0,0,0,1,0,0,0,0,0,0,0,0,0,1
4817,0.7777777777777778,0.9712643678160919,0.84,-0.8461538461538461,0.0,0.48148148148148157,-1.2768185627586504,-1.1239774268840612,-1.0104600024643449,-1.2571159733443953,-0.3877619350384901,-0.8174977601529947,-1.007628303794069,-0.20746290290324726,-1.2182158819572526,-1.0,-2.0,0.0,-0.5,-0.75,-0.5,-0.6,0.5,0.0,-0.5,1,0,0,0,0,0,0,0,1,0,0,0,0,1,0,0
2875,-0.4444444444444444,-0.6867816091954023,0.88,0.6923076923076923,-1.0,-0.7222222222222222,0.4069532119809233,0.3055232468621486,0.31543459713623795,0.3105079381549694,0.5680609671737329,0.6602913532021328,-0.03144440163293923,0.0,-0.1887448729086275,-1.0,-1.0,0.0,-0.5,-0.25,1.25,1.6,-1.0,0.0,-0.5,0,1,0,0,0,0,0,0,1,0,0,0,0,0,0,1
10536,-0.05555555555555555,-0.9224137931034483,0.58,-0.5384615384615384,0.5,0.48148148148148157,-0.6823486969320488,-0.7890549229015935,-0.8713808092182469,-0.6218052116277316,-0.7755238700769802,-0.5527179709905995,-0.576043627965019,-0.5308733279587541,-1.2182158819572526,0.0,0.0,0.0,0.0,-0.25,-0.5,-0.4,0.5,2.0,-0.5,0,0,0,1,0,0,0,0,0,1,0,0,0,0,0,1
11112,0.2222222222222222,0.6235632183908046,-0.52,0.7692307692307693,-0.25,0.4237037037037037,0.4889699242523088,0.4860929606035556,0.6132584395616428,0.47836119361292767,0.8992289819514839,0.5406327156279479,0.7282924672799496,0.7576488544432298,1.1683063035481107,0.0,0.0,0.0,2.0,0.25,1.0,0.6,-0.75,0.0,0.5,0,0,0,1,0,0,0,0,1,0,0,0,0,0,0,1
3807,0.8333333333333334,0.632183908045977,0.68,0.6153846153846154,1.5,-0.20933977455716585,0.23564337996350304,0.2435257696517107,0.23267841919251211,0.3315124977968512,0.3154784929617928,0.36543389545872795,0.16923104457519936,0.3154784929617928,0.4735371792226165,0.0,0.0,0.0,0.5,1.25,0.0,0.8,0.0,0.0,-0.5,0,0,0,1,0,0,0,0,0,1,0,0,0,0,0,1
9197,0.9444444444444444,-0.6637931034482759,0.86,-0.6153846153846154,-0.5,0.6878306878306878,-0.39361343392142323,-0.7812695708022587,-0.7806974838320838,-0.5550414438340489,-0.7755238700769802,-0.9273913017065346,-0.576043627965019,-0.7755238700769802,-0.5869986227256642,0.0,0.0,0.0,0.0,-0.5,-0.5,-0.4,-0.25,0.0,-0.5,0,1,0,0,0,0,0,0,1,0,0,0,0,0,0,1
10832,0.6666666666666666,-0.028735632183908046,-0.9,-0.07692307692307693,0.75,-0.5502645502645502,-0.14889812517879253,0.06084238700467061,0.23372278816812425,0.1668974340315821,0.07082795084356677,-0.3000660731068272,-0.37536818175688036,0.07082795084356677,0.9292947518681286,-1.0,-1.0,0.0,-0.5,0.5,-0.25,0.2,0.0,0.0,0.5,0,0,0,1,0,0,0,0,0,1,0,0,0,0,0,1
6421,0.5,0.014367816091954023,-0.34,0.46153846153846156,-1.0,-0.6878306878306878,0.8296910065362009,0.6189624715283567,0.9711246783972366,0.5964406868259569,1.0553957169436532,0.8026741669798559,0.7038842889950898,0.9661289226725314,0.8964538873536623,-1.0,-1.0,1.0,-0.5,0.0,1.25,0.8,-1.25,0.0,0.0,0,0,0,1,0,0,0,0,1,0,0,0,0,0,0,1
4207,-0.6111111111111112,0.19540229885057472,-0.44,0.7692307692307693,-0.25,-0.7318518518518518,0.809183491327487,0.4383548161391772,0.5270815417990312,0.5805560790626036,0.5680609671737329,0.17672056099836142,0.5942131229410537,0.5680609671737329,0.33771794786875625,-1.0,-1.0,2.0,-0.5,0.5,1.25,1.2,-1.0,2.0,0.5,0,1,0,0,0,0,0,0,1,0,0,0,0,0,0,1
577,-0.3333333333333333,-0.1235632183908046,-0.78,-0.6923076923076923,-0.25,0.9629629629629629,-0.9897020069705612,-1.0533270027820778,-1.1220408582417003,-0.9522631819915691,-0.5308733279587541,-0.8174977601529947,-1.007628303794069,-0.2862227858405282,-1.2182158819572526,1.0,1.0,0.0,0.0,-0.75,-0.5,-0.4,0.25,-1.0,0.5,0,0,0,1,0,0,0,0,1,0,0,0,0,0,0,1
10855,0.1111111111111111,-0.5689655172413793,-0.8,0.0,0.0,-0.19259259259259257,-0.041028010682828846,0.0,0.08006126355785084,0.09808072874640425,0.18029903213524281,0.052410346671016864,0.16923104457519936,0.07082795084356677,0.31159714487129303,0.0,-1.0,0.0,0.0,0.0,-0.25,0.6,-0.25,1.0,0.5,0,0,1,0,0,0,0,0,1,0,0,0,0,0,0,1
3081,-0.4444444444444444,0.22126436781609196,0.32,-0.8461538461538461,-0.25,0.48148148148148157,-0.3446302023449706,-1.0869675081168189,-0.951369171036892,-1.026503739190463,-0.3877619350384901,-0.8685062832737553,-0.576043627965019,-0.7755238700769802,-1.0529256415547674,0.0,0.0,0.0,-0.5,-0.75,-0.5,-0.6,0.25,2.0,-0.5,0,1,0,0,0,0,0,0,1,0,0,0,0,0,0,1
3535,0.2777777777777778,-0.7241379310344828,0.38,-0.15384615384615385,-0.75,-0.5185185185185185,0.39021667346126954,0.32959278061594705,0.7673676916306953,0.12131790397736658,0.8803160941357743,0.609140320664031,0.638257876730324,0.8242848780577742,0.8916052618716774,-1.0,-2.0,0.0,-0.5,0.0,0.25,0.0,-1.0,0.0,-0.5,0,0,1,0,0,0,0,0,1,0,0,0,0,1,0,0
247,-0.05555555555555555,0.6695402298850575,-0.66,0.3076923076923077,1.75,0.8615984405458089,-0.5140805296751154,-0.038237562700027754,-0.1409182757077836,-0.0038242159730642344,0.07082795084356677,0.23560557943114058,0.20667320090127414,0.15594757564090878,-0.22158573742309376,0.0,0.0,1.0,2.0,0.75,0.0,-0.2,0.75,0.0,0.5,0,1,0,0,0,0,0,0,0,1,0,0,0,0,0,1
8707,0.7777777777777778,0.9195402298850575,-0.74,0.07692307692307693,-0.25,-0.6018518518518519,0.6673686118459206,0.46657170409391624,0.8767769050651649,0.390529626301374,0.5520147438379108,0.7978343277197666,0.6322601220371885,0.7883600527976249,0.796507499634074,-1.0,-1.0,1.0,-0.5,0.25,1.0,-0.2,-0.75,0.0,0.5,0,1,0,0,0,1,0,0,0,0,0,0,0,0,0,1
9523,-0.6666666666666666,-0.11494252873563218,0.92,-0.8461538461538461,-1.25,0.48148148148148157,-0.3647236698534141,-1.187526030626249,-1.110020789569042,-1.1222164641568182,-0.7755238700769802,-0.7725050540976793,-0.576043627965019,-0.7755238700769802,-1.849433141188841,0.0,0.0,0.0,-0.5,-1.0,-0.5,-0.4,-0.5,0.0,-0.5,0,0,0,1,0,0,0,0,1,0,0,0,0,1,0,0
6072,0.0,0.4482758620689655,-0.66,0.38461538461538464,-0.25,-0.674074074074074,0.5860675793653484,0.613861831132746,0.9946576303787831,0.5517881848204311,0.6576343560992454,0.9616605951562052,0.8014911666123883,0.5175526480805436,0.9646633754525968,-1.0,-2.0,2.0,-0.5,0.25,1.5,0.2,-0.75,1.0,0.5,0,0,1,0,0,1,0,0,0,0,0,0,0,0,0,1
6295,-0.3888888888888889,0.4425287356321839,-0.06,0.8461538461538461,2.5,-0.07407407407407397,0.08290891863315795,0.3349026851028207,0.31509748313034813,0.4381005344417064,0.0,0.3244664794292849,0.20667320090127414,-0.7755238700769802,1.0020124668906725,0.0,0.0,0.0,1.0,1.75,1.0,0.0,0.5,0.0,0.0,0,1,0,0,0,0,0,0,0,1,0,0,0,0,0,1
10914,0.0,-0.27586206896551724,-0.92,-0.6923076923076923,-1.0,0.9629629629629629,-1.1543079422734852,-1.143970975228957,-1.2556299961164359,-1.1828754161455015,-0.5308733279587541,-0.8174977601529947,-0.576043627965019,-0.5308733279587541,-1.2182158819572526,1.0,0.0,0.0,0.0,-0.75,-0.5,-0.4,-0.5,0.0,0.5,0,0,1,0,0,0,0,0,1,0,0,0,0,1,0,0
1509,0.6666666666666666,0.5316091954022989,0.62,0.5384615384615384,1.25,-0.9629629629629629,0.760834137132161,0.10263736975126028,0.011606578234698097,-0.04469801712732006,0.40059811775913484,0.16230388822455682,0.8280705487745917,0.6388889180172997,0.6824857843071304,-1.0,-1.0,5.0,-1.0,1.25,1.75,-0.2,-0.25,2.0,-0.5,0,0,0,1,0,0,0,0,0,1,0,0,0,0,0,1
5577,-0.7222222222222222,-0.8591954022988506,0.56,-0.8461538461538461,-0.5,0.48148148148148157,-0.24489503950275998,-1.0375888588858215,-0.8713808092182469,-0.9873169549692411,-0.7755238700769802,-0.7322577070632672,-0.576043627965019,-0.5308733279587541,-1.0529256415547674,0.0,0.0,0.0,-0.5,-0.75,-0.5,-0.6,0.0,0.0,-0.5,0,0,0,1,0,0,0,0,1,0,0,0,0,1,0,0
7348,0.6666666666666666,-0.7241379310344828,-0.98,0.15384615384615385,-0.75,-0.6230936819172113,0.5099904331999144,0.406876913939015,0.7277971502922231,0.2180193462436789,0.9452068801959573,0.6881726505064272,1.1470484014870315,0.4585898858820568,0.32480597280315754,-1.0,-2.0,1.0,-0.5,0.0,1.25,0.0,-1.0,2.0,0.5,0,0,1,0,0,1,0,0,0,0,0,0,0,1,0,0
1127,-0.16666666666666666,-0.9339080459770115,0.26,0.38461538461538464,-0.25,-0.674074074074074,0.7857079025398748,0.5902793507901649,0.9517518178902109,0.558951069158587,0.28183818133320476,0.9621134659724394,0.2722996131660399,0.83549077555264,0.2554981117643361,-1.0,-1.0,1.0,-0.5,0.5,1.0,0.4,-1.0,2.0,-0.5,0,1,0,0,0,0,0,0,1,0,0,0,0,0,0,1
1833,-0.2222222222222222,-0.8390804597701149,0.84,-0.46153846153846156,-0.5,0.32098765432098764,-0.414247745599276,-0.4016282321274053,-0.2947704668374784,-0.3096399692907102,0.0,-0.48707177625345005,0.16923104457519936,0.0,-0.3757191474672522,0.0,-1.0,0.0,0.0,-0.5,-0.25,-0.2,-0.25,2.0,-0.5,0,0,1,0,0,0,0,0,1,0,0,0,0,0,0,1
4944,0.6111111111111112,-0.13218390804597702,-0.5,0.15384615384615385,-0.75,-0.6230936819172113,0.503058516039872,0.24879148480690896,0.4422523134697494,0.08801982439629825,0.346189691316188,0.6672099780855347,0.46994148984782846,0.3154784929617928,0.6388274196251017,-1.0,-1.0,0.0,-0.5,0.0,0.75,0.4,-1.0,0.0,0.5,0,0,0,1,0,0,0,0,1,0,0,0,0,1,0,0
9080,-0.1111111111111111,0.04597701149425287,-0.94,-0.46153846153846156,0.5,0.9629629629629629,-0.4383342690500245,-0.6212005168944045,-0.6676784494336975,-0.4994620275582855,-0.20746290290324726,-0.41408934665237235,-0.4630290774619893,-0.2862227858405282,-1.0529256415547674,1.0,0.0,0.0,0.5,-0.25,-0.5,-0.4,0.5,2.0,0.5,0,0,1,0,0,0,0,0,0,1,0,0,0,0,0,1
6466,0.2777777777777778,-0.7097701149425287,-0.54,-0.38461538461538464,-1.0,0.7703703703703704,0.16538430583079164,-0.43632152270221347,-0.4210794495654858,-0.16679967441550042,-0.7755238700769802,-0.7322577070632672,-0.576043627965019,-0.5308733279587541,-0.9247165705944205,1.0,1.0,0.0,0.5,-0.5,-0.25,-0.2,-0.75,2.0,0.5,0,1,0,0,0,0,0,0,1,0,0,0,0,0,0,1
9964,-0.5,-0.08620689655172414,0.14,0.0,-0.25,-0.5777777777777777,0.28341154816602465,0.02520229510230799,0.12481922745855256,-0.02363382381512742,0.6122380649615098,0.1511227049614788,0.5737121950001144,0.436522943019284,0.06511398322198858,0.0,-1.0,0.0,-0.5,0.0,0.0,0.6,-0.5,0.0,0.0,0,0,1,0,0,0,0,0,1,0,0,0,0,0,0,1
4790,0.6666666666666666,-0.9454022988505747,0.1,-0.15384615384615385,-1.0,-0.5185185185185185,0.6740373943827644,0.2896964603100034,0.695045253995156,0.39577833838129745,0.0,0.44326477125959773,0.20667320090127414,0.2244761299230198,0.1766680123939431,0.0,-1.0,0.0,-0.5,0.0,0.25,0.0,-1.25,0.0,0.0,1,0,0,0,0,0,0,0,1,0,0,0,0,0,0,1
10245,-0.8888888888888888,0.7183908045977011,0.44,0.0,-1.25,-0.5777777777777777,0.6951199817447167,0.23867280543741295,0.5072899465459486,-0.02774132199347692,0.7755238700769802,0.647100256739296,0.6499854730410405,0.5264887234514308,0.29807749263654026,-1.0,-2.0,0.0,-0.5,-0.25,0.25,0.6,-1.25,-1.0,-0.5,0,0,1,0,0,0,0,0,1,0,0,0,0,1,0,0
1109,-0.6666666666666666,0.21839080459770116,-0.22,-0.8461538461538461,-0.25,0.48148148148148157,-0.9513418177796201,-1.2643091088104357,-1.2267270745877006,-1.0709300510135173,-0.7755238700769802,-0.9273913017065346,-1.007628303794069,-0.7755238700769802,-1.451179391371804,0.0,0.0,0.0,-0.5,-0.75,-0.5,-0.6,0.25,1.0,0.0,0,0,0,1,0,0,0,0,1,0,0,0,0,0,0,1
6001,-0.5,0.5373563218390804,0.26,0.7692307692307693,0.25,-0.5007407407407407,0.15300846398240175,0.3179509828922859,0.31068612872264845,0.4181533645768633,0.48930108423645197,0.32924149771405253,0.5942131229410537,0.48930108423645197,0.20950887690840939,0.0,0.0,0.0,0.0,0.25,1.5,1.0,-0.25,0.0,-0.5,0,1,0,0,0,0,0,0,1,0,0,0,0,0,0,1
5538,-0.2777777777777778,-0.26436781609195403,0.58,0.15384615384615385,-1.0,-0.9629629629629629,0.7493579839803345,0.5716988365138832,1.0272508016274087,0.5440974013625928,1.0201744121952059,0.7053948631708433,1.047388138238264,1.0201744121952059,0.06511398322198858,-1.0,-2.0,4.0,-1.0,0.0,1.25,0.2,-1.25,0.0,-0.5,1,0,0,0,0,1,0,0,0,0,0,0,0,0,0,1
10552,-0.5,0.14080459770114942,-0.62,-0.07692307692307693,0.0,-0.13756613756613756,0.08225977000829322,-0.028049850447826298,0.07544261642690055,-0.3001335189415751,0.6388889180172997,0.18372986754124002,0.7187103995221312,0.03718763921497886,0.3503461201575912,0.0,0.0,0.0,0.0,0.0,-0.25,0.4,-0.25,-1.0,0.5,0,1,0,0,0,0,0,0,1,0,0,0,0,1,0,0
1545,-0.8888888888888888,-0.07183908045977011,0.92,0.38461538461538464,1.5,0.7703703703703704,-0.4411135804773725,0.04137523101314837,-0.03440256358762258,-0.12276593269885651,0.28183818133320476,0.4252427268901284,0.2722996131660399,0.28183818133320476,0.45301504376350465,0.0,0.0,0.0,2.0,0.75,0.0,0.0,0.5,0.0,-0.5,0,1,0,0,0,0,0,0,0,1,0,0,0,1,0,0
7409,0.0,-0.3160919540229885,0.34,-0.15384615384615385,0.0,-0.07407407407407397,0.053104681572426336,-0.1453089440438424,-0.08340387354908609,0.06381255973843203,-0.3877619350384901,-0.3000660731068272,-0.19072946429594947,-0.041572243722302185,-0.471701526830916,0.0,0.0,0.0,0.0,0.0,-0.25,0.2,-0.25,0.0,-0.5,0,0,0,1,0,0,0,0,1,0,0,0,0,0,0,1
4444,-0.1111111111111111,-0.7442528735632183,-0.42,-0.6923076923076923,0.25,0.0,-0.8220143641190054,-0.6866278235723599,-0.5295200917875578,-0.8916042300028858,-0.7755238700769802,-0.5295595783247905,-0.19072946429594947,-0.08870296647731721,-0.07344777701387911,0.0,0.0,0.0,-0.5,-0.5,-0.5,-0.4,0.5,0.0,0.5,0,1,0,0,0,0,0,0,1,0,0,0,1,0,0,0
146,0.5555555555555556,-0.3735632183908046,0.58,0.46153846153846156,-0.75,-0.6878306878306878,0.6002197820762485,0.44540403008949625,0.656182706544188,0.48902282023490107,0.6324124771567161,0.6778350913071314,0.12784066103007083,0.8280598458480344,-1.849433141188841,-1.0,-2.0,1.0,-0.5,0.0,0.75,1.2,-1.0,2.0,-0.5,0,0,1,0,0,0,0,0,1,0,0,0,0,0,0,1
6271,1.0,-0.9942528735632183,-0.72,-0.6923076923076923,-0.5,0.0,-0.01505758215648863,-0.6748874544591233,-0.509544647282655,-0.39119297747379916,-0.7755238700769802,-0.7725050540976793,-1.007628303794069,-0.7755238700769802,-1.2182158819572526,0.0,0.0,0.0,-0.5,-0.5,-0.5,-0.4,-0.25,2.0,0.5,0,1,0,0,0,0,0,0,1,0,0,0,0,0,0,1
10065,0.0,-0.07471264367816093,-0.44,-0.5384615384615384,-0.5,0.48148148148148157,-1.8521034836144517,-0.6691541525476836,-0.6760112674860832,-1.026503739190463,-0.20746290290324726,-0.6037264941113603,0.08157014887009044,0.0,-0.1887448729086275,-1.0,-1.0,0.0,0.0,-0.5,-0.5,-0.2,-0.25,-1.0,0.5,0,1,0,0,0,0,0,0,1,0,0,0,1,0,0,0
4741,-0.2222222222222222,-0.5919540229885057,-0.64,0.3076923076923077,0.5,-0.35477582846003897,0.37091245053132627,0.12918387411374535,0.1546070042547106,0.2683170420870227,0.4585898858820568,0.016491618064316718,0.20667320090127414,0.4585898858820568,-0.22158573742309376,0.0,0.0,1.0,0.0,0.5,0.0,0.8,-0.25,-1.0,0.5,0,1,0,0,0,0,0,0,1,0,0,0,0,0,0,1
246,0.2777777777777778,-0.9396551724137931,0.44,0.3076923076923077,-0.25,1.165692007797271,0.3945043249674063,-0.08791145391541316,-0.2274857330354834,0.04442631182305411,0.03718763921497886,-0.060762154832983736,0.18839803133104463,0.3154784929617928,-0.731393516412085,1.0,1.0,0.0,2.5,0.0,-0.25,0.4,-0.5,0.0,-0.5,0,1,0,0,0,0,0,0,1,0,0,0,0,0,0,1
375,0.8888888888888888,0.382183908045977,0.6,0.07692307692307693,-1.5,-0.6018518518518519,0.61480054676678,0.3955462740337994,0.7478601030777209,0.36040295771634745,0.6514958340044109,0.7218739978937513,0.7467827177761923,0.46912667204124586,-0.22158573742309376,-1.0,-2.0,0.0,-0.5,-0.5,0.0,1.2,-1.25,0.0,-0.5,1,0,0,0,0,0,0,0,1,0,0,0,0,0,0,1
1524,-0.7222222222222222,0.3706896551724138,-0.96,0.07692307692307693,1.0,-0.6018518518518519,0.7099522714397918,0.3785414129896204,0.7170397708291678,0.465943740719116,0.5758185568959769,0.2040176343294115,0.3413974350728991,1.017988918377414,0.3503461201575912,-1.0,-2.0,2.0,-0.5,1.0,0.0,0.0,-0.25,-1.0,0.5,0,0,1,0,0,0,0,0,0,1,0,0,0,0,0,1
10022,-0.16666666666666666,-0.6206896551724138,0.58,-0.8461538461538461,-0.75,0.48148148148148157,0.08946959898614167,-1.1651076174231962,-1.0751866849165583,-0.864973770899795,-0.7755238700769802,-0.9970374962256624,-1.007628303794069,-0.7755238700769802,-1.849433141188841,1.0,0.0,0.0,-0.5,-0.75,-0.5,-0.6,-0.25,2.0,-0.5,0,0,1,0,0,0,0,0,1,0,0,0,0,0,0,1
7451,0.5555555555555556,-0.6436781609195402,-0.52,0.3076923076923077,-1.0,-0.9629629629629629,1.0004668168806077,0.5995991627732543,1.0032043254982632,0.5802238742156496,0.28183818133320476,0.8971455723701623,0.8922823203261345,0.9022848982174715,0.2554981117643361,-1.0,-2.0,1.0,-1.0,0.0,1.0,0.8,-1.25,1.0,0.5,0,0,1,0,0,0,0,0,1,0,0,0,0,0,0,1
11010,-0.7777777777777778,-0.15229885057471265,0.52,-0.46153846153846156,0.5,0.9629629629629629,-1.759631177652745,-0.8051353070497679,-0.964063300460591,-0.7216509478376368,-0.2862227858405282,-0.48707177625345005,-0.4630290774619893,-0.5308733279587541,-1.849433141188841,0.0,-1.0,0.0,0.5,-0.25,-0.5,-0.4,0.5,2.0,-0.5,0,0,1,0,0,0,0,0,0,1,0,0,0,0,0,1
4356,-0.05555555555555555,-0.14655172413793102,0.42,-0.07692307692307693,0.0,0.2751322751322751,0.5127203392432383,0.5095988642326754,1.0448342439578475,0.6474103906387426,0.4129838139810195,0.2785717741620659,-1.007628303794069,0.18029903213524281,1.0979948462543365,0.0,0.0,2.0,0.5,-0.25,0.25,0.0,0.0,0.0,-0.5,0,0,0,1,0,0,0,0,1,0,0,0,0,0,0,1
3885,-0.7222222222222222,-0.28735632183908044,-0.78,-0.7692307692307693,0.0,0.1925925925925927,-0.6511706015598195,-0.6748874544591233,-0.39564141387393603,-0.7757215038103391,-0.3877619350384901,-0.48707177625345005,-0.4630290774619893,-0.7755238700769802,0.0,0.0,0.0,2.0,-0.5,-0.75,-0.25,-0.6,0.5,2.0,0.5,0,1,0,0,0,0,0,0,1,0,0,0,1,0,0,0
1175,-0.7222222222222222,-0.21264367816091953,-0.5,-0.23076923076923078,0.0,-0.48148148148148145,-0.5330795717179226,0.026938404233914852,0.2748108909147738,-0.22495708735178924,0.5264887234514308,-0.08104992162115524,0.6322601220371885,0.4129838139810195,1.044591847762877,-1.0,-1.0,2.0,-0.5,-0.25,0.75,-0.4,0.0,1.0,0.5,0,1,0,0,0,1,0,0,0,0,0,0,1,0,0,0
880,0.2222222222222222,0.49712643678160917,-0.04,-0.6923076923076923,0.25,0.0,-1.2543427963449758,-0.5211182218375319,-0.2441010242027937,-1.3528286983107507,0.346189691316188,-0.6626115125441394,-0.1444589521359689,-0.08870296647731721,0.36270269768368657,-1.0,-1.0,0.0,-0.5,-0.5,-0.25,-0.6,0.5,-2.0,0.0,0,0,0,1,0,0,0,0,0,1,0,0,1,0,0,0
2320,-0.4444444444444444,-0.1896551724137931,0.98,0.6153846153846154,2.75,0.29307568438003223,-0.13533282897330903,0.1742683461435325,0.10937714718561103,0.35521449971514657,0.10153914919796193,-0.04781188112962177,0.24085521153310066,-0.14311139292026412,0.10475443845420482,0.0,0.0,0.0,1.5,1.75,-0.25,0.2,0.75,-1.0,-0.5,0,1,0,0,0,0,0,0,0,1,0,0,0,0,0,1
850,0.1111111111111111,-0.25862068965517243,-0.9,0.5384615384615384,0.0,-0.43771043771043766,0.48578528998971343,0.2391609778724054,0.25420401584619495,0.25971958367741,0.4129838139810195,0.44150035016075667,0.7376463687461494,0.4129838139810195,-0.07344777701387911,0.0,-1.0,0.0,0.0,0.5,0.75,0.8,-0.75,0.0,0.5,0,0,1,0,0,0,0,0,1,0,0,0,0,0,0,1
4713,-0.5,0.6551724137931034,-0.68,-0.46153846153846156,0.0,0.32098765432098764,-0.7434301058749819,-0.4243917602092659,-0.33415055005539424,-0.2818986472972336,-0.7755238700769802,-0.17507188995082262,-0.576043627965019,-0.5308733279587541,-0.731393516412085,0.0,0.0,0.0,0.0,-0.5,-0.25,-0.2,0.25,2.0,0.5,0,1,0,0,0,0,0,0,1,0,0,0,0,0,0,1
675,-0.16666666666666666,0.14942528735632185,0.36,0.07692307692307693,0.5,0.8425925925925927,0.01956477546734737,-0.06500688532998705,-0.07676652381617563,-0.05800791703326502,-0.7755238700769802,0.12368552655321065,-0.19072946429594947,0.15594757564090878,0.6235049459869083,1.0,0.0,0.0,1.5,0.0,0.0,0.0,0.25,1.0,-0.5,1,0,0,0,0,0,0,0,1,0,0,0,0,0,0,1
5025,-0.5,-0.48563218390804597,-0.34,-0.5384615384615384,-1.0,-0.2407407407407407,-0.08724912405826118,-0.3961497531725076,-0.21001635808609134,-0.6609919958489534,0.2446505421182259,-0.39783172338174416,0.4789728140673139,0.29905896856117287,-0.5264628207773835,0.0,-1.0,0.0,-0.5,-0.5,-0.25,-0.2,-0.75,0.0,0.0,0,0,1,0,0,0,0,0,1,0,1,0,0,0,0,0
2308,0.8888888888888888,0.6666666666666666,-0.18,-0.07692307692307693,1.0,-0.13756613756613756,-0.14483226855327758,-0.06723454607762949,0.00606566035949827,-0.1514650189423361,-0.14311139292026412,0.27035647928127343,0.28712572369308104,0.346189691316188,0.10475443845420482,0.0,0.0,0.0,0.0,0.5,-0.25,0.0,0.25,0.0,0.0,0,1,0,0,0,0,0,0,0,1,0,0,0,1,0,0
5995,0.4444444444444444,0.5804597701149425,0.1,0.38461538461538464,1.25,1.0592592592592591,-0.40017690672565326,-0.011349962015177456,-0.126974363961229,-0.017566121415998514,-0.2862227858405282,0.2970804144871734,-0.37536818175688036,0.36059806427048563,0.29807749263654026,1.0,0.0,1.0,2.5,0.5,0.0,0.0,0.5,0.0,0.0,1,0,0,0,0,0,1,0,0,0,0,0,0,0,0,1
6749,0.2222222222222222,0.9597701149425287,0.58,0.23076923076923078,1.0,0.32098765432098764,0.7948437114196278,0.5428103781436638,0.9362403946022666,0.565615877589532,0.590840233434414,0.7582821519213454,0.7282924672799496,0.590840233434414,0.7730528671279314,1.0,0.0,0.0,1.0,0.25,0.25,0.2,0.5,0.0,-0.5,0,0,1,0,0,0,0,0,1,0,0,0,0,0,0,1
1010,-0.3888888888888889,-0.8333333333333334,0.9,-0.6153846153846154,-1.25,0.6878306878306878,-0.13839493388934107,-0.5970225893528761,-0.4726047544284605,-0.47480607351807536,-0.7755238700769802,-0.5077252649352844,-0.4630290774619893,-0.5308733279587541,-0.22158573742309376,2.0,2.0,0.0,0.0,-0.75,-0.25,-0.4,-0.75,0.0,-0.5,0,0,0,1,0,0,0,0,1,0,0,0,0,0,0,1
8977,-0.8333333333333334,0.5086206896551724,0.04,-0.8461538461538461,-1.25,0.48148148148148157,-1.7305620720560624,-1.0224932704349963,-0.8466829546908915,-1.4877282074983278,-0.2862227858405282,-0.9970374962256624,-0.576043627965019,-0.2862227858405282,-0.4217083823231789,-1.0,-2.0,0.0,-0.5,-1.0,-0.5,-0.4,-0.5,-2.0,0.0,0,0,1,0,0,0,0,0,1,0,0,0,1,0,0,0
4756,1.0,-0.47413793103448276,-0.14,0.7692307692307693,0.5,-0.7318518518518518,0.3362757648525434,0.39936185972568683,0.4568400543936119,0.0037807580326851397,0.42494957425346885,0.9506274386462971,-1.007628303794069,0.46912667204124586,0.8667287050162751,-1.0,-2.0,1.0,-0.5,0.75,1.0,1.2,-0.5,-1.0,0.0,1,0,0,0,0,0,0,0,1,0,0,0,0,1,0,0
3412,1.0555555555555556,0.5,0.36,0.15384615384615385,0.0,0.3965141612200436,0.4151057198986059,0.32575276100231965,0.5810146513231167,0.5122391761469001,0.0,-0.0880592281640338,-0.03144440163293923,-0.7755238700769802,0.5997267095804195,0.0,0.0,1.0,1.0,-0.5,0.0,0.8,0.25,1.0,-0.5,0,1,0,0,0,0,0,0,1,0,0,0,0,0,0,1
606,0.16666666666666666,-0.27011494252873564,0.76,-0.8461538461538461,-0.25,0.48148148148148157,-1.0463018603479666,-1.187526030626249,-1.110020789569042,-1.0709300510135173,-0.5308733279587541,-1.1921710908689298,-0.576043627965019,-0.7755238700769802,-0.9247165705944205,1.0,0.0,0.0,-0.5,-0.75,-0.5,-0.6,0.25,0.0,-0.5,0,0,1,0,0,0,0,0,1,0,0,0,0,0,0,1
5961,-0.4444444444444444,-0.9597701149425287,-0.4,-0.7692307692307693,-0.75,0.1925925925925927,-0.283231014818901,-0.7112896646823601,-0.458373627489019,-0.9873169549692411,-0.20746290290324726,-0.448840246502505,-0.24318664449800542,-0.2862227858405282,-0.22158573742309376,0.0,0.0,0.0,-0.5,-0.75,-0.5,-0.4,-0.25,0.0,0.5,0,1,0,0,0,0,0,0,1,0,0,0,0,1,0,0
2975,-0.3333333333333333,0.6839080459770115,0.8,0.6923076923076923,0.0,-0.48148148148148145,0.7814591590470126,0.589901628013909,0.8286206266065225,0.46967154584279525,0.5520147438379108,0.9715017983887813,1.1112329361045028,0.436522943019284,0.7031308331713269,0.0,0.0,1.0,0.0,0.5,1.25,0.8,-0.75,0.0,-0.5,0,0,0,1,0,0,0,0,1,0,0,0,0,1,0,0
2894,-0.8333333333333334,-0.32471264367816094,0.5,0.46153846153846156,0.5,-0.6878306878306878,0.5356460431249808,0.6005183543124184,0.9375772378507277,0.6017791242975853,0.9661289226725314,0.9175165819377766,-1.007628303794069,0.28183818133320476,0.27004467885669003,-1.0,-2.0,4.0,-0.5,0.75,0.75,0.6,-0.5,0.0,-0.5,0,0,1,0,0,0,0,0,1,0,0,0,0,0,0,1
7613,-0.2222222222222222,-0.9195402298850575,0.96,-0.07692307692307693,0.5,-0.13756613756613756,-0.05162095886523391,-0.07173053539135883,-0.0018773091454882232,-0.015567898432838121,-0.14311139292026412,0.17672056099836142,-0.03144440163293923,0.0,0.10475443845420482,0.0,0.0,0.0,0.0,0.25,-0.25,0.2,0.0,-1.0,-0.5,0,0,0,1,0,0,0,0,1,0,0,0,0,0,0,1
10542,0.1111111111111111,0.9683908045977011,0.28,-0.46153846153846156,0.75,0.9629629629629629,-0.5114568627915117,-0.6017333609028825,-0.6353334721282822,-0.5867514386500596,-0.20746290290324726,-0.2537066518592377,-0.576043627965019,-0.20746290290324726,-0.9247165705944205,1.0,1.0,0.0,0.5,-0.25,-0.5,-0.4,0.75,2.0,-0.5,0,1,0,0,0,0,0,0,0,1,0,0,0,1,0,0
8015,0.4444444444444444,0.1896551724137931,0.78,0.38461538461538464,-1.0,-0.674074074074074,0.7830672139679464,0.44260044906532225,0.6837357820720169,0.46827850908366536,0.7576488544432298,0.6730420988316181,0.8631693516581,-0.7755238700769802,-0.3757191474672522,-1.0,-2.0,1.0,-0.5,0.0,1.0,0.8,-1.25,2.0,-0.5,1,0,0,0,0,0,0,0,1,0,0,0,0,0,0,1
10617,-1.0555555555555556,-0.9137931034482759,-0.3,-0.5384615384615384,-0.25,0.48148148148148157,-2.3614444900179987,-0.9429471116559227,-1.110020789569042,-0.9873169549692411,-0.20746290290324726,-0.6958495530356731,-0.576043627965019,-0.3877619350384901,-0.9247165705944205,-1.0,-2.0,0.0,0.0,-0.25,-0.5,-0.4,-0.25,1.0,0.0,1,0,0,0,0,0,0,0,0,1,0,0,0,1,0,0
11166,0.5,0.4482758620689655,0.64,-0.07692307692307693,1.0,-0.13756613756613756,-0.0513436876138022,-0.08438401318575041,-0.024211990689124607,0.09092554702847123,-0.14311139292026412,-0.06740573948219951,-0.4630290774619893,-0.3877619350384901,-0.10017625718049661,0.0,0.0,0.0,0.0,0.5,0.0,-0.2,0.25,0.0,-0.5,0,1,0,0,0,0,0,0,0,1,0,0,0,0,0,1
849,0.9444444444444444,0.05172413793103448,0.32,0.5384615384615384,0.25,0.08754208754208763,0.135496047887411,0.18852572365940948,0.16389420746509561,0.2018360648981957,0.5981179371223457,0.25912047841190844,0.4415306577412393,0.7388200638697252,0.3866461083646709,0.0,0.0,0.0,1.0,0.5,0.0,1.0,-0.5,1.0,-0.5,0,0,0,1,0,0,0,0,1,0,0,0,0,0,0,1
523,-1.0555555555555556,0.4540229885057471,0.04,-0.6153846153846154,-0.5,-0.13756613756613756,-0.49584981109232423,-0.6162368106110061,-0.5053395802812753,-0.6609919958489534,-0.7755238700769802,-0.352839017326429,-0.19072946429594947,0.20307829839592387,-1.0529256415547674,0.0,0.0,0.0,-0.5,-0.5,-0.5,-0.2,-0.25,0.0,0.0,0,1,0,0,0,0,0,0,1,0,0,0,0,1,0,0
4066,-0.4444444444444444,-0.882183908045977,0.54,-0.6153846153846154,-0.25,0.6878306878306878,-1.3485962382206722,-0.7890549229015935,-0.793391613255783,-1.4877282074983278,-0.14311139292026412,-0.7725050540976793,-0.37536818175688036,0.0,-0.10017625718049661,0.0,-1.0,0.0,0.0,-0.5,-0.25,-0.6,0.0,-1.0,-0.5,1,0,0,0,0,0,0,0,0,1,0,0,1,0,0,0
8414,0.4444444444444444,-0.11494252873563218,0.54,-0.5384615384615384,0.0,0.48148148148148157,-0.658024029315319,-0.5613524929419327,-0.4949394359720969,-0.3732046439115666,-0.7755238700769802,-0.6320354792626287,-1.007628303794069,-0.7755238700769802,-0.15768008000897207,0.0,-1.0,0.0,0.0,-0.5,-0.5,-0.2,0.25,2.0,-0.5,0,0,1,0,0,0,0,0,1,0,0,0,0,0,0,1
819,1.3888888888888888,-0.3448275862068966,0.7,0.7692307692307693,0.0,-0.7318518518518518,0.31913056004092133,0.3782066093761637,0.41879257880237153,0.35521449971514657,0.9286590314442188,0.4973415557657681,0.5369709225380106,0.5175526480805436,0.9689352071003449,-1.0,-2.0,0.0,-0.5,0.5,0.75,1.6,-0.75,0.0,-0.5,0,0,0,0,1,0,0,0,1,0,0,0,0,0,0,1
4961,-0.2222222222222222,-0.5660919540229885,0.14,-0.3076923076923077,-0.75,1.1380471380471382,-1.3505389231814486,-0.6866278235723599,-0.892278339609439,-0.5867514386500596,-0.7755238700769802,-0.36725569010023346,-0.576043627965019,-0.3877619350384901,-1.0529256415547674,0.0,0.0,0.0,1.0,-0.5,-0.25,-0.2,-0.5,1.0,0.0,0,0,0,1,0,0,0,0,1,0,0,0,0,0,0,1
749,-0.6111111111111112,-0.3850574712643678,-0.36,-0.46153846153846156,0.0,0.32098765432098764,-0.3023840827039404,-0.3699124705826581,-0.23967679910320852,-0.4373842967603544,-0.041572243722302185,-0.04781188112962177,-0.576043627965019,-0.20746290290324726,0.06511398322198858,0.0,0.0,2.0,0.0,-0.25,-0.25,-0.4,0.0,0.0,0.0,0,0,0,1,0,0,0,0,0,1,0,0,0,1,0,0
5430,0.7777777777777778,0.853448275862069,-0.98,1.2307692307692308,2.0,1.2735961768219832,0.08901997842867736,0.20171430360098272,-0.03691491461882831,0.3179016452457064,-0.7755238700769802,0.35448768837396766,-0.1444589521359689,0.28183818133320476,0.15951573240067232,1.0,1.0,0.0,5.0,1.25,0.0,0.6,0.5,0.0,0.5,0,0,0,1,0,0,1,0,0,0,0,0,0,0,0,1
7755,0.8888888888888888,-0.3649425287356322,0.84,0.07692307692307693,2.0,-0.2407407407407407,0.17890697775059833,0.01371444810459564,0.06216809973253346,0.23156145912473347,-0.2862227858405282,-0.20269812873847687,-1.007628303794069,-0.7755238700769802,-0.12820907096034687,0.0,0.0,0.0,0.0,1.25,-0.25,-0.2,0.5,2.0,-0.5,0,1,0,0,0,0,0,0,0,1,0,0,0,0,0,1
10525,-0.8888888888888888,0.7701149425287356,-0.18,-0.8461538461538461,0.25,0.48148148148148157,-1.008644074045109,-0.9805853917736835,-0.7775606831008489,-0.9205531871755583,-0.7755238700769802,-0.7725050540976793,-1.007628303794069,-0.7755238700769802,-0.5264628207773835,0.0,-1.0,2.0,-0.5,-0.75,-0.5,-0.6,0.75,0.0,0.0,0,0,1,0,0,0,0,0,1,0,0,0,0,0,0,1
1453,1.5,0.005747126436781609,0.2,0.9230769230769231,1.5,-0.5349794238683128,0.17277269844873488,0.36351553715391377,0.3413831263281591,0.47790945813744234,0.5352041322794227,0.3802500208348134,0.5520822202293374,0.29905896856117287,0.12359411675246054,-1.0,-2.0,0.0,0.0,1.25,0.25,1.6,0.0,2.0,0.0,0,0,0,0,1,0,0,0,1,0,0,0,0,0,0,1
8310,0.3333333333333333,0.8994252873563219,0.94,0.6923076923076923,1.75,-0.2407407407407407,0.4322925442048856,0.4815617737636569,0.6323358338585761,0.5440974013625928,0.9342616272351748,0.4063281461003298,0.76873509330495,0.8930366104212158,0.2405736698080648,0.0,0.0,0.0,0.5,1.5,0.5,0.4,0.0,0.0,-0.5,0,0,0,1,0,0,0,0,0,1,0,0,0,0,0,1
10710,-0.5,0.8994252873563219,0.24,-0.8461538461538461,0.0,0.48148148148148157,-2.944574468496162,-1.1239774268840612,-1.0104600024643449,-1.1222164641568182,-0.3877619350384901,-1.0822775493153898,-0.4630290774619893,-0.7755238700769802,-0.8199621321402158,0.0,0.0,0.0,-0.5,-0.75,-0.5,-0.6,0.5,0.0,-0.5,0,1,0,0,0,0,0,0,1,0,0,0,0,0,0,1
5031,-0.2222222222222222,0.8304597701149425,-0.7,0.8461538461538461,-0.5,-0.7407407407407407,0.736819924959625,0.5658972966873885,0.7314385324798529,0.49637328574456946,0.48930108423645197,0.9077278692733065,0.4415306577412393,0.9635804919344672,0.876808940934975,-1.0,-1.0,2.0,-0.5,0.25,1.75,1.2,-1.0,0.0,0.5,0,0,0,1,0,0,0,0,1,0,0,0,0,0,0,1
2613,0.5555555555555556,-0.7729885057471264,-0.66,-0.23076923076923078,-1.75,0.0,0.08189273807778105,-0.18920911431994217,-0.10873083062343954,-0.02363382381512742,-0.08870296647731721,-0.2222919870910548,-0.24318664449800542,0.15594757564090878,-0.3331397665950483,0.0,0.0,0.0,0.0,-0.75,0.25,0.2,-1.25,1.0,0.5,0,1,0,0,0,0,0,0,1,0,0,0,0,0,0,1
213,0.3888888888888889,-0.9310344827586207,0.98,-0.38461538461538464,0.0,1.3481481481481483,-1.223752493085442,-0.7736447529211181,-0.9743922623210988,-0.5260924866613763,-0.7755238700769802,-0.6626115125441394,-1.007628303794069,-0.7755238700769802,-1.2182158819572526,1.0,0.0,0.0,1.0,-0.5,-0.25,-0.4,0.25,2.0,-0.5,0,0,1,0,0,0,1,0,0,0,0,0,0,0,0,1
967,-0.3333333333333333,-0.03735632183908046,-0.76,0.8461538461538461,0.75,1.2592592592592595,-0.16742904670206132,0.09694817190878609,-0.1068452686043994,0.22389073026396827,0.03718763921497886,0.19400842007791655,0.16923104457519936,0.18029903213524281,-0.12820907096034687,1.0,1.0,1.0,4.0,0.25,0.0,0.8,0.25,0.0,0.5,0,1,0,0,0,0,1,0,0,0,0,0,0,0,0,1
1077,-0.2222222222222222,0.617816091954023,0.06,0.0,0.5,-0.5777777777777777,0.15139033970642374,0.34930473700156095,0.7072681468340983,0.1304336283548972,0.8704655164602081,0.4817476971951687,1.1421275191710643,1.0433619562618106,-0.5264628207773835,-1.0,-1.0,0.0,-0.5,0.75,0.25,-0.2,-0.5,0.0,0.0,0,0,0,1,0,0,0,0,0,1,0,0,0,0,0,1
7959,0.5,-0.9339080459770115,-0.6,-0.3076923076923077,-1.25,-0.43771043771043766,0.6664823802129298,0.4583034133424869,1.1137608446019203,0.4411435720574097,0.7755238700769802,0.7496975998936246,0.8859966614049789,0.15594757564090878,-0.3331397665950483,-1.0,-1.0,0.0,-0.5,-0.25,0.0,0.0,-1.25,0.0,0.5,0,1,0,0,0,0,0,0,1,0,0,0,0,0,0,1
640,1.0555555555555556,0.34195402298850575,0.24,0.7692307692307693,0.75,-0.5007407407407407,0.1672013690341082,0.35147148479718837,0.3707763089186772,0.23720063016991322,0.7755238700769802,0.6033959043124901,0.9308565964603749,0.2446505421182259,0.8353813654131744,0.0,0.0,0.0,0.0,0.75,1.0,1.0,-0.25,0.0,-0.5,0,1,0,0,0,0,0,0,1,0,0,0,0,0,0,1
4252,0.2777777777777778,-0.7413793103448276,0.48,-0.23076923076923078,0.0,-0.48148148148148145,-0.22409700750991393,-0.10114114523244595,0.04661718861091227,0.06693655571061849,-0.14311139292026412,-0.3255419439953788,-0.19072946429594947,-0.041572243722302185,0.29807749263654026,0.0,0.0,0.0,-0.5,0.0,-0.25,0.2,-0.25,0.0,-0.5,0,1,0,0,0,0,0,0,1,0,0,0,0,0,0,1
8432,0.7777777777777778,0.853448275862069,-0.98,1.2307692307692308,2.0,1.2735961768219832,0.08901997842867736,0.20171430360098272,-0.03691491461882831,0.3179016452457064,-0.7755238700769802,0.35448768837396766,-0.1444589521359689,0.28183818133320476,0.15951573240067232,1.0,1.0,0.0,5.0,1.25,0.0,0.6,0.5,0.0,0.5,0,0,0,1,0,0,1,0,0,0,0,0,0,0,0,1
6218,0.2777777777777778,0.75,0.5,0.15384615384615385,1.5,-0.6230936819172113,0.22716699411125932,0.08530026199488146,0.14956907870518135,0.32008809206267874,-0.20746290290324726,-0.31259167029201684,-1.007628303794069,-0.7755238700769802,-0.5264628207773835,0.0,0.0,1.0,-0.5,1.0,-0.25,0.4,0.25,0.0,-0.5,0,1,0,0,0,0,0,0,0,1,0,0,0,0,0,1
6905,-1.3333333333333333,0.9195402298850575,0.12,0.46153846153846156,-0.25,-0.6878306878306878,0.6908583557114197,0.34346389587577425,0.47217100412853114,0.10784630145507593,0.5758185568959769,0.834937652983352,0.3890734775391832,0.38776193503849,0.45301504376350465,-1.0,-1.0,0.0,-0.5,0.5,0.5,1.0,-1.0,0.0,0.0,0,0,0,1,0,0,0,0,1,0,0,0,0,1,0,0
5922,-0.2222222222222222,-0.27873563218390807,-0.02,-0.23076923076923078,0.5,0.0,-0.3698359458385276,-0.21997529884223063,-0.16263471587934894,0.062239492379618795,-0.7755238700769802,-0.8685062832737553,-1.007628303794069,-0.7755238700769802,-1.2182158819572526,0.0,0.0,0.0,0.0,0.0,-0.25,0.0,0.25,2.0,0.0,0,1,0,0,0,0,0,0,1,0,0,0,0,0,0,1
3598,-0.1111111111111111,0.13218390804597702,0.08,0.5384615384615384,-0.25,0.08754208754208763,0.3051624873328563,0.15701030464601395,0.10787426159097202,0.3082574010960585,0.48930108423645197,0.0807193318222853,-0.19072946429594947,0.42494957425346885,-0.4217083823231789,0.0,0.0,0.0,1.0,0.0,0.0,1.4,-0.5,0.0,0.0,0,1,0,0,0,0,0,0,1,0,0,0,0,0,0,1
6116,0.1111111111111111,0.008620689655172414,-0.72,-0.6923076923076923,-1.25,0.0,-0.07284193659117533,-0.6113388507169355,-0.40065336393527473,-0.7216509478376368,0.15594757564090878,-0.48707177625345005,-0.06562641226476575,-0.041572243722302185,-0.5869986227256642,0.0,0.0,0.0,-0.5,-0.75,-0.25,-0.4,-0.75,-1.0,0.5,0,1,0,0,0,0,0,0,1,0,0,0,0,0,0,1
6263,0.1111111111111111,0.9195402298850575,-0.3,-0.46153846153846156,0.25,0.9629629629629629,-0.5732725836866299,-0.48483516436731666,-0.43799261943015777,-0.5980305908885469,0.03718763921497886,-0.2222919870910548,0.0,-0.041572243722302185,-0.3331397665950483,2.0,2.0,0.0,0.5,-0.5,-0.5,-0.2,0.5,0.0,0.0,0,0,0,1,0,0,0,0,1,0,0,0,0,1,0,0
10486,1.2222222222222223,0.11494252873563218,0.1,0.15384615384615385,-0.75,-0.6230936819172113,0.6221383563952123,0.3382763679982518,0.6036425224066672,0.33361157811358644,0.7530349832023729,0.3339575636488821,0.3285161072382096,0.997685525320599,0.784899858181708,-1.0,-1.0,0.0,-0.5,0.0,0.5,0.6,-1.0,0.0,0.0,0,1,0,0,0,0,0,0,1,0,0,0,0,0,0,1
2410,0.05555555555555555,-0.5689655172413793,0.4,0.07692307692307693,-1.25,-0.6018518518518519,0.7091840756038701,0.37619139694576686,0.712781975371616,0.2445738543986983,0.5352041322794227,0.7009374439979624,0.9836668960583874,0.6754342347185844,0.40963152180849455,-1.0,-2.0,0.0,-0.5,-0.25,0.5,0.6,-1.25,0.0,-0.5,0,0,1,0,0,0,0,0,1,0,0,0,0,1,0,0
193,-1.4444444444444444,-0.6436781609195402,0.64,-0.8461538461538461,-0.75,0.48148148148148157,-1.944144727042076,-1.1651076174231962,-1.0751866849165583,-1.7183404416522603,-0.7755238700769802,-1.1921710908689298,-0.4630290774619893,-0.2862227858405282,-0.5869986227256642,-1.0,-1.0,1.0,-0.5,-0.75,-0.5,-0.6,-0.25,-2.0,-0.5,0,1,0,0,0,0,0,0,1,0,0,0,1,0,0,0
3363,-0.2222222222222222,-0.7241379310344828,1.0,-0.7692307692307693,0.0,0.1925925925925927,-1.4337577149889476,-0.8980690116780572,-0.7731933616127528,-1.7183404416522603,-0.08870296647731721,-1.0822775493153898,-0.19072946429594947,-0.08870296647731721,-0.3757191474672522,-1.0,-1.0,0.0,-0.5,-0.75,-0.5,-0.4,0.5,-1.0,-0.5,0,1,0,0,0,0,0,0,1,0,0,0,1,0,0,0
8278,-1.1111111111111112,0.9080459770114943,-0.92,0.07692307692307693,1.0,-0.6018518518518519,0.5629214511062762,0.5404419879669349,1.0111358511206558,0.5312559591419304,0.7883600527976249,0.7971378890788154,0.7467827177761923,0.8498991485069379,0.1766680123939431,-1.0,-1.0,0.0,-0.5,1.0,0.0,0.0,-0.25,2.0,0.5,0,1,0,0,0,0,0,0,0,1,0,0,0,0,0,1
10660,0.7222222222222222,-0.5402298850574713,0.24,0.15384615384615385,1.5,0.05664488017429206,0.4001567020255156,0.037187297624607596,0.06412991953954222,0.23061223415393214,-0.041572243722302185,-0.24294547577288908,-1.007628303794069,-0.7755238700769802,0.3747991173108948,1.0,1.0,1.0,0.5,1.0,0.0,-0.2,0.25,1.0,-0.5,0,1,0,0,0,0,0,0,0,1,0,0,0,0,0,1
8686,-0.5,0.5201149425287356,0.32,-0.6153846153846154,0.25,0.6878306878306878,-1.1823665908385403,-0.6113388507169355,-0.49700676222888923,-1.1222164641568182,0.346189691316188,-0.5527179709905995,-1.007628303794069,0.2637338989659208,-0.2934993113628321,0.0,0.0,0.0,0.0,-0.5,-0.5,-0.4,0.5,-2.0,-0.5,0,0,0,1,0,0,0,0,1,0,0,1,0,0,0,0
1604,0.5555555555555556,-0.367816091954023,0.88,-0.15384615384615385,-0.5,0.3703703703703705,-0.12469577283832446,-0.20834047862818414,-0.19377310340126616,0.018488263222912898,-0.3877619350384901,-0.4674779179008721,-0.1444589521359689,0.0,-0.9247165705944205,0.0,0.0,0.0,0.5,-0.5,0.0,0.2,-0.25,1.0,-0.5,0,1,0,0,0,0,0,0,1,0,0,0,0,0,0,1
5907,1.0,0.7097701149425287,-0.5,-0.8461538461538461,0.0,0.48148148148148157,-0.6568796578717537,-1.1239774268840612,-1.0104600024643449,-0.9873169549692411,-0.7755238700769802,-0.7725050540976793,-1.007628303794069,-0.7755238700769802,-1.2182158819572526,1.0,1.0,0.0,-0.5,-0.75,-0.5,-0.6,0.5,1.0,0.5,0,1,0,0,0,0,0,0,1,0,0,0,0,0,0,1
10669,-0.6111111111111112,0.14942528735632185,-0.82,0.15384615384615385,-0.75,-0.28322440087145967,0.08722017405263637,0.06320527405897775,0.11028720604014473,0.15398669809263243,0.3154784929617928,-0.01723584784811107,0.6199827071600946,0.3154784929617928,0.022534602349784674,0.0,0.0,0.0,0.0,-0.25,0.0,1.0,-0.75,0.0,0.5,0,1,0,0,0,0,0,0,1,0,0,0,0,0,0,1
2918,-0.6111111111111112,0.2471264367816092,0.46,-0.46153846153846156,-0.5,0.9629629629629629,-0.9011452237857456,-0.540688426614952,-0.5329072117810889,-0.4518519294624826,-0.14311139292026412,-0.4674779179008721,-1.007628303794069,-0.20746290290324726,-0.12820907096034687,1.0,0.0,0.0,0.5,-0.5,-0.5,-0.2,-0.25,0.0,-0.5,1,0,0,0,0,0,0,0,1,0,0,0,0,0,0,1
5735,-1.1666666666666667,-0.632183908045977,-0.4,0.23076923076923078,-1.25,-0.6419753086419753,0.8688699889111915,0.684281179450292,1.193937383569593,0.6284095834006761,0.9171797717641137,0.9933851768979687,0.7813408369111856,0.9810447811547524,0.7790068966777998,-1.0,-2.0,1.0,-0.5,-0.25,0.5,1.0,-1.25,1.0,0.5,0,0,1,0,0,0,0,0,1,0,0,0,0,0,0,1
359,1.1111111111111112,0.5057471264367817,-0.32,0.3076923076923077,1.5,-0.050682261208576995,-0.10169772398626686,0.08897980047099527,0.08318483894222488,0.25267798482029524,0.18029903213524281,0.0807193318222853,-0.24318664449800542,0.03718763921497886,-0.12820907096034687,0.0,0.0,0.0,0.5,1.0,0.0,0.2,0.25,0.0,0.0,0,0,0,1,0,0,0,0,0,1,0,0,0,0,0,1
8387,0.7222222222222222,0.5287356321839081,0.38,-0.3076923076923077,0.25,-0.43771043771043766,-0.2672915817769039,-0.19232972833122808,-0.05787181090462724,-0.08634018612097294,0.0,0.047481291330751844,-0.24318664449800542,-0.7755238700769802,-0.4217083823231789,0.0,0.0,0.0,-0.5,0.0,-0.25,0.0,0.0,0.0,-0.5,0,1,0,0,0,0,0,0,1,0,0,0,0,0,0,1
1829,0.5,0.4885057471264368,0.12,0.46153846153846156,1.75,-0.13756613756613756,0.10325918400227209,0.4190722669862109,0.6085701678125783,0.6261011396099886,-0.7755238700769802,-0.04149774582273409,-1.007628303794069,-0.7755238700769802,0.0,0.0,-1.0,2.0,0.5,1.25,0.75,-0.2,0.25,2.0,0.0,1,0,0,0,0,0,0,0,0,1,0,0,0,0,0,1
3839,0.6666666666666666,0.1896551724137931,0.54,-0.23076923076923078,-0.5,1.4444444444444444,-1.8782039599216822,-0.5529478001162654,-0.7282767535132524,-1.0709300510135173,0.1297907130420535,-1.0822775493153898,0.20667320090127414,-0.08870296647731721,0.28423203449009354,1.0,0.0,0.0,1.5,-0.5,0.0,-0.4,-0.25,-2.0,-0.5,0,0,1,0,0,0,1,0,0,0,0,0,1,0,0,0
9392,-0.05555555555555555,-0.8735632183908046,-0.64,-0.8461538461538461,-0.25,0.48148148148148157,-0.9870312568198755,-1.143970975228957,-1.042052496423055,-1.1828754161455015,-0.5308733279587541,-0.6626115125441394,-1.007628303794069,-0.7755238700769802,-1.451179391371804,0.0,-1.0,0.0,-0.5,-0.75,-0.5,-0.6,0.25,0.0,0.5,0,0,1,0,0,0,0,0,1,0,0,0,0,1,0,0
2292,-0.8333333333333334,-0.07183908045977011,0.9,-0.7692307692307693,-0.75,0.1925925925925927,-1.2752413233214854,-1.0224932704349963,-0.9743922623210988,-1.1222164641568182,-0.20746290290324726,-0.7725050540976793,-0.576043627965019,-0.7755238700769802,-0.8199621321402158,0.0,-1.0,0.0,-0.5,-0.75,-0.5,-0.4,-0.25,0.0,-0.5,0,0,1,0,0,0,0,0,1,0,0,0,0,1,0,0
10466,0.2777777777777778,-0.12931034482758622,0.74,-0.6153846153846154,-1.0,0.6878306878306878,-0.2234763784266517,-0.6926408107857763,-0.6342063081335584,-0.6474103906387431,-0.3877619350384901,-0.448840246502505,-0.576043627965019,-0.3877619350384901,-0.471701526830916,1.0,1.0,0.0,0.0,-0.75,-0.5,-0.2,-0.5,0.0,-0.5,0,1,0,0,0,0,0,0,1,0,0,0,0,0,0,1
9855,1.0,-0.13793103448275862,-0.48,0.8461538461538461,0.25,-0.7407407407407407,0.287737172687858,0.34930473700156095,0.3409023701485743,0.5448375643521409,-0.7755238700769802,0.15488624760885494,-1.007628303794069,-0.7755238700769802,-0.10017625718049661,0.0,-1.0,1.0,-0.5,0.5,1.0,1.6,-0.5,2.0,0.5,0,0,1,0,0,0,0,0,1,0,0,0,0,0,0,1
4088,0.4444444444444444,0.6149425287356322,-0.54,-0.38461538461538464,0.5,0.1925925925925927,-0.7486684391112918,-0.3454140728193197,-0.2643746536305641,-0.1575143333498288,-0.5308733279587541,-0.3255419439953788,0.02911296866803439,-0.5308733279587541,-0.9247165705944205,0.0,0.0,0.0,0.0,-0.25,-0.25,-0.2,0.5,2.0,0.5,0,0,0,1,0,0,0,0,1,0,0,0,0,0,0,1
5231,-0.2222222222222222,-0.6724137931034483,-0.68,-0.7692307692307693,-0.75,0.1925925925925927,-0.17258881053983122,-0.7516705326433099,-0.5274958990790617,-0.6097055827056526,-0.3877619350384901,-0.8174977601529947,-1.007628303794069,-0.3877619350384901,-0.3331397665950483,1.0,1.0,0.0,-0.5,-0.75,-0.5,-0.4,-0.25,-1.0,0.5,0,1,0,0,0,0,0,0,1,0,0,0,0,0,0,1
590,0.0,0.5689655172413793,-0.28,0.07692307692307693,-0.25,-0.6018518518518519,0.6503833945783265,0.5616386250614147,1.0497345543085954,0.5126466509395147,0.7085481389060245,0.7985294989557575,1.1058390943689627,0.7085481389060245,0.796507499634074,-1.0,-2.0,1.0,-0.5,0.25,1.0,-0.2,-0.75,1.0,0.0,1,0,0,0,0,1,0,0,0,0,0,0,0,0,0,1
8732,0.05555555555555555,0.6695402298850575,0.64,0.7692307692307693,0.5,-0.038518518518518445,0.41483315378647995,0.48206798953853697,0.6059853724464414,0.6669247244562155,-0.7755238700769802,0.016491618064316718,0.4213803280400368,0.18029903213524281,0.31159714487129303,0.0,-1.0,3.0,1.0,0.75,0.5,1.0,-0.5,1.0,-0.5,0,0,0,0,1,0,0,0,1,0,0,0,0,0,0,1
2315,0.5555555555555556,-0.8218390804597702,0.12,-0.6923076923076923,-1.0,0.0,0.19622059598068567,-0.5211182218375319,-0.2441010242027937,-0.9205531871755583,-0.7755238700769802,-0.6626115125441394,0.12784066103007083,0.42494957425346885,0.10475443845420482,0.0,-1.0,0.0,-0.5,-0.75,0.0,-0.6,-0.5,0.0,0.0,1,0,0,0,0,1,0,0,0,0,0,0,0,0,1,0
3515,1.0,-0.6436781609195402,0.9,-0.46153846153846156,0.0,-0.32098765432098764,0.295296140876066,-0.3337477877623866,-0.1765555929328107,-0.22871648471376105,0.15594757564090878,-0.2537066518592377,-0.06562641226476575,-0.08870296647731721,-0.471701526830916,0.0,-1.0,0.0,-0.5,0.0,-0.5,-0.2,-0.25,0.0,-0.5,0,0,1,0,0,0,0,0,0,1,0,0,0,0,0,1
2245,0.05555555555555555,0.22126436781609196,0.02,-0.38461538461538464,-0.25,0.7703703703703704,-0.24962169675936408,-0.3854304355109316,-0.33364393596929653,-0.36741835673461465,-0.3877619350384901,-0.10247590093783825,-0.37536818175688036,-0.3877619350384901,-0.02345463250614205,1.0,1.0,0.0,0.5,-0.5,-0.25,-0.2,0.0,1.0,0.0,0,1,0,0,0,0,0,0,1,0,0,0,0,0,0,1
6283,0.1111111111111111,0.22413793103448276,0.3,0.5384615384615384,1.5,-0.7003367003367003,0.3325169101058309,0.30633776385622347,0.3745254285636908,0.4293243030799417,0.20307829839592387,0.1511227049614788,0.18839803133104463,-0.041572243722302185,0.9560232320347458,0.0,-1.0,0.0,-0.5,1.25,0.25,0.8,0.0,1.0,-0.5,1,0,0,0,0,0,0,0,0,1,0,0,0,0,0,1
2246,0.2777777777777778,-0.15804597701149425,0.84,-0.5384615384615384,-0.75,-0.2407407407407407,-0.1396998178873709,-0.2843691385313892,-0.013460586967747386,-0.4593287188676936,0.1297907130420535,-0.39783172338174416,0.3285161072382096,0.20307829839592387,0.5218478665694974,0.0,0.0,0.0,-0.5,-0.5,-0.25,-0.2,-0.5,-1.0,-0.5,0,1,0,0,0,0,0,0,1,0,0,0,1,0,0,0
6606,0.05555555555555555,0.28448275862068967,-0.76,0.3076923076923077,1.0,-0.35477582846003897,0.47544926461131004,0.3971408886902386,0.6357736736365714,0.5680380639366369,0.4793580006964157,0.27035647928127343,0.08157014887009044,-0.7755238700769802,-0.4217083823231789,0.0,0.0,1.0,0.0,0.25,0.0,1.0,0.5,1.0,0.5,0,1,0,0,0,0,0,0,1,0,0,0,0,0,0,1
5545,-0.1111111111111111,-0.7787356321839081,0.46,-0.07692307692307693,-1.25,-0.5502645502645502,0.6405362382267197,0.3375293160960928,0.7321166315386085,0.3946190928649872,0.0,0.5123237304766795,0.3890734775391832,0.48930108423645197,0.6754358957375127,-1.0,-1.0,0.0,-0.5,-0.25,0.75,0.0,-1.25,2.0,-0.5,0,1,0,0,0,1,0,0,0,0,0,0,0,0,0,1
7342,0.5,0.867816091954023,-0.86,0.9230769230769231,0.5,-0.32098765432098764,0.21660202838237894,0.3676744252166099,0.34883918824168325,0.22291933358387517,0.9761425339626003,0.19737404968019573,1.1768593483692684,0.997685525320599,0.56640962563556,0.0,-1.0,0.0,0.5,0.5,1.0,1.4,-0.25,-1.0,0.5,0,0,0,0,1,0,0,0,1,0,0,0,0,0,0,1
837,-0.3888888888888889,-0.1867816091954023,-0.98,-0.23076923076923078,-0.75,0.9629629629629629,0.09907670569474354,-0.30291405541530486,-0.3068332378178767,-0.3346670367286659,-0.08870296647731721,-0.060762154832983736,0.02911296866803439,0.15594757564090878,-0.047907629659445665,1.0,1.0,0.0,1.0,-0.5,-0.25,0.0,-0.5,0.0,0.5,0,1,0,0,0,0,0,0,1,0,0,0,0,0,0,1
9500,0.6111111111111112,0.47126436781609193,0.34,0.5384615384615384,1.75,-0.1750841750841751,0.18865516563072696,0.23964850670479207,0.2550752361721205,0.07914721521159634,0.8671199357349058,0.35001984225212257,0.813103203192443,0.7666995073589845,0.7031308331713269,0.0,0.0,0.0,0.5,1.25,0.0,0.6,0.25,0.0,-0.5,0,1,0,0,0,0,0,0,0,1,0,0,0,0,0,1
3602,0.6666666666666666,-0.5057471264367817,-0.14,-0.3076923076923077,-0.5,0.08754208754208763,0.0011613209727056107,-0.2610061767539925,-0.17838461679874185,-0.07187255341884476,-0.2862227858405282,-0.31259167029201684,-0.37536818175688036,-0.14311139292026412,-0.2934993113628321,0.0,0.0,0.0,0.0,-0.25,0.0,-0.2,-0.5,1.0,0.0,0,1,0,0,0,0,0,0,1,0,0,0,0,0,0,1
234,-0.5,0.7787356321839081,0.22,-0.6923076923076923,-0.25,0.9629629629629629,-1.854903791550729,-0.9312067425426861,-0.9327620851471012,-1.4877282074983278,-0.3877619350384901,-0.7725050540976793,-0.37536818175688036,-0.2862227858405282,-0.3331397665950483,0.0,-1.0,2.0,0.0,-0.75,-0.25,-0.6,0.25,0.0,0.0,1,0,0,0,0,0,0,0,1,0,0,0,1,0,0,0
2995,0.7222222222222222,-0.11494252873563218,0.3,0.15384615384615385,-1.25,-0.6230936819172113,0.39809118017068423,0.3717870596265206,0.6642490507703642,0.17033329719980456,0.07082795084356677,0.8851561106957909,0.7376463687461494,0.07082795084356677,-1.849433141188841,-1.0,-1.0,0.0,-0.5,-0.25,0.5,0.8,-1.25,1.0,-0.5,0,0,0,1,0,0,0,0,1,0,0,0,0,1,0,0
1118,0.7777777777777778,0.39655172413793105,0.76,0.5384615384615384,2.25,-0.1750841750841751,-0.012202333300196152,0.2022537501821358,0.18834307348336685,0.37795069215692983,0.15594757564090878,0.08970789921157245,-0.1444589521359689,-0.08870296647731721,0.10475443845420482,0.0,0.0,1.0,0.5,1.5,0.5,0.0,0.5,1.0,-0.5,0,1,0,0,0,0,0,0,0,1,0,0,0,0,0,1
7789,0.2777777777777778,-0.3936781609195402,0.94,0.8461538461538461,-0.25,-0.7407407407407407,0.7636943002772868,0.5319205875238677,0.6699190160870913,0.4540176206023161,0.853411178716044,0.9426148804695267,0.20667320090127414,0.7085481389060245,-1.849433141188841,-1.0,-1.0,1.0,-0.5,0.5,1.75,1.0,-1.0,2.0,-0.5,0,1,0,0,0,0,0,0,1,0,0,0,0,1,0,0
3068,-1.1111111111111112,-0.32471264367816094,-0.96,-0.6923076923076923,0.0,0.0,-1.575350953626564,-0.8134455571304952,-0.7419967383448911,-1.4877282074983278,0.1297907130420535,-0.7322577070632672,-1.007628303794069,0.18029903213524281,-0.6546718917377307,-1.0,-1.0,0.0,-0.5,-0.5,-0.5,-0.4,0.25,0.0,0.5,0,1,0,0,0,0,0,0,1,0,0,0,0,0,1,0
8955,0.7222222222222222,-0.6408045977011494,0.1,-0.7692307692307693,-0.75,0.1925925925925927,-0.36578259096729576,-0.7661739823514333,-0.5521937536064171,-0.5260924866613763,-0.7755238700769802,-0.9970374962256624,-1.007628303794069,-0.7755238700769802,-0.471701526830916,1.0,1.0,1.0,-0.5,-0.75,-0.25,-0.6,-0.25,2.0,0.0,0,0,0,1,0,0,0,0,1,0,0,0,0,0,0,1
945,0.2777777777777778,0.13505747126436782,0.08,-0.46153846153846156,0.25,0.32098765432098764,-0.5307602251004844,-0.4016282321274053,-0.2947704668374784,-0.22871648471376105,-0.2862227858405282,-0.36725569010023346,-0.4630290774619893,-0.3877619350384901,-0.3331397665950483,0.0,0.0,0.0,0.0,-0.25,-0.5,-0.2,0.25,0.0,0.0,0,0,0,1,0,0,0,0,1,0,0,0,0,0,0,1
5644,0.7222222222222222,-0.27586206896551724,0.94,0.0,0.75,-0.19259259259259257,-0.3005340816284497,-0.032091317623618845,0.023219908022555566,0.19023509758391696,-0.2862227858405282,-0.38223786481114475,-0.37536818175688036,-0.2862227858405282,-0.10017625718049661,0.0,0.0,1.0,0.0,0.25,-0.25,0.4,0.25,0.0,-0.5,0,0,0,1,0,0,0,0,1,0,0,0,0,0,0,1
7192,0.8333333333333334,0.2413793103448276,0.18,0.23076923076923078,-1.5,-0.32098765432098764,0.37756050409372754,0.1178458541168086,0.16995237565857071,-0.0038242159730642344,0.7436222620819857,0.12368552655321065,0.7854544378651803,0.7666995073589845,0.19332305418233545,0.0,0.0,0.0,0.0,-0.5,0.5,1.0,-1.25,0.0,0.0,0,0,0,1,0,0,0,0,1,0,0,0,0,0,0,1
2324,-0.1111111111111111,-0.31896551724137934,-0.74,1.2307692307692308,0.5,-0.5902031063321386,0.6201929900827622,0.36525409496749933,0.25316270702511356,0.4240515599710099,0.5175526480805436,0.48649305621607164,0.5369709225380106,0.4793580006964157,0.6463380979458401,0.0,0.0,1.0,0.0,0.75,2.25,1.2,-0.5,0.0,0.5,0,0,0,1,0,1,0,0,0,0,0,0,0,0,0,1
697,0.05555555555555555,0.3390804597701149,0.58,0.46153846153846156,-0.25,-0.6878306878306878,0.5773700272380207,0.6067089859586909,0.9488353938355296,0.5707848545774429,0.6696001163716948,0.9925502115627978,0.2722996131660399,0.28183818133320476,0.5030081882712415,-1.0,-1.0,1.0,-0.5,0.25,1.75,0.2,-0.75,0.0,-0.5,0,0,0,1,0,1,0,0,0,0,0,0,0,0,0,1
3439,-0.1111111111111111,0.7183908045977011,0.3,0.0,0.25,0.9629629629629629,0.15155222914681388,-0.10731475382565012,-0.10927652462702361,-0.03399924554465846,-0.08870296647731721,-0.20269812873847687,-0.24318664449800542,0.15594757564090878,0.6388274196251017,1.0,1.0,0.0,1.5,0.0,-0.25,0.0,0.0,0.0,-0.5,0,1,0,0,0,0,0,0,1,0,0,0,0,0,0,1
1506,-0.2777777777777778,0.028735632183908046,-0.46,-0.3076923076923077,-0.25,1.1380471380471382,-0.30245667735601767,-0.3827984630776032,-0.38931560225926465,-0.4235196603747745,0.03718763921497886,-0.1493095574899771,-0.4630290774619893,0.20307829839592387,-0.10017625718049661,1.0,0.0,1.0,1.0,-0.5,-0.25,-0.2,0.0,0.0,0.5,0,0,1,0,0,0,0,0,1,0,0,0,0,0,0,1
232,0.2777777777777778,-0.02586206896551724,-0.82,0.15384615384615385,-0.5,-0.6230936819172113,0.2768130932123715,0.10754461514962649,0.18919009826899513,0.1563716769550384,0.7883600527976249,0.1028062048829766,0.3659582635642842,0.18029903213524281,0.19332305418233545,0.0,-1.0,0.0,-0.5,0.0,0.0,1.0,-0.75,0.0,0.5,0,0,1,0,0,0,0,0,1,0,0,0,0,0,0,1
8876,0.3888888888888889,0.9597701149425287,0.0,-0.15384615384615385,0.75,1.2592592592592595,-0.6484378010833263,-0.3525946977752159,-0.4425504630547031,-0.09130599661433335,-0.7755238700769802,-0.5295595783247905,-1.007628303794069,-0.7755238700769802,-0.9247165705944205,1.0,1.0,0.0,1.5,-0.25,-0.25,-0.2,0.75,2.0,0.0,0,0,0,1,0,0,1,0,0,0,0,0,0,0,0,1
4500,-1.1666666666666667,-0.25862068965517243,0.14,0.6923076923076923,-0.75,-0.7222222222222222,0.4443721626273656,0.5151912667079268,0.6931798141883886,0.5521500153363361,-0.7755238700769802,0.7666780171145301,0.8014911666123883,0.436522943019284,0.3503461201575912,-1.0,-1.0,0.0,-0.5,0.0,1.75,1.0,-1.0,2.0,0.0,0,0,0,1,0,0,0,0,1,0,0,0,0,0,0,1
9739,0.3888888888888889,0.4885057471264368,0.12,-0.5384615384615384,0.0,0.48148148148148157,-0.614772311079982,-0.4581720465193257,-0.3178760201642757,-0.3399065643304983,-0.7755238700769802,-0.41408934665237235,-0.4630290774619893,-0.5308733279587541,0.04421863650592419,0.0,-1.0,0.0,0.0,-0.5,0.0,-0.6,0.25,0.0,0.0,0,0,1,0,0,0,0,0,0,1,0,0,0,0,0,1
10395,-0.8888888888888888,0.9195402298850575,-0.48,-0.38461538461538464,0.5,0.7703703703703704,-2.675824893177636,-0.5025318695156433,-0.5335866677166263,-1.4877282074983278,0.5758185568959769,-1.0822775493153898,-0.37536818175688036,-0.08870296647731721,0.31159714487129303,0.0,-1.0,0.0,0.5,-0.25,-0.25,-0.4,0.5,-2.0,0.5,0,0,1,0,0,0,0,0,0,1,0,1,0,0,0,0
1176,-0.16666666666666666,-0.21839080459770116,0.02,-0.8461538461538461,0.0,0.48148148148148157,-1.0288151048138465,-1.0079898207268727,-0.8228518726499564,-1.3528286983107507,-0.08870296647731721,-0.9970374962256624,-0.4630290774619893,-0.5308733279587541,-0.5264628207773835,0.0,0.0,0.0,-0.5,-0.75,-0.5,-0.6,0.5,0.0,0.0,0,1,0,0,0,0,0,0,1,0,0,0,1,0,0,0
1627,0.7222222222222222,0.46839080459770116,0.7,0.5384615384615384,0.0,-0.7003367003367003,0.6252101714957182,0.2544516549934388,0.2815432003328695,0.2824413931379592,0.6811734851375101,0.18372986754124002,0.5212550147980581,0.9229660673179124,0.29807749263654026,-1.0,-2.0,1.0,-0.5,0.25,1.25,0.8,-0.5,-1.0,-0.5,1,0,0,0,0,0,0,0,1,0,0,0,0,0,0,1
938,-0.6111111111111112,-0.06321839080459771,-0.38,-0.6153846153846154,0.25,0.6878306878306878,-0.37488924003616375,-0.5571262690469321,-0.40425611058593375,-0.40374930259193015,-0.5308733279587541,-0.8174977601529947,-0.576043627965019,-0.5308733279587541,0.022534602349784674,1.0,1.0,1.0,0.0,-0.5,-0.25,-0.6,0.5,0.0,0.5,0,1,0,0,0,0,0,0,0,1,0,0,0,0,0,1
2740,0.6666666666666666,-0.21839080459770116,0.64,-0.3076923076923077,-0.5,1.1380471380471382,-0.6571542289854923,-0.5447298937907445,-0.6624284916964146,-0.3399065643304983,-0.5308733279587541,-0.5295595783247905,-0.4630290774619893,-0.3877619350384901,-0.731393516412085,1.0,0.0,0.0,1.0,-0.5,-0.25,-0.2,-0.25,2.0,-0.5,0,0,0,0,1,0,0,0,1,0,0,0,0,0,0,1
257,0.6111111111111112,0.20402298850574713,0.5,0.38461538461538464,-0.25,-0.38518518518518513,0.5796969314429741,0.413938301617316,0.6318777453751563,0.563874883943368,0.1297907130420535,0.37397048509216785,0.5131548246991405,0.1297907130420535,-0.3757191474672522,0.0,0.0,0.0,0.0,0.25,0.5,0.8,-0.75,2.0,-0.5,0,1,0,0,0,0,0,0,1,0,0,0,0,0,0,1
4058,0.8333333333333334,-0.27586206896551724,0.54,0.5384615384615384,2.0,-0.7003367003367003,0.2699613391393122,0.26460883842089394,0.29972014346746895,0.42031028056944775,0.20307829839592387,0.17316707966436307,0.18839803133104463,-0.041572243722302185,0.3503461201575912,-1.0,-2.0,1.0,-0.5,1.75,0.0,0.6,0.0,2.0,-0.5,0,0,1,0,0,0,0,0,0,1,0,0,0,0,0,1
7736,-0.8888888888888888,0.7442528735632183,-0.26,-0.6153846153846154,-0.5,0.6878306878306878,-1.2622058012753348,-0.6866278235723599,-0.6241451440996029,-0.8916042300028858,-0.041572243722302185,-0.6320354792626287,-0.576043627965019,-0.3877619350384901,0.06511398322198858,0.0,0.0,2.0,0.0,-0.5,-0.25,-0.6,-0.25,0.0,0.0,0,1,0,0,0,0,0,0,0,1,0,0,1,0,0,0
8210,-0.2777777777777778,-0.10919540229885058,0.3,0.23076923076923078,-0.25,0.6419753086419755,0.09686932979140252,0.008289550337331086,-0.024211990689124607,0.19975666358815478,-0.2862227858405282,-0.5077252649352844,-0.37536818175688036,-0.041572243722302185,0.4735371792226165,0.0,0.0,0.0,1.5,0.0,-0.25,0.6,-0.5,1.0,-0.5,0,1,0,0,0,0,0,0,1,0,0,0,0,0,0,1
833,0.8333333333333334,-0.7614942528735632,0.26,-0.46153846153846156,0.25,0.9629629629629629,-0.44334066956794205,-0.6262317586662209,-0.6760112674860832,-0.3732046439115666,-0.7755238700769802,-0.577371459454412,-1.007628303794069,-0.7755238700769802,-1.2182158819572526,1.0,1.0,0.0,0.5,-0.25,-0.5,-0.4,0.25,1.0,-0.5,0,1,0,0,0,0,0,0,0,1,0,0,0,0,0,1
6230,-0.05555555555555555,0.4109195402298851,0.08,-0.07692307692307693,1.0,1.1005291005291007,-0.2225114554059289,-0.27250318253774625,-0.3521244273669841,-0.1514650189423361,-0.14311139292026412,-0.04781188112962177,-0.19072946429594947,-0.5308733279587541,-0.6546718917377307,1.0,0.0,0.0,1.5,0.25,-0.5,-0.2,0.5,0.0,0.0,1,0,0,0,0,0,0,0,0,1,0,0,0,0,0,1
7325,-0.8888888888888888,0.02586206896551724,0.74,-0.7692307692307693,-0.75,0.1925925925925927,-0.45352306103083545,-0.8395592672661281,-0.6760112674860832,-0.6609919958489534,-0.7755238700769802,-0.6626115125441394,-0.576043627965019,-0.5308733279587541,-1.0529256415547674,0.0,0.0,0.0,-0.5,-0.75,-0.5,-0.4,-0.25,2.0,-0.5,0,0,0,1,0,0,0,0,1,0,0,0,0,0,0,1
1307,-0.4444444444444444,-0.6206896551724138,-0.68,-0.38461538461538464,-0.5,0.7703703703703704,-0.30878563079972354,-0.6748874544591233,-0.8181843893223131,-0.6097055827056526,-0.14311139292026412,-0.7725050540976793,-0.1444589521359689,-0.2862227858405282,-0.3757191474672522,0.0,-1.0,0.0,0.5,-0.25,-0.5,-0.2,-0.5,0.0,0.5,1,0,0,0,0,0,0,0,1,0,0,0,0,0,0,1
1502,-0.7222222222222222,0.3132183908045977,0.36,-0.6153846153846154,0.25,0.6878306878306878,-0.905606862464416,-0.7446266898475834,-0.7205594414786656,-0.7387163872530763,-0.2862227858405282,-0.4674779179008721,-0.4630290774619893,-0.2862227858405282,-0.731393516412085,0.0,0.0,0.0,0.0,-0.5,-0.5,-0.4,0.5,0.0,-0.5,0,0,0,1,0,0,0,0,1,0,0,0,0,1,0,0
6211,-0.3333333333333333,-0.8563218390804598,-0.04,-0.7692307692307693,-0.5,0.1925925925925927,-0.4859965662366971,-0.8486903624470598,-0.691272946852515,-0.7387163872530763,-0.7755238700769802,-0.7322577070632672,-1.007628303794069,-0.5308733279587541,-0.4217083823231789,0.0,0.0,0.0,-0.5,-0.75,-0.5,-0.4,0.0,2.0,0.0,0,0,0,1,0,0,0,0,1,0,0,0,0,0,0,1
843,-0.05555555555555555,-0.9252873563218391,-0.04,0.7692307692307693,1.25,-0.038518518518518445,0.3534911284236626,0.2618662505777047,0.21045622498839042,0.1837325493626535,-0.7755238700769802,0.5419945583849547,0.6073091790136942,0.9882728042002115,-0.25641814192069373,0.0,0.0,0.0,1.0,1.0,0.0,1.2,0.0,0.0,0.0,0,1,0,0,0,0,0,0,1,0,0,0,0,0,0,1
4174,0.7777777777777778,-0.8132183908045977,0.64,-0.5384615384615384,-1.0,-0.2407407407407407,0.11131303943738496,-0.41000120641586546,-0.23418674373184625,-0.19290742622084192,-0.5308733279587541,-0.4674779179008721,-0.576043627965019,-0.7755238700769802,-0.4217083823231789,0.0,0.0,0.0,-0.5,-0.5,-0.25,-0.2,-0.75,1.0,-0.5,0,0,0,1,0,0,0,0,1,0,0,0,0,0,0,1
9757,-0.1111111111111111,-0.25287356321839083,0.98,0.6923076923076923,-0.5,-0.7222222222222222,0.7688940497875985,0.5227452828186081,0.7068579286694531,0.5792252647818541,0.20307829839592387,0.690944100308332,0.8014911666123883,0.436522943019284,0.6463380979458401,-1.0,-1.0,3.0,-0.5,0.25,1.0,1.4,-1.0,0.0,-0.5,0,0,0,1,0,0,0,0,1,0,0,0,0,0,0,1
6918,-1.0555555555555556,0.011494252873563218,0.14,-0.7692307692307693,0.0,0.1925925925925927,-0.8914605042037902,-0.8980690116780572,-0.7731933616127528,-1.1222164641568182,-0.20746290290324726,-0.6037264941113603,-0.1444589521359689,-0.7755238700769802,-0.9247165705944205,0.0,0.0,0.0,-0.5,-0.75,-0.5,-0.4,0.5,0.0,0.0,0,1,0,0,0,0,0,0,1,0,0,0,0,1,0,0
286,1.0,-0.41379310344827586,-0.02,-0.23076923076923078,-0.25,0.9629629629629629,-0.22969402454777613,-0.3525946977752159,-0.39232054588288895,-0.19976752754108867,0.10153914919796193,-0.24294547577288908,-1.007628303794069,-0.20746290290324726,-0.6546718917377307,1.0,0.0,0.0,1.0,-0.5,-0.25,0.0,0.0,0.0,0.0,0,0,1,0,0,0,0,0,1,0,0,0,0,0,0,1
11086,-0.7777777777777778,-0.5574712643678161,-0.62,-0.7692307692307693,-0.25,0.1925925925925927,-1.0595195506322492,-1.0697648452140578,-1.0485512651635616,-1.4877282074983278,-0.08870296647731721,-1.1921710908689298,-0.4630290774619893,-0.08870296647731721,-1.0529256415547674,0.0,-1.0,0.0,-0.5,-0.75,-0.5,-0.4,0.25,-2.0,0.5,0,0,1,0,0,0,0,0,1,0,0,1,0,0,0,0
1921,0.16666666666666666,-0.25,0.5,-0.6153846153846154,-0.75,0.6878306878306878,0.21344417463114823,-0.6313323990618314,-0.5309696465554476,-0.4373842967603544,-0.5308733279587541,-0.6320354792626287,-0.4630290774619893,-0.7755238700769802,-0.5264628207773835,2.0,2.0,0.0,0.0,-0.5,-0.5,-0.4,-0.5,2.0,-0.5,0,1,0,0,0,0,0,0,1,0,0,0,0,0,0,1
4138,0.4444444444444444,-0.9195402298850575,0.38,0.6153846153846154,-0.75,-0.7117552334943639,0.6118275823683607,0.30265822538011,0.3384703879959689,0.28487285190077355,0.8737796828181837,0.2970804144871734,0.566633709772423,0.9022848982174715,0.56640962563556,0.0,-1.0,1.0,-0.5,0.25,2.0,0.4,-1.25,0.0,-0.5,0,0,1,0,0,1,0,0,0,0,0,0,0,0,0,1
7718,1.2777777777777777,-0.8218390804597702,-0.26,-0.38461538461538464,-1.75,-0.38518518518518513,0.38341482168103136,0.21601006413442314,0.7371136308332529,0.11194536513198428,0.6190917972785056,0.5281525915085524,0.8092705357040504,-0.7755238700769802,0.3503461201575912,-1.0,-1.0,0.0,-0.5,-0.75,0.25,0.0,-1.25,1.0,0.0,0,0,0,1,0,0,0,0,1,0,0,0,0,1,0,0
1291,-0.4444444444444444,0.9712643678160919,0.82,0.07692307692307693,1.25,0.48148148148148157,-0.9461921354533308,-0.044487692879806716,-0.04066513824445401,-0.04469801712732006,0.03718763921497886,0.22328204333966115,0.0,0.1297907130420535,0.3503461201575912,0.0,0.0,0.0,1.0,0.5,0.0,-0.2,0.5,2.0,-0.5,0,0,0,1,0,0,0,0,0,1,0,0,0,0,0,1
6862,-0.05555555555555555,-0.9022988505747126,0.32,0.0,2.75,4.814814814814815,-5.1886095907523355,-1.4002902633125198,-1.8778978310705505,-1.4877282074983278,-0.5308733279587541,-1.0822775493153898,-0.7353286906280291,-0.5308733279587541,-1.451179391371804,-1.0,-2.0,0.0,6.5,-1.0,-0.5,-1.0,3.5,0.0,-0.5,1,0,0,0,0,0,1,0,0,0,0,0,0,1,0,0
4136,-1.2222222222222223,0.6235632183908046,0.28,-0.3076923076923077,0.75,1.1380471380471382,-2.944574468496162,-0.4424339026230696,-0.4910101126616603,-0.9205531871755583,0.2446505421182259,-0.48707177625345005,-0.1444589521359689,0.38776193503849,0.28423203449009354,0.0,-1.0,0.0,1.0,-0.25,0.0,-0.6,0.75,-2.0,-0.5,0,0,1,0,0,0,1,0,0,0,0,0,1,0,0,0
803,0.1111111111111111,0.27011494252873564,0.66,-0.8461538461538461,-1.0,0.48148148148148157,-0.36313666074531264,-1.0697648452140578,-0.9236462952454159,-0.864973770899795,-0.7755238700769802,-0.9273913017065346,-1.007628303794069,-0.7755238700769802,-0.9247165705944205,1.0,1.0,0.0,-0.5,-1.0,-0.25,-0.6,-0.25,0.0,-0.5,0,0,0,1,0,0,0,0,1,0,0,0,0,0,0,1
4298,-0.16666666666666666,-0.7442528735632183,0.28,-0.8461538461538461,0.0,0.48148148148148157,-1.4113445697574083,-1.3260841332976208,-1.3174103999738638,-1.1222164641568182,-0.7755238700769802,-0.9970374962256624,-1.007628303794069,-0.7755238700769802,-1.451179391371804,0.0,0.0,0.0,-0.5,-0.75,-0.5,-0.6,0.5,2.0,-0.5,0,0,0,1,0,0,0,0,1,0,0,0,0,0,0,1
10833,-0.2777777777777778,-0.9195402298850575,0.12,0.9230769230769231,1.25,-0.32098765432098764,0.36254393550905467,0.33187779653212995,0.2847301649051895,0.5018866568386978,0.28183818133320476,0.25912047841190844,0.0,-0.7755238700769802,-0.12820907096034687,0.0,0.0,1.0,0.5,1.0,0.25,1.6,0.0,0.0,0.0,0,1,0,0,0,0,0,0,1,0,0,0,0,0,0,1
9606,0.2777777777777778,-0.14367816091954022,0.3,-0.15384615384615385,-0.5,-0.5185185185185185,0.4727832320520256,0.5005675403469941,1.078275397429711,0.5384930612125247,0.42494957425346885,0.7734127035961545,0.43158467582904997,0.42494957425346885,0.33771794786875625,-1.0,-1.0,3.0,-0.5,0.0,0.0,0.2,-0.75,2.0,-0.5,0,1,0,0,0,0,0,0,1,0,0,0,0,0,0,1
8534,1.0,-0.022988505747126436,0.04,1.0,0.25,-0.13756613756613756,0.41628627907073995,0.3390219137463608,0.2734805944053203,0.4186939059249816,0.4129838139810195,0.5123237304766795,0.0,0.5981179371223457,0.12359411675246054,1.0,1.0,1.0,1.0,0.5,0.75,1.6,-0.5,0.0,0.0,0,1,0,0,0,0,0,0,1,0,0,0,0,0,0,1
5153,0.16666666666666666,0.39080459770114945,0.96,1.4615384615384615,2.0,-0.6230936819172113,0.6344675115147703,0.49887954657109906,0.4314758869199567,0.581550707984494,0.6696001163716948,0.5210388572753701,0.859797268279222,0.6696001163716948,0.06511398322198858,0.0,0.0,2.0,0.0,1.75,2.0,1.2,0.0,2.0,-0.5,0,1,0,0,0,0,0,0,0,1,0,0,0,0,0,1
961,-0.1111111111111111,-0.1896551724137931,0.86,0.15384615384615385,0.5,-0.28322440087145967,0.5732382074147507,0.2862764075775531,0.5097724392382738,-0.08881382670984177,0.40059811775913484,0.6973336768100442,0.02911296866803439,1.0874190213587978,0.6077626267254462,0.0,0.0,0.0,0.0,0.75,0.25,0.0,-0.5,0.0,-0.5,0,1,0,0,0,0,0,0,0,1,0,0,0,1,0,0
5011,0.3888888888888889,-0.29310344827586204,0.04,0.6153846153846154,1.25,-0.4605475040257649,0.4317534529098235,0.314385754320224,0.35950182672850384,0.4077126078931225,0.346189691316188,0.2294935052179633,-0.06562641226476575,0.346189691316188,1.0483106873468813,0.0,-1.0,0.0,0.0,1.0,1.75,-0.2,0.0,0.0,0.0,1,0,0,0,0,1,0,0,0,0,0,0,0,0,0,1
6653,0.0,0.985632183908046,0.46,0.23076923076923078,1.25,0.32098765432098764,0.10879035547484117,0.019944520759036324,-0.0036551011317336223,0.17260431712066743,-0.7755238700769802,0.09848981445151267,-0.37536818175688036,0.10153914919796193,-0.02345463250614205,1.0,1.0,1.0,1.0,0.75,0.0,0.0,0.25,2.0,-0.5,0,1,0,0,0,0,0,0,0,1,0,0,0,0,0,1
9094,0.8333333333333334,0.9741379310344828,-0.2,0.07692307692307693,1.0,-0.2407407407407407,0.3115428851584339,0.14525028306999782,0.2965536188648681,0.19450058070920181,0.20307829839592387,-0.13305193421934894,0.18839803133104463,-0.7755238700769802,1.1742913442279217,0.0,0.0,1.0,0.0,0.75,0.5,-0.4,0.0,-1.0,0.0,0,1,0,0,0,0,0,0,0,1,0,0,0,0,0,1
810,-0.2777777777777778,-0.8850574712643678,0.0,0.3076923076923077,-0.75,-0.35477582846003897,0.5624264734239152,0.17774058354023656,0.2411868963048918,-0.04687968479127894,0.7798546743976487,0.09412409277587154,1.007628303794069,0.8204690990142031,0.5489974231271681,0.0,0.0,0.0,0.0,0.0,0.0,1.2,-1.0,0.0,0.0,0,1,0,0,0,0,0,0,1,0,1,0,0,0,0,0
5493,-0.3333333333333333,-0.7298850574712644,-0.56,-0.8461538461538461,-0.5,0.48148148148148157,-0.40777930737054474,-1.0375888588858215,-0.8713808092182469,-0.7958915050365306,-0.7755238700769802,-1.1921710908689298,-1.007628303794069,-0.7755238700769802,-0.731393516412085,1.0,1.0,1.0,-0.5,-0.75,-0.5,-0.6,0.0,0.0,0.5,0,1,0,0,0,0,0,0,1,0,0,0,0,0,0,1
2147,0.05555555555555555,-0.11206896551724138,0.84,0.6153846153846154,-0.75,-0.7117552334943639,0.612406665849781,0.6463918534533695,0.9598537650639398,0.47836119361292767,0.6923793826323759,1.006099062325626,1.1112329361045028,1.0764454082578798,0.9338367416070775,-1.0,-1.0,2.0,-0.5,0.0,1.25,1.2,-1.0,0.0,-0.5,0,0,0,1,0,0,0,0,1,0,0,0,0,1,0,0
5107,-0.16666666666666666,-0.9051724137931034,-0.24,-0.6923076923076923,-0.75,0.9629629629629629,-0.5501394755140067,-0.7661739823514333,-0.6635500710610391,-0.7958915050365306,-0.7755238700769802,-0.7725050540976793,-0.37536818175688036,-0.3877619350384901,-0.10017625718049661,1.0,0.0,1.0,0.0,-0.75,-0.25,-0.6,-0.25,2.0,0.0,1,0,0,0,0,0,0,0,1,0,0,0,1,0,0,0
3979,-0.7222222222222222,0.13505747126436782,0.98,0.15384615384615385,-0.25,-0.6230936819172113,0.8696970916258844,0.5548457323136123,0.9965698615657687,0.5741867566765431,0.2446505421182259,0.8756267239327267,0.24085521153310066,0.4793580006964157,0.42078835216682153,-1.0,-2.0,2.0,-0.5,0.5,0.0,0.6,-1.0,2.0,-0.5,1,0,0,0,0,0,0,0,1,0,0,0,0,0,0,1
6049,-0.6666666666666666,-0.43103448275862066,0.72,0.9230769230769231,0.25,-0.7489711934156378,0.5470855582404474,0.56000328545513,0.6955018986189897,0.6243592344446632,0.6190917972785056,0.6918634665493473,0.7644416592960634,0.7240085428146419,0.2405736698080648,-1.0,-1.0,2.0,-0.5,0.75,1.5,1.2,-0.75,1.0,-0.5,0,0,0,1,0,0,0,0,1,0,0,0,0,0,0,1
8147,0.5555555555555556,0.005747126436781609,-0.18,-0.5384615384615384,0.25,1.2037037037037037,-0.7507590727021068,-0.7736447529211181,-0.8466829546908915,-0.5980305908885469,-0.7755238700769802,-0.6626115125441394,-1.007628303794069,-0.7755238700769802,-0.5264628207773835,1.0,1.0,0.0,0.5,-0.5,-0.5,-0.4,0.5,0.0,0.0,0,1,0,0,0,0,0,0,1,0,0,0,0,0,0,1
1857,1.0,-0.6925287356321839,-0.94,-0.6153846153846154,0.0,0.6878306878306878,-0.13162741467746736,-0.5743289319496934,-0.43378755242877776,-0.4373842967603544,-0.7755238700769802,-0.6320354792626287,-1.007628303794069,-0.3877619350384901,-0.02345463250614205,1.0,0.0,1.0,0.0,-0.5,-0.25,-0.6,0.25,0.0,0.5,0,0,1,0,0,0,0,0,0,1,0,0,0,0,0,1
3910,-0.2777777777777778,-0.26436781609195403,0.58,0.15384615384615385,-1.0,-0.9629629629629629,0.7493579839803345,0.5716988365138832,1.0272508016274087,0.5440974013625928,1.0201744121952059,0.7053948631708433,1.047388138238264,1.0201744121952059,0.06511398322198858,-1.0,-2.0,4.0,-1.0,0.0,1.25,0.2,-1.25,0.0,-0.5,1,0,0,0,0,1,0,0,0,0,0,0,0,0,0,1
5207,0.3888888888888889,0.8247126436781609,-0.16,1.0769230769230769,2.0,1.0293742017879952,0.058590443098638124,0.25631928808356286,0.10308435484205755,0.34255759928591645,-0.08870296647731721,0.3097724952177102,-0.1444589521359689,-0.08870296647731721,0.9603595447677841,1.0,1.0,1.0,4.0,1.25,0.5,0.2,0.5,2.0,0.0,0,1,0,0,0,0,1,0,0,0,0,0,0,0,0,1
11114,0.0,0.43103448275862066,0.9,-0.46153846153846156,0.0,0.9629629629629629,-1.4702224121505238,-0.5699526611604441,-0.5821911413686852,-0.6343615367458626,-0.20746290290324726,-0.7322577070632672,-0.24318664449800542,0.0,0.15951573240067232,0.0,0.0,0.0,0.5,-0.5,-0.25,-0.4,0.25,0.0,-0.5,0,0,0,1,0,0,0,0,1,0,0,0,1,0,0,0
5429,1.2222222222222223,-0.1235632183908046,-0.78,-0.38461538461538464,0.25,-0.38518518518518513,-0.1831286909756626,-0.2843691385313892,-0.15792678609977648,-0.06027893695412789,-0.5308733279587541,-0.26477978916239525,-0.576043627965019,-0.5308733279587541,-1.451179391371804,0.0,0.0,0.0,-0.5,0.0,-0.25,-0.2,0.0,2.0,0.5,0,1,0,0,0,0,0,0,0,1,0,0,0,0,0,1
9400,0.6666666666666666,-1.0,0.48,0.3076923076923077,-0.25,-0.6588693957115009,0.7792945521729444,0.46179329576399397,0.7528433490951435,0.4266983768469666,0.38776193503849,0.8393320735425007,0.48780116990121963,0.2637338989659208,0.45301504376350465,-1.0,-2.0,0.0,-0.5,0.5,1.0,0.2,-1.0,-1.0,-0.5,0,0,1,0,0,0,0,0,0,1,0,0,0,0,0,1
1740,1.4444444444444444,-0.7844827586206896,-0.54,0.07692307692307693,0.5,-0.2407407407407407,0.1307719701612987,0.3416195500784443,0.6501875274839393,0.48902282023490107,0.5175526480805436,0.16595938491201265,0.5369709225380106,0.03718763921497886,0.2554981117643361,-1.0,-1.0,1.0,0.0,0.75,0.25,-0.2,-0.5,0.0,0.5,0,1,0,0,0,0,0,0,0,1,0,0,0,0,0,1
7488,0.3888888888888889,0.47988505747126436,-0.38,0.6923076923076923,-0.25,-0.2407407407407407,0.34088390770470733,0.27093019860489986,0.2535498663485917,0.29206239490214336,0.20307829839592387,0.3864279962797167,0.9659795543721166,0.5175526480805436,-0.25641814192069373,0.0,-1.0,0.0,0.5,0.25,0.25,1.6,-0.75,1.0,0.5,0,0,1,0,0,0,0,0,1,0,0,0,0,0,0,1
195,-0.1111111111111111,0.9080459770114943,-0.56,-0.07692307692307693,1.0,0.6878306878306878,-0.42923762243285096,-0.17548335273399637,-0.18405971515214148,-0.10929433017656585,0.2446505421182259,-0.0951995573419654,-0.4630290774619893,0.28183818133320476,0.12359411675246054,0.0,-1.0,2.0,1.0,0.25,-0.25,-0.2,0.5,0.0,0.5,0,0,1,0,0,0,0,0,0,1,0,0,0,0,0,1
635,0.2222222222222222,0.31896551724137934,0.04,0.7692307692307693,2.0,0.885925925925926,0.16396656778637791,0.15943915124847133,0.028588443101758555,0.32513460677149386,-0.14311139292026412,-0.01723584784811107,-0.19072946429594947,-0.7755238700769802,0.5997267095804195,1.0,1.0,0.0,3.0,1.25,-0.25,0.4,0.5,1.0,0.0,0,1,0,0,0,0,0,0,0,1,0,0,0,0,0,1
7527,0.1111111111111111,0.6580459770114943,0.96,-0.46153846153846156,0.25,0.9629629629629629,-1.1808192667549164,-0.6065049182779295,-0.6432764416332687,-1.0709300510135173,-0.08870296647731721,-0.31259167029201684,0.0,0.20307829839592387,-0.5869986227256642,0.0,-1.0,0.0,0.5,-0.5,-0.25,-0.4,0.5,1.0,-0.5,1,0,0,0,0,0,0,0,1,0,0,0,0,1,0,0
10319,-0.05555555555555555,0.3793103448275862,0.14,0.5384615384615384,0.5,0.08754208754208763,0.3904244172717464,0.4349228605004244,0.6061515373973365,0.6088680186078789,0.1297907130420535,0.1356864032043119,0.10538624670896068,0.1297907130420535,0.5125052426754879,0.0,0.0,1.0,1.0,-0.25,0.5,1.2,0.5,0.0,0.0,0,1,0,0,0,0,0,0,1,0,0,0,0,0,0,1
2296,-0.2777777777777778,-0.46264367816091956,-0.9,-0.8461538461538461,-0.5,0.48148148148148157,-0.4871018945058307,-0.9429471116559227,-0.714828469485766,-1.2571159733443953,-0.3877619350384901,-0.6626115125441394,-0.576043627965019,-0.3877619350384901,-0.471701526830916,0.0,0.0,1.0,-0.5,-0.75,-0.5,-0.6,0.0,1.0,0.5,0,1,0,0,0,0,0,0,1,0,0,0,0,1,0,0
10637,0.3333333333333333,0.5402298850574713,0.56,-0.5384615384615384,0.25,0.48148148148148157,-0.35263595840587675,-0.5098546942678703,-0.40697076903445234,-0.6474103906387431,-0.7755238700769802,-0.33894670494896506,-0.1444589521359689,0.436522943019284,-0.471701526830916,2.0,2.0,0.0,0.0,-0.25,-0.5,-0.4,0.25,0.0,-0.5,0,1,0,0,0,0,0,0,0,1,0,0,0,0,1,0
2931,-0.4444444444444444,0.8333333333333334,0.92,0.5384615384615384,0.0,-0.9629629629629629,0.5133168576137507,0.406876913939015,0.5555040325188899,0.4788123165655468,0.3154784929617928,0.17316707966436307,0.5737121950001144,0.6923793826323759,1.2255235634230763,-1.0,-2.0,1.0,-1.0,0.5,1.25,0.8,-0.75,0.0,-0.5,1,0,0,0,0,0,0,0,1,0,0,0,0,0,0,1
907,-0.2777777777777778,-0.41379310344827586,-0.26,0.23076923076923078,0.25,0.6419753086419755,-0.16410937542168053,-0.03310862381075122,-0.09701387115060027,0.12525526503792894,-0.08870296647731721,0.021834313389506158,-0.37536818175688036,-0.7755238700769802,0.06511398322198858,0.0,0.0,0.0,1.5,0.25,-0.25,0.4,-0.25,0.0,0.0,0,1,0,0,0,0,0,0,1,0,0,0,0,0,0,1
3698,-0.7222222222222222,0.9568965517241379,-0.72,0.3076923076923077,-0.75,-0.6588693957115009,0.6524852812288828,0.6213998946285498,1.0428957784052788,0.5130536272918914,1.0689354201760002,0.8840472666987581,0.9501581423206529,0.645248659877361,1.304283837344046,-1.0,-1.0,2.0,-0.5,0.0,1.0,0.6,-1.0,0.0,0.5,0,0,0,1,0,0,0,0,1,0,0,0,0,0,0,1
9516,-0.05555555555555555,0.9310344827586207,0.82,1.0,1.75,-0.5502645502645502,-0.06869252422489219,0.4181714369041769,0.4153651415412118,0.4213835173923088,0.6388889180172997,0.4817476971951687,0.8014911666123883,0.8463518209205468,0.9012619380882784,-1.0,-2.0,3.0,0.0,1.25,1.25,1.0,0.25,-1.0,-0.5,1,0,0,0,0,0,0,0,1,0,0,0,0,0,0,1
679,0.7222222222222222,0.8362068965517241,0.0,-0.6923076923076923,0.25,0.9629629629629629,-0.47628768252762016,-0.8580526489864454,-0.8150904607321814,-0.840317816859585,-0.20746290290324726,-0.448840246502505,-1.007628303794069,-0.7755238700769802,-1.451179391371804,1.0,1.0,0.0,0.0,-0.75,-0.5,-0.4,0.75,2.0,0.0,0,1,0,0,0,0,0,0,1,0,0,0,0,1,0,0
7384,1.0555555555555556,-0.03735632183908046,-0.62,0.15384615384615385,1.5,-0.28322440087145967,-0.3918807456657933,0.07479840424301354,0.13088887129166782,-0.14259240975763418,0.6811734851375101,0.42153399398368163,0.3890734775391832,0.38776193503849,0.3747991173108948,-1.0,-1.0,0.0,0.0,0.75,-0.25,0.4,0.5,1.0,0.5,0,0,0,1,0,0,0,0,0,1,0,0,0,1,0,0
5043,1.0555555555555556,0.7040229885057471,0.8,-0.15384615384615385,0.5,-0.07407407407407397,-0.9845918806250243,0.03380246332081946,0.23426560344034533,-1.026503739190463,0.346189691316188,0.05727660978811897,0.9164650493643182,0.6052486063887117,1.009992577255035,-1.0,-1.0,0.0,0.0,0.0,0.0,0.0,0.25,-2.0,-0.5,0,1,0,0,0,0,0,0,1,0,0,0,1,0,0,0
5267,0.0,0.3333333333333333,-0.12,-0.7692307692307693,-0.25,0.1925925925925927,-0.6322777702419435,-0.8051353070497679,-0.6181792244652246,-0.7757215038103391,-0.3877619350384901,-0.48707177625345005,-0.576043627965019,-0.5308733279587541,-0.8199621321402158,0.0,-1.0,0.0,-0.5,-0.75,-0.5,-0.4,0.25,0.0,0.0,1,0,0,0,0,0,0,0,1,0,0,0,0,1,0,0
339,-0.1111111111111111,0.6522988505747126,0.66,0.23076923076923078,1.75,-0.32098765432098764,0.1615024655505046,0.08307483562457225,0.10811452911547369,0.3237005393504024,-0.7755238700769802,-0.38223786481114475,-0.24318664449800542,-0.7755238700769802,-0.9247165705944205,0.0,0.0,2.0,0.0,1.25,0.0,0.0,0.25,2.0,-0.5,0,1,0,0,0,0,0,0,0,1,0,0,0,0,0,1
2516,0.05555555555555555,0.08620689655172414,0.7,-0.6153846153846154,-1.0,0.6878306878306878,-0.14165923242695305,-0.5970225893528761,-0.4726047544284605,-0.6751517126322198,-0.3877619350384901,-0.6958495530356731,-0.24318664449800542,-0.20746290290324726,0.19332305418233545,1.0,1.0,0.0,0.0,-0.75,0.0,-0.6,-0.5,-1.0,-0.5,0,1,0,0,0,1,0,0,0,0,0,0,1,0,0,0
9010,-0.1111111111111111,0.42528735632183906,0.62,0.6153846153846154,-0.5,-0.7117552334943639,0.7369303557184441,0.6571019030648245,0.9793373458905583,0.5694142939303546,0.9882728042002115,0.9616605951562052,0.9280201559679603,0.5520147438379108,1.2255235634230763,-1.0,-1.0,4.0,-0.5,0.25,1.25,1.0,-1.0,1.0,-0.5,0,1,0,0,0,0,0,0,1,0,0,0,0,0,0,1
378,-0.05555555555555555,0.5459770114942529,0.38,0.46153846153846156,1.0,-0.4126984126984127,0.03411235843216939,0.2567847262391589,0.31647698590715434,0.1610909493662898,0.8930366104212158,0.3072675912337357,0.5445992263320798,0.7388200638697252,0.9292947518681286,-1.0,-1.0,0.0,0.0,0.75,0.0,1.0,0.0,0.0,-0.5,0,1,0,0,0,0,0,0,1,0,0,0,0,0,0,1
4808,0.7777777777777778,-0.16954022988505746,-0.74,-0.8461538461538461,-0.25,0.48148148148148157,-1.808370083509234,-1.143970975228957,-1.042052496423055,-1.4877282074983278,-0.3877619350384901,-0.9273913017065346,-0.24318664449800542,-0.7755238700769802,-1.0529256415547674,-1.0,-1.0,0.0,-0.5,-0.75,-0.5,-0.6,0.25,0.0,0.5,0,1,0,0,0,0,0,0,1,0,1,0,0,0,0,0
5068,-0.05555555555555555,-0.06609195402298851,0.52,-0.7692307692307693,0.5,0.1925925925925927,-1.2428919270653918,-0.9940338034885297,-0.9291010727719912,-0.8173636728039921,-0.5308733279587541,-0.8174977601529947,-0.576043627965019,-0.5308733279587541,-1.451179391371804,0.0,-1.0,0.0,-0.5,-0.5,-0.5,-0.6,0.75,0.0,-0.5,0,0,1,0,0,0,0,0,0,1,0,0,0,0,0,1
7628,-0.16666666666666666,-0.7270114942528736,-0.78,-0.5384615384615384,-0.5,0.48148148148148157,-0.2704875432924184,-0.6065049182779295,-0.5713250511400829,-0.5758421620767741,-0.14311139292026412,-0.38223786481114475,-0.24318664449800542,-0.2862227858405282,-0.5869986227256642,0.0,0.0,0.0,0.0,-0.5,-0.5,-0.2,-0.25,-1.0,0.5,0,1,0,0,0,0,0,0,1,0,0,0,0,0,0,1
7128,-0.3888888888888889,-0.4367816091954023,0.84,-0.8461538461538461,-0.25,0.48148148148148157,-0.2723727367716173,-1.187526030626249,-1.110020789569042,-1.1828754161455015,-0.7755238700769802,-0.9273913017065346,-1.007628303794069,-0.5308733279587541,-0.8199621321402158,1.0,0.0,0.0,-0.5,-0.75,-0.5,-0.6,0.25,2.0,-0.5,0,0,1,0,0,0,0,0,1,0,0,0,0,1,0,0
2811,0.3888888888888889,-0.7988505747126436,-0.56,-0.6153846153846154,-1.0,0.6878306878306878,-0.07493651118159846,-0.6807110482928288,-0.6142308636286554,-0.3974119085694327,-0.7755238700769802,-0.7322577070632672,-1.007628303794069,-0.7755238700769802,-1.451179391371804,1.0,0.0,0.0,0.0,-0.75,-0.5,-0.2,-0.5,2.0,0.5,0,0,1,0,0,0,0,0,1,0,0,0,0,0,0,1
3551,0.8888888888888888,-0.7586206896551724,-0.42,-0.38461538461538464,-1.25,0.1925925925925927,0.238398961383204,-0.25538899686134403,-0.107096374597617,-0.3399065643304983,-0.5308733279587541,-0.060762154832983736,0.16923104457519936,0.10153914919796193,0.3866461083646709,0.0,0.0,0.0,0.0,-0.5,-0.25,0.0,-1.0,1.0,0.5,0,0,0,1,0,0,0,0,1,0,0,0,0,0,0,1
1663,-0.4444444444444444,-0.3132183908045977,0.96,-0.7692307692307693,0.5,0.1925925925925927,-0.6297133220215241,-0.7661739823514333,-0.5521937536064171,-0.7054183076720079,-0.3877619350384901,-0.577371459454412,-0.4630290774619893,-0.7755238700769802,-0.471701526830916,0.0,0.0,0.0,-0.5,-0.5,-0.5,-0.6,0.75,2.0,-0.5,0,0,0,1,0,0,0,0,0,1,0,0,0,0,0,1
5543,0.2222222222222222,0.040229885057471264,0.0,0.7692307692307693,0.75,0.1925925925925927,0.180681593881529,0.26048729099665857,0.2079971414894782,0.37856059723438984,-0.041572243722302185,0.20071028476214547,0.4213803280400368,0.3154784929617928,0.6610711797971361,0.0,0.0,1.0,1.5,0.75,0.0,1.2,-0.25,0.0,0.0,0,0,0,1,0,0,0,0,1,0,0,0,0,0,0,1
1577,1.3333333333333333,-0.6494252873563219,-0.7,0.0,-1.0,-0.5777777777777777,0.6501886293397359,0.5458029192850712,1.0643376577705417,0.3863892672927958,0.7711392655696567,0.8461370492494015,1.0891984526641594,1.0494301193164706,0.7730528671279314,-1.0,-1.0,2.0,-0.5,0.0,1.0,-0.2,-1.25,0.0,0.5,0,1,0,0,0,1,0,0,0,0,0,0,0,1,0,0
10641,-0.4444444444444444,0.5545977011494253,-0.88,-0.38461538461538464,-0.25,1.3481481481481483,-2.944574468496162,-0.7112896646823601,-0.8764300231908637,-1.0709300510135173,-0.14311139292026412,-0.9970374962256624,0.02911296866803439,-0.20746290290324726,0.022534602349784674,1.0,0.0,0.0,1.0,-0.5,-0.25,-0.4,0.0,0.0,0.5,0,0,1,0,0,0,1,0,0,0,0,0,1,0,0,0
5336,-0.05555555555555555,0.09770114942528736,-0.24,-1.0,-1.75,-0.9629629629629629,1.7167327863507063,-0.6987531907066324,0.15285142511869662,-0.4910387136837044,-0.5308733279587541,-0.7322577070632672,-0.576043627965019,-0.7755238700769802,-0.5869986227256642,0.0,0.0,0.0,-1.0,-0.75,-0.5,-0.8,-1.25,1.0,0.0,0,0,0,1,0,0,0,0,0,1,0,0,0,0,0,1
6024,0.9444444444444444,0.3620689655172414,0.26,0.23076923076923078,-0.5,-0.9629629629629629,0.9308461810314271,0.6501035071377889,1.13160993633443,0.6152111664004973,0.36059806427048563,0.9373392644443415,0.9885775262689339,0.5758185568959769,1.1114354289630752,-1.0,-1.0,4.0,-1.0,0.25,1.5,0.0,-1.0,0.0,-0.5,0,0,0,1,0,1,0,0,0,0,0,0,0,0,0,1
1878,-0.8333333333333334,-0.646551724137931,0.68,-0.6923076923076923,0.0,0.0,-1.2199796070227877,-0.8676581388004984,-0.8307030138604456,-1.1828754161455015,-0.08870296647731721,-0.7725050540976793,-0.24318664449800542,-0.2862227858405282,-0.471701526830916,-1.0,-1.0,0.0,-0.5,-0.5,-0.5,-0.4,0.25,-1.0,-0.5,0,1,0,0,0,0,0,0,1,0,0,0,1,0,0,0
3099,0.0,0.382183908045977,-0.02,0.07692307692307693,1.25,0.8425925925925927,-0.22782607683617173,-0.09028191437744794,-0.12111627088231461,0.016684989829577477,-0.14311139292026412,-0.01140372710202764,-0.4630290774619893,-0.14311139292026412,0.3982537498170369,1.0,0.0,0.0,1.5,0.25,0.0,-0.2,0.75,0.0,0.0,1,0,0,0,0,0,0,0,0,1,0,0,0,0,0,1
6055,-0.5,0.7155172413793104,0.9,0.3076923076923077,-0.25,-0.6588693957115009,0.5086022862308263,0.4403421790497375,0.7139691575304612,0.37916938629095653,0.7388200638697252,0.6542597043821727,0.7813408369111856,0.9834706059879512,0.6156877000947116,-1.0,-1.0,1.0,-0.5,0.25,0.75,0.6,-0.75,0.0,-0.5,0,1,0,0,0,0,0,0,1,0,0,0,0,0,0,1
5841,0.2222222222222222,0.028735632183908046,0.24,0.8461538461538461,2.0,0.14814814814814828,0.2601914014646402,0.27405081261618613,0.20635279165240816,0.41379712392529866,-0.041572243722302185,0.3171901358334121,-0.06562641226476575,-0.7755238700769802,0.45301504376350465,0.0,0.0,0.0,1.5,1.5,0.25,0.6,0.25,0.0,-0.5,0,0,0,1,0,0,0,0,0,1,0,0,0,0,0,1
3972,-0.3333333333333333,0.27586206896551724,0.42,0.3076923076923077,1.5,0.8615984405458089,-0.03534730602817949,0.004628227696585043,-0.06576350120462697,0.1405546559897204,-0.08870296647731721,-0.10247590093783825,-0.1444589521359689,-0.08870296647731721,0.5489974231271681,1.0,1.0,0.0,2.0,0.75,-0.25,0.0,0.5,0.0,-0.5,0,0,0,1,0,0,0,0,0,1,0,0,0,0,0,1
4394,0.2777777777777778,-0.9166666666666666,-0.12,0.6153846153846154,-0.5,-0.7117552334943639,0.6977845646778188,0.49204944749577134,0.6797591995846087,0.6243592344446632,0.42494957425346885,0.4973415557657681,0.43158467582904997,0.42494957425346885,-0.2934993113628321,-1.0,-1.0,2.0,-0.5,0.25,0.75,1.4,-1.0,2.0,0.0,0,1,0,0,0,0,0,0,1,0,0,0,0,0,0,1
5758,-0.6666666666666666,-0.5459770114942529,-0.52,1.0,1.75,-0.7566137566137565,0.36402406143621135,0.4059458419428096,0.3934031258289331,0.6039526475538478,-0.7755238700769802,0.011073137303157714,-1.007628303794069,-0.7755238700769802,0.36270269768368657,-1.0,-1.0,5.0,-0.5,1.5,0.5,1.6,0.0,0.0,0.5,0,1,0,0,0,0,0,0,1,0,0,0,0,0,0,1
6658,-0.1111111111111111,-0.040229885057471264,-0.24,1.3076923076923077,2.0,0.300925925925926,0.23418704247675418,0.40749632876692865,0.30772354420783893,0.4937975067377432,0.6190917972785056,0.3147335583076906,0.566633709772423,0.07082795084356677,1.0483106873468813,0.0,0.0,0.0,2.5,1.75,0.0,1.4,0.0,0.0,0.0,0,0,0,1,0,0,0,0,1,0,0,0,0,0,0,1
4603,0.5555555555555556,-0.5948275862068966,0.02,0.46153846153846156,0.0,-0.4126984126984127,0.3763263833438404,0.18628116098175937,0.19048950337234966,0.2508940495726001,0.4585898858820568,0.392507644323463,-1.007628303794069,0.6636679410374086,-0.731393516412085,0.0,0.0,0.0,0.0,0.25,0.5,1.0,-0.5,2.0,0.0,0,1,0,0,0,0,0,0,1,0,0,0,0,0,0,1
8427,0.7777777777777778,0.6522988505747126,0.58,0.6153846153846154,0.5,-0.7117552334943639,0.3566798634368168,0.5015286599674543,0.696919509999818,0.385196781691502,0.18029903213524281,0.9003511561220198,1.0948240185075218,-0.7755238700769802,0.32480597280315754,-1.0,-2.0,0.0,-0.5,0.75,0.75,1.0,-0.5,1.0,-0.5,0,0,1,0,0,0,0,0,1,0,0,0,0,1,0,0
10260,0.2777777777777778,-0.14080459770114942,0.5,0.0,1.0,0.1925925925925927,-0.19783804073690703,-0.08909478473575684,-0.07728711882129345,0.04937979975019586,-0.14311139292026412,0.03742817196010557,-0.03144440163293923,-0.14311139292026412,-0.2934993113628321,0.0,0.0,0.0,0.5,0.5,-0.25,0.0,0.25,1.0,-0.5,0,0,0,1,0,0,0,0,0,1,0,0,0,0,0,1
7143,0.8333333333333334,-0.34770114942528735,-0.7,0.8461538461538461,-0.75,0.14814814814814828,0.5750600375765356,0.26868495451362906,0.19678761731721112,0.060658951988683145,1.0223464567351235,0.43073917407440787,0.4606976444970845,1.0223464567351235,0.2405736698080648,0.0,0.0,0.0,1.5,0.0,1.25,1.0,-1.0,-1.0,0.5,0,0,0,1,0,0,0,0,1,0,0,0,0,0,0,1
8789,-1.0555555555555556,-0.5373563218390804,0.56,-0.07692307692307693,-0.5,0.2751322751322751,0.2133923522119833,-0.13577422077211654,-0.11460049681694807,-0.5260924866613763,0.5352041322794227,0.19061287337582528,0.41090383247321843,0.5352041322794227,-0.3757191474672522,0.0,0.0,0.0,0.5,-0.25,-0.25,0.4,-0.5,-1.0,-0.5,0,1,0,0,0,0,0,0,1,0,0,0,0,1,0,0
6197,0.4444444444444444,0.22701149425287356,-0.2,-0.46153846153846156,0.75,0.9629629629629629,-0.9709915309858244,-0.7112896646823601,-0.8150904607321814,-0.5081041530991438,-0.7755238700769802,-0.5077252649352844,-1.007628303794069,-0.7755238700769802,-1.0529256415547674,1.0,0.0,0.0,0.5,-0.25,-0.5,-0.4,0.75,2.0,0.0,0,0,1,0,0,0,0,0,0,1,0,0,0,0,0,1
4554,0.2777777777777778,-0.2442528735632184,0.8,0.15384615384615385,-0.5,0.3965141612200436,-0.13585360582470565,0.04551626606558304,0.0788938955851119,-0.005752935151804659,0.5758185568959769,0.03230062532477855,0.6008157204042494,0.07082795084356677,0.7423204773095036,0.0,0.0,0.0,1.0,-0.25,0.0,0.6,-0.5,0.0,-0.5,0,0,0,1,0,0,0,0,1,0,0,0,0,0,0,1
4937,-0.16666666666666666,-0.9683908045977011,0.26,-0.7692307692307693,-0.25,0.1925925925925927,-0.165934303434765,-0.8051353070497679,-0.6181792244652246,-0.864973770899795,-0.3877619350384901,-0.448840246502505,-0.4630290774619893,-0.3877619350384901,-0.8199621321402158,1.0,1.0,0.0,-0.5,-0.75,-0.5,-0.4,0.25,-1.0,-0.5,0,1,0,0,0,0,0,0,1,0,0,0,0,1,0,0
1920,-0.1111111111111111,-0.0603448275862069,0.2,-0.5384615384615384,0.25,0.48148148148148157,-0.3707086313663816,-0.4989241280625301,-0.3881921675102303,-0.4518519294624826,-0.20746290290324726,-0.43106976387327783,-0.24318664449800542,-0.7755238700769802,0.06511398322198858,1.0,1.0,0.0,0.0,-0.25,-0.5,-0.4,0.25,0.0,0.0,0,1,0,0,0,0,0,0,0,1,0,0,0,0,0,1
8749,-0.7777777777777778,-0.5977011494252874,0.38,-0.7692307692307693,-1.0,0.1925925925925927,-0.49255834222448547,-0.6866278235723599,-0.4159150433017064,-0.7054183076720079,-0.3877619350384901,-0.7322577070632672,-0.37536818175688036,-0.08870296647731721,-0.10017625718049661,0.0,0.0,0.0,-0.5,-0.75,-0.25,-0.6,-0.5,0.0,-0.5,0,0,0,1,0,0,0,0,1,0,0,0,0,0,0,1
1650,0.5555555555555556,0.22126436781609196,-0.72,0.9230769230769231,-0.25,-0.7489711934156378,0.712665972397583,0.5254543833293464,0.6329969721862976,0.497227466256338,0.8007457490195096,0.7901027641121662,0.3890734775391832,0.7240085428146419,0.9857118357498144,-1.0,-1.0,0.0,-0.5,0.25,1.75,1.4,-0.75,1.0,0.5,0,1,0,0,0,0,0,0,1,0,0,0,0,0,0,1
10377,0.6666666666666666,0.09195402298850575,-0.24,0.0,0.75,0.1925925925925927,-0.14620820412841495,0.000930291222218815,0.08171160738563493,-0.0076929005700569816,-0.08870296647731721,0.1396043502550648,0.25689194028030826,0.1297907130420535,0.7295519805090722,0.0,0.0,0.0,0.5,0.5,-0.25,0.0,0.0,1.0,0.0,0,0,0,1,0,0,0,0,0,1,0,0,0,0,0,1
9206,0.1111111111111111,-0.5258620689655172,-0.26,0.8461538461538461,-0.75,-0.5185185185185185,0.6268921011600991,0.3841871801472362,0.4035009013612221,0.3439128073779696,0.5981179371223457,0.46879742349180675,0.8495037893947499,0.8704655164602081,0.9689352071003449,0.0,0.0,1.0,0.0,0.25,1.25,1.4,-1.25,0.0,0.0,0,0,0,1,0,0,0,0,1,0,0,0,0,0,0,1
10971,-0.3888888888888889,0.8850574712643678,-0.42,0.07692307692307693,1.75,0.48148148148148157,-0.4705647019880563,0.06555315855467704,0.1542416326684939,-0.0019066133931049845,0.0,0.17672056099836142,-0.19072946429594947,-0.3877619350384901,1.1245687712862287,1.0,0.0,2.0,1.0,0.75,0.0,-0.4,0.75,0.0,0.5,0,0,1,0,0,0,0,0,0,1,0,0,1,0,0,0
6398,-0.2222222222222222,-0.7586206896551724,-0.94,-0.5384615384615384,0.5,0.48148148148148157,-1.571852587648386,-0.7588511575992061,-0.8228518726499564,-1.026503739190463,0.07082795084356677,-0.6037264941113603,0.10538624670896068,-0.7755238700769802,-0.9247165705944205,0.0,0.0,0.0,0.0,-0.25,-0.5,-0.4,0.5,-2.0,0.5,0,1,0,0,0,0,0,0,0,1,1,0,0,0,0,0
9212,0.4444444444444444,0.41379310344827586,-0.64,1.0,1.0,0.2751322751322751,0.5340708666083964,0.5332444215122015,0.6227831864782846,0.6422096599731776,-0.7755238700769802,0.47532743701226826,0.16923104457519936,0.18029903213524281,1.2117445167325063,0.0,0.0,0.0,2.0,0.5,0.25,1.6,0.25,1.0,0.5,0,1,0,0,0,0,0,0,1,0,0,0,0,0,0,1
7937,-0.6666666666666666,-0.8160919540229885,0.74,-0.6153846153846154,0.25,-0.13756613756613756,-1.1199893919870536,-0.7049683044983538,-0.6547871604351138,-0.9205531871755583,-0.041572243722302185,-0.36725569010023346,-0.24318664449800542,-0.2862227858405282,-0.6546718917377307,-1.0,-1.0,0.0,-0.5,-0.25,-0.5,-0.4,0.25,0.0,-0.5,0,1,0,0,0,0,0,0,0,1,0,0,0,1,0,0
839,-0.2777777777777778,-0.22701149425287356,0.1,-0.46153846153846156,-0.25,-0.32098765432098764,-0.18568255300114622,-0.31146450723608055,-0.1375151810212022,-0.19290742622084192,-0.20746290290324726,-0.15770542268316173,-0.24318664449800542,-0.5308733279587541,-0.15768008000897207,0.0,0.0,0.0,-0.5,-0.25,-0.25,-0.2,-0.25,2.0,0.0,0,1,0,0,0,0,0,0,1,0,0,0,0,0,0,1
4246,-0.6666666666666666,-0.4511494252873563,-0.94,-1.0,2.25,-0.9629629629629629,-3.1494804938894156,-0.022069279676753817,1.3861617791084238,-0.31449703550247415,0.10153914919796193,-0.352839017326429,-0.37536818175688036,-0.2862227858405282,1.3520964907722022,-1.0,-2.0,0.0,-1.0,-0.75,-0.5,-0.8,2.75,1.0,0.5,0,0,1,0,0,0,0,0,0,1,0,0,1,0,0,0
158,1.3888888888888888,-0.3793103448275862,-0.92,0.15384615384615385,0.75,-0.6230936819172113,0.5081321665203081,0.40811470778361025,0.7300403105510531,0.22678801818086822,0.6324124771567161,0.7836584343354356,0.7975429393933342,0.7530349832023729,0.784899858181708,-1.0,-1.0,2.0,-0.5,1.0,0.25,0.0,-0.5,2.0,0.5,0,0,0,1,0,0,0,0,0,1,0,0,0,1,0,0
4832,-0.5,-0.6954022988505747,0.7,-0.5384615384615384,0.0,0.48148148148148157,-0.9706544703001865,-0.5025318695156433,-0.3943941845960609,-1.0709300510135173,-0.14311139292026412,-0.5077252649352844,-0.4630290774619893,0.36059806427048563,0.36270269768368657,0.0,0.0,0.0,0.0,-0.5,0.0,-0.6,0.25,0.0,-0.5,0,1,0,0,0,0,0,0,0,1,0,0,1,0,0,0
5621,0.05555555555555555,0.5977011494252874,-0.82,0.15384615384615385,1.5,0.7363834422657953,-0.08013843823110503,-0.0832156375982886,-0.1478595343136377,-0.28636452812991303,0.6576343560992454,0.1511227049614788,0.6724398873621507,0.20307829839592387,-1.849433141188841,1.0,1.0,1.0,1.5,0.5,-0.25,0.0,0.75,0.0,0.5,0,1,0,0,0,0,0,0,0,1,0,0,0,1,0,0
1945,0.4444444444444444,-0.20689655172413793,-0.9,0.46153846153846156,0.5,-0.13756613756613756,0.504494545453188,0.46630785066438263,0.694016679544961,0.4668796151100081,0.49897171996375944,0.44502108004887764,1.0168180866247318,0.8391483846971425,1.0979948462543365,0.0,0.0,2.0,0.5,0.75,0.5,0.4,-0.5,0.0,0.5,0,1,0,0,0,0,0,0,0,1,0,0,0,0,0,1
5147,1.2222222222222223,-0.0603448275862069,0.16,0.9230769230769231,-1.0,-0.7489711934156378,0.8723104973358967,0.47258894546543334,0.5375331717101012,0.49508788893674316,0.7290150965998392,0.2137712660416344,1.0388938548427442,1.0727103879662605,0.7609564475007234,-1.0,-2.0,0.0,-0.5,0.0,1.75,1.6,-1.25,0.0,0.0,0,0,1,0,0,0,0,0,1,0,0,0,0,0,0,1
2535,-0.4444444444444444,0.9310344827586207,-0.5,0.38461538461538464,1.5,-0.674074074074074,0.8253543571243593,0.2793399216023812,0.3892611369595275,-0.021598935963539782,-0.7755238700769802,0.7473224845399347,-1.007628303794069,0.9342616272351748,0.6388274196251017,0.0,0.0,4.0,-0.5,0.5,0.75,0.6,0.75,1.0,0.5,0,1,0,0,0,0,0,0,1,0,0,0,0,1,0,0
11039,-0.2777777777777778,-0.20402298850574713,0.04,-0.15384615384615385,0.25,-0.07407407407407397,0.017033392447219128,-0.08909478473575684,0.015715785803224788,-0.24817835556993095,0.46912667204124586,-0.08104992162115524,0.6724398873621507,0.436522943019284,0.29807749263654026,0.0,0.0,0.0,0.0,0.25,0.0,-0.2,-0.25,0.0,0.0,0,1,0,0,0,0,0,0,0,1,0,0,0,0,0,1
9495,-0.6666666666666666,0.1752873563218391,-0.4,0.15384615384615385,-1.5,-0.6230936819172113,0.5134446527337391,0.3933021978269893,0.7032033095113638,0.23905931168886282,0.8803160941357743,0.6900225160525236,0.9392450710820638,0.842768479240572,0.15951573240067232,-1.0,-1.0,0.0,-0.5,-0.5,1.5,0.2,-1.25,0.0,0.5,0,0,0,1,0,1,0,0,0,0,0,0,0,1,0,0
9635,-0.7222222222222222,-0.8218390804597702,-0.72,-0.5384615384615384,0.0,-0.2407407407407407,-0.5494568279306158,-0.41283486446412077,-0.23912579205397913,-0.31942606086377423,-0.3877619350384901,-0.1932656374308362,-0.37536818175688036,-0.2862227858405282,-0.2934993113628321,-1.0,-1.0,0.0,-0.5,-0.25,-0.25,-0.4,0.0,1.0,0.5,0,1,0,0,0,0,0,0,0,1,0,0,0,0,0,1
2173,1.0,-0.28735632183908044,-0.52,-0.7692307692307693,-0.5,0.1925925925925927,-0.3810670061026574,-0.9198276734736306,-0.8089445712674348,-0.840317816859585,-0.08870296647731721,-0.8174977601529947,-1.007628303794069,-0.2862227858405282,-1.0529256415547674,0.0,-1.0,0.0,-0.5,-0.75,-0.5,-0.4,0.0,0.0,0.5,0,0,0,0,1,0,0,0,1,0,0,0,0,0,0,1
942,-0.6666666666666666,0.9597701149425287,-0.26,-0.07692307692307693,1.75,0.2751322751322751,-0.3960039112625209,-0.10359823444388033,-0.05806902773508836,-0.07424055719889405,0.15594757564090878,0.05727660978811897,0.18839803133104463,0.15594757564090878,0.2252511961698712,0.0,-1.0,1.0,0.5,0.75,-0.25,-0.4,0.75,0.0,0.0,0,0,1,0,0,0,0,0,0,1,0,0,0,0,0,1
9386,0.4444444444444444,-0.9339080459770115,0.78,-0.15384615384615385,0.5,-0.5185185185185185,-0.037574316633429306,-0.07857870454332631,0.034322871693015546,0.15037686383795892,-0.7755238700769802,-0.43106976387327783,-0.37536818175688036,-0.08870296647731721,-0.25641814192069373,0.0,0.0,1.0,-0.5,0.25,-0.25,0.2,0.0,0.0,-0.5,0,0,0,1,0,0,0,0,1,0,0,0,0,0,0,1
5510,-0.3888888888888889,0.6580459770114943,-0.94,0.07692307692307693,0.25,0.12037037037037043,-0.2629345335979857,0.039705744810431154,0.10827966374265086,0.13553262665090995,-0.08870296647731721,-0.03528628394443194,-1.007628303794069,0.07082795084356677,0.8134907669154694,0.0,0.0,0.0,0.5,0.25,0.0,0.2,-0.25,1.0,0.5,0,1,0,0,0,0,0,0,1,0,0,0,0,0,0,1
873,1.1666666666666667,0.8045977011494253,-0.92,1.0,0.5,1.306878306878307,0.3084534187940685,0.40251171323211515,0.3872369442510312,0.6116013321458236,-0.7755238700769802,-0.1493095574899771,-1.007628303794069,-0.7755238700769802,0.19332305418233545,1.0,1.0,2.0,4.5,-0.25,0.5,1.0,0.5,1.0,0.5,0,1,0,0,0,0,1,0,0,0,0,0,0,0,0,1
2253,-1.1111111111111112,0.40804597701149425,-0.68,-0.6923076923076923,-0.5,0.0,-1.5278951571053059,-0.5656275759987671,-0.32159721386344664,-0.5550414438340489,-0.7755238700769802,-0.7725050540976793,0.24085521153310066,-0.20746290290324726,-0.15768008000897207,-1.0,-1.0,0.0,-0.5,-0.75,-0.5,-0.2,0.0,0.0,0.5,0,1,0,0,0,0,0,0,1,0,0,0,0,0,0,1
5181,-0.6666666666666666,0.3160919540229885,0.18,-0.8461538461538461,0.25,0.48148148148148157,-1.1414423326886831,-1.0224932704349963,-0.8466829546908915,-1.3528286983107507,-0.20746290290324726,-1.1921710908689298,-1.007628303794069,0.10153914919796193,-0.8199621321402158,0.0,-1.0,0.0,-0.5,-0.75,-0.5,-0.6,0.75,-2.0,0.0,0,0,1,0,0,0,0,0,1,0,0,0,0,0,1,0
979,-0.2777777777777778,0.39655172413793105,-0.76,-0.5384615384615384,-0.25,0.48148148148148157,-0.6658285320924885,-0.46465976671174697,-0.3291013360827774,-1.0709300510135173,0.07082795084356677,-0.43106976387327783,0.16923104457519936,0.18029903213524281,0.31159714487129303,0.0,-1.0,0.0,0.0,-0.5,-0.25,-0.4,0.0,0.0,0.5,0,0,1,0,0,0,0,0,1,0,0,0,1,0,0,0
10390,0.6111111111111112,0.42528735632183906,-0.44,-0.7692307692307693,-0.5,0.1925925925925927,-0.9908399115959441,-0.9429471116559227,-0.8466829546908915,-1.0709300510135173,-0.041572243722302185,-0.9970374962256624,-0.4630290774619893,-0.20746290290324726,-0.731393516412085,0.0,0.0,0.0,-0.5,-0.75,-0.5,-0.4,0.0,-1.0,0.5,0,1,0,0,0,0,0,0,1,0,0,1,0,0,0,0
4698,-0.7222222222222222,0.05172413793103448,-0.34,0.07692307692307693,0.25,-0.2407407407407407,-0.03687230601503132,0.012815807162220619,0.06057579853197544,-0.08388480134854172,0.5834093037298083,0.11959996366442333,0.638257876730324,0.6811734851375101,-0.4217083823231789,-1.0,-1.0,0.0,0.0,0.25,0.0,0.4,-0.25,2.0,0.0,0,1,0,0,0,0,0,0,1,0,0,0,0,0,0,1
7793,-0.3333333333333333,-0.15517241379310345,-0.74,0.6923076923076923,1.75,-0.2407407407407407,0.2892420927203132,0.2595651195317152,0.23325199705677754,0.4324482990521281,-0.041572243722302185,0.08524005308972735,-1.007628303794069,0.436522943019284,0.2554981117643361,0.0,0.0,1.0,0.5,1.5,0.5,0.4,0.0,0.0,0.5,0,0,0,1,0,0,0,0,0,1,0,0,0,0,0,1
1745,0.4444444444444444,0.1896551724137931,0.78,0.38461538461538464,-1.0,-0.674074074074074,0.7830672139679464,0.44260044906532225,0.6837357820720169,0.46827850908366536,0.7576488544432298,0.6730420988316181,0.8631693516581,-0.7755238700769802,-0.3757191474672522,-1.0,-2.0,1.0,-0.5,0.0,1.0,0.8,-1.25,2.0,-0.5,1,0,0,0,0,0,0,0,1,0,0,0,0,0,0,1
10590,0.7777777777777778,0.28735632183908044,0.84,0.6153846153846154,-0.75,-0.7117552334943639,0.6101889871458227,0.4875911013392334,0.6716903979223376,0.5035648602788354,0.7436222620819857,0.8148449960979839,-1.007628303794069,0.42494957425346885,-0.2934993113628321,-1.0,-1.0,0.0,-0.5,0.0,1.5,1.0,-1.0,2.0,-0.5,0,0,0,1,0,0,0,0,1,0,0,0,0,0,0,1
5080,-1.2777777777777777,-0.3017241379310345,-0.74,0.15384615384615385,-0.25,-0.6230936819172113,0.48467886661810516,0.4267888830372252,0.7638939441543092,0.29206239490214336,-0.7755238700769802,0.7244121898816469,1.0388938548427442,0.6978516802157864,0.9939199569152751,-1.0,-2.0,1.0,-0.5,0.5,1.0,-0.2,-1.0,0.0,0.5,0,0,1,0,0,0,0,0,0,1,0,0,0,1,0,0
8369,-0.9444444444444444,0.6954022988505747,-0.56,-0.8461538461538461,-0.25,0.48148148148148157,-1.585726368690995,-0.9676089527659227,-0.7559996293047285,-1.4877282074983278,-0.3877619350384901,-0.8174977601529947,-0.37536818175688036,-0.2862227858405282,-0.4217083823231789,0.0,0.0,0.0,-0.5,-1.0,-0.25,-0.6,0.5,0.0,0.5,0,0,0,1,0,0,0,0,1,0,0,0,1,0,0,0
5232,0.2777777777777778,-0.5833333333333334,-0.52,-0.3076923076923077,-0.25,-0.43771043771043766,0.4545211315991363,-0.20508239089294514,-0.0803239764293402,-0.23251884754703742,0.1297907130420535,0.04248780207134045,0.3776858598750006,0.20307829839592387,-0.731393516412085,0.0,0.0,0.0,-0.5,0.0,-0.25,0.0,-0.5,0.0,0.5,0,1,0,0,0,0,0,0,1,0,0,0,0,0,0,1
2407,-0.6666666666666666,0.6925287356321839,-0.78,0.38461538461538464,0.25,-0.674074074074074,0.45385695747218313,0.5051107728904718,0.7970281326478125,0.515485086054706,0.37444125516027954,0.730269863086936,0.8891520623174972,0.42494957425346885,0.7730528671279314,-1.0,-1.0,2.0,-0.5,0.5,1.0,0.4,-0.5,0.0,0.5,0,1,0,0,0,0,0,0,1,0,0,0,0,0,0,1
3834,0.4444444444444444,0.32471264367816094,-0.28,0.6153846153846154,1.0,-0.4605475040257649,0.4652847456081363,0.28670564798071385,0.3098876381533864,0.09380611157325025,1.0201744121952059,0.44150035016075667,1.014540716179908,0.436522943019284,0.4424723863229611,0.0,-1.0,0.0,0.0,1.0,0.0,1.2,-0.25,0.0,0.0,0,0,1,0,0,0,0,0,1,0,0,0,0,0,0,1
7912,-0.4444444444444444,0.22126436781609196,0.4,-0.5384615384615384,0.5,0.48148148148148157,-0.45596892359299546,-0.49535124455974716,-0.38204627804548397,-0.9873169549692411,0.20307829839592387,-0.33894670494896506,-1.007628303794069,0.29905896856117287,0.1766680123939431,0.0,0.0,1.0,0.0,-0.25,-0.25,-0.6,0.5,0.0,-0.5,0,1,0,0,0,0,0,0,0,1,0,0,1,0,0,0
7712,1.3333333333333333,-0.8448275862068966,0.38,0.3076923076923077,0.25,-0.6588693957115009,0.2916567387799572,0.1736864568561907,0.23394568062160595,0.014871889284771489,0.2446505421182259,0.5123237304766795,0.7038842889950898,0.7290150965998392,0.10475443845420482,-1.0,-2.0,0.0,-0.5,0.5,0.0,1.0,-0.5,2.0,-0.5,0,0,1,0,0,0,0,0,1,0,0,0,0,1,0,0
1065,0.3888888888888889,-0.5,0.72,0.3076923076923077,-0.5,-0.6588693957115009,0.6910480135248223,0.5826506002846822,0.972361258344413,0.3857935587601773,0.9425022223340124,1.0211277775148477,1.0618250232291044,0.5083844410841468,-0.15768008000897207,-1.0,-2.0,0.0,-0.5,0.25,1.5,0.0,-1.0,0.0,-0.5,0,0,1,0,0,1,0,0,0,0,0,0,0,1,0,0
7275,-0.05555555555555555,-0.25287356321839083,-0.3,-0.38461538461538464,-0.25,0.7703703703703704,-0.6627478860890436,-0.407189097306505,-0.3711219220924307,-0.2604264795297721,-0.5308733279587541,-0.28793818182820424,-0.37536818175688036,-0.20746290290324726,-0.3757191474672522,1.0,0.0,0.0,0.5,-0.5,-0.25,-0.2,0.0,1.0,0.0,0,0,1,0,0,0,0,0,1,0,0,0,0,0,0,1
1343,0.1111111111111111,0.8189655172413793,0.12,0.5384615384615384,1.5,0.6127946127946128,0.20022457036737887,0.14462085216772846,0.0858944741565191,0.24820008241161434,0.36059806427048563,0.005576690118878176,0.43158467582904997,-0.7755238700769802,0.7295519805090722,1.0,1.0,0.0,2.0,1.0,0.0,0.2,0.25,0.0,0.0,0,0,0,1,0,0,0,0,0,1,0,0,0,0,0,1
1384,-1.2222222222222223,-0.39655172413793105,-0.78,-0.6153846153846154,0.25,0.6878306878306878,-1.6695002588884627,-0.6807110482928288,-0.6142308636286554,-1.0709300510135173,-0.20746290290324726,-0.577371459454412,-0.1444589521359689,0.0,-0.047907629659445665,0.0,0.0,1.0,0.0,-0.5,-0.25,-0.6,0.5,-2.0,0.5,0,1,0,0,0,0,0,0,0,1,0,0,1,0,0,0
9967,-0.2222222222222222,0.11206896551724138,-0.38,0.5384615384615384,1.25,1.1380471380471382,0.048696098788466216,0.0446917605605678,-0.09038514046329572,-0.02774132199347692,0.20307829839592387,0.4063281461003298,0.08157014887009044,0.10153914919796193,0.40963152180849455,1.0,0.0,0.0,3.0,0.5,-0.25,0.4,0.5,0.0,0.5,1,0,0,0,0,0,1,0,0,0,0,0,0,1,0,0
6181,1.1111111111111112,0.9827586206896551,-0.26,0.9230769230769231,1.25,-0.7489711934156378,0.024527071632438766,0.3187386095282843,0.26123855607848134,0.34187791952638225,0.3154784929617928,0.4801527199771289,0.580665390703047,0.8803160941357743,0.08527600666061479,-1.0,-1.0,0.0,-0.5,1.0,1.25,1.2,0.0,-1.0,0.0,0,0,0,1,0,0,0,0,1,0,0,0,0,0,0,1
10507,-0.3888888888888889,-0.04885057471264368,-0.7,0.0,0.25,0.5777777777777778,0.22734673982689652,0.25817753604318316,0.5424762898738185,0.45740025233480036,-0.041572243722302185,0.011073137303157714,-1.007628303794069,-0.041572243722302185,-0.02345463250614205,0.0,-1.0,1.0,1.0,-0.5,0.0,0.4,0.5,-1.0,0.5,1,0,0,0,0,0,0,0,1,0,0,0,0,0,0,1
2674,0.6666666666666666,0.882183908045977,0.6,0.07692307692307693,0.0,-0.6018518518518519,0.5821832142352958,0.39136780510313235,0.7402851554203272,0.37733966695932286,0.07082795084356677,0.423392861344032,0.9885775262689339,0.978602168472904,0.6894502175765421,0.0,-1.0,1.0,-0.5,0.5,0.25,0.2,-0.75,1.0,-0.5,0,0,1,0,0,0,0,0,0,1,0,0,0,0,0,1
2698,-0.3333333333333333,-0.3505747126436782,0.06,0.15384615384615385,0.75,0.05664488017429206,-0.13533282897330903,0.017287331607378584,0.028902921528735012,0.12525526503792894,-0.041572243722302185,0.18024129088648239,0.18839803133104463,-0.7755238700769802,0.04421863650592419,0.0,-1.0,0.0,0.5,0.5,0.25,0.0,0.0,0.0,0.0,0,0,1,0,0,0,0,0,0,1,0,0,0,0,0,1
3231,-0.16666666666666666,-0.40229885057471265,0.96,-0.7692307692307693,0.0,0.1925925925925927,-0.4626044356225123,-0.9429471116559227,-0.8466829546908915,-1.1222164641568182,-0.20746290290324726,-0.6958495530356731,-0.576043627965019,-0.3877619350384901,-0.6546718917377307,0.0,0.0,0.0,-0.5,-0.75,-0.5,-0.4,0.5,0.0,-0.5,0,1,0,0,0,0,0,0,1,0,0,0,0,1,0,0
4096,0.1111111111111111,-0.49137931034482757,-0.5,-0.23076923076923078,0.5,0.48148148148148157,-0.33269955010891067,-0.27641634673446774,-0.26095340633981157,-0.14552373380004507,0.28183818133320476,-0.43106976387327783,0.10538624670896068,0.18029903213524281,-0.8199621321402158,0.0,-1.0,0.0,0.5,0.0,-0.25,-0.2,0.25,1.0,0.5,1,0,0,0,0,0,0,0,0,1,0,0,0,0,0,1
10476,0.6666666666666666,-0.8879310344827587,-0.98,-0.3076923076923077,-1.0,-0.43771043771043766,0.41251437971674215,-0.16807247212570303,-0.01507868673472682,-0.08634018612097294,0.10153914919796193,-0.04781188112962177,0.08157014887009044,-0.3877619350384901,0.12359411675246054,0.0,0.0,0.0,-0.5,-0.25,0.0,0.0,-1.0,0.0,0.5,0,1,0,0,0,0,0,0,1,0,0,0,0,0,0,1
5948,-0.2777777777777778,-0.8477011494252874,0.94,-0.23076923076923078,0.0,0.0,0.1681090922253991,-0.18920911431994217,-0.10873083062343954,-0.06486801835351146,-0.08870296647731721,-0.0951995573419654,-0.03144440163293923,0.0,-0.1887448729086275,0.0,-1.0,0.0,0.0,0.0,-0.25,0.0,-0.25,0.0,-0.5,0,0,1,0,0,0,0,0,1,0,0,0,0,0,0,1
9140,0.5555555555555556,-0.4885057471264368,0.8,-0.5384615384615384,-0.25,0.48148148148148157,-0.02553225488471911,-0.540688426614952,-0.4597441953627276,-0.40374930259193015,-0.20746290290324726,-0.38223786481114475,-0.37536818175688036,-0.041572243722302185,-1.451179391371804,1.0,1.0,0.0,0.0,-0.5,-0.5,-0.2,0.0,-1.0,-0.5,0,0,0,1,0,0,0,0,1,0,0,0,0,0,0,1
10258,0.2777777777777778,0.1810344827586207,0.9,-0.6923076923076923,0.0,0.9629629629629629,-0.5530868863688742,-0.8876516871453942,-0.8630479911658611,-0.6097055827056526,-0.7755238700769802,-0.9273913017065346,-1.007628303794069,-0.7755238700769802,-1.0529256415547674,2.0,1.0,0.0,0.0,-0.75,-0.5,-0.4,0.5,1.0,-0.5,0,0,1,0,0,0,0,0,1,0,0,0,0,0,0,1
5675,0.5555555555555556,0.7959770114942529,0.98,0.5384615384615384,0.25,0.6127946127946128,-0.022869060657504738,0.0808359353495665,-0.026844227127599526,0.32153778118240367,-0.7755238700769802,-0.38223786481114475,-0.24318664449800542,-0.7755238700769802,-0.9247165705944205,0.0,-1.0,1.0,2.0,0.0,0.75,0.4,0.0,2.0,-0.5,1,0,0,0,0,0,0,0,1,0,0,0,0,0,0,1
4743,0.05555555555555555,0.3649425287356322,0.46,1.0,1.25,0.06878306878306886,0.13857386242449862,0.3311176923265764,0.2593528544422965,0.4564372903699806,0.0,0.34549912098468055,-0.03144440163293923,0.0,0.7295519805090722,0.0,0.0,0.0,1.5,1.0,0.5,1.2,0.0,2.0,-0.5,0,1,0,0,0,0,0,0,1,0,0,0,0,0,0,1
8805,0.5555555555555556,0.6264367816091954,-0.96,0.15384615384615385,1.5,0.3965141612200436,-0.07537454581908114,-0.024052075664806973,-0.044047904245525064,0.1610909493662898,0.07082795084356677,-0.21236944249137837,-1.007628303794069,0.15594757564090878,0.06511398322198858,0.0,-1.0,0.0,1.0,0.75,0.0,-0.2,0.5,0.0,0.5,0,0,1,0,0,0,0,0,0,1,0,0,0,0,0,1
1542,-0.2777777777777778,-0.5028735632183908,-0.46,0.38461538461538464,0.0,0.7703703703703704,0.13860107210846648,0.0,-0.107096374597617,0.22870562076082745,-0.7755238700769802,-0.24294547577288908,-0.37536818175688036,-0.2862227858405282,-0.6546718917377307,2.0,1.0,0.0,2.0,0.0,0.0,0.6,-0.25,0.0,0.5,0,0,1,0,0,0,0,0,1,0,0,0,0,0,0,1
6770,-0.8333333333333334,-0.1235632183908046,-0.88,-0.6153846153846154,-0.25,0.6878306878306878,-1.3433561076855325,-0.6470705429580874,-0.5576050663084442,-1.1222164641568182,0.15594757564090878,-0.577371459454412,-1.007628303794069,-0.14311139292026412,0.14183560789634314,0.0,0.0,2.0,0.0,-0.5,-0.25,-0.6,0.0,0.0,0.5,0,1,0,0,0,0,0,0,0,1,0,0,1,0,0,0
8773,-0.05555555555555555,0.03735632183908046,-0.54,0.0,0.75,0.1925925925925927,0.17029609441938068,-0.07628186134675716,-0.05475027652798661,0.15755778561443867,-0.7755238700769802,-0.48707177625345005,-1.007628303794069,-0.7755238700769802,0.0,0.0,0.0,1.0,0.5,0.25,-0.25,0.2,0.25,1.0,0.5,0,0,0,1,0,0,0,0,1,0,0,0,0,0,0,1
10475,0.0,0.28160919540229884,-0.2,-0.07692307692307693,0.0,-0.13756613756613756,0.0,-0.08205094194003035,-0.02009612263066155,0.02384017154751048,-0.14311139292026412,-0.01140372710202764,0.28712572369308104,0.29905896856117287,-0.2934993113628321,0.0,0.0,0.0,0.0,0.0,0.0,0.2,-0.25,1.0,0.0,0,0,0,1,0,0,0,0,1,0,0,0,0,0,0,1
10420,0.8333333333333334,-0.8649425287356322,0.14,-0.38461538461538464,0.5,-0.38518518518518513,-0.15613843306974137,-0.21328207420179113,-0.03293737175515416,-0.19976752754108867,0.18029903213524281,-0.01723584784811107,-0.576043627965019,0.03718763921497886,0.2554981117643361,0.0,-1.0,0.0,-0.5,0.0,0.0,-0.4,0.25,1.0,0.0,1,0,0,0,0,0,0,0,0,1,0,0,0,0,0,1
7514,0.7777777777777778,0.014367816091954023,0.5,-0.23076923076923078,0.0,0.9629629629629629,0.085981579561273,-0.2966285120327026,-0.2959671475892741,-0.2402564783035804,0.07082795084356677,-0.2537066518592377,-0.03144440163293923,0.07082795084356677,0.08527600666061479,1.0,1.0,0.0,1.0,-0.25,-0.25,-0.2,0.0,-1.0,-0.5,0,0,0,1,0,0,0,0,1,0,0,0,0,0,0,1
2902,0.6666666666666666,0.8850574712643678,0.76,-0.7692307692307693,-0.75,0.1925925925925927,0.0,-0.797007714698515,-0.6044592396335859,-0.7216509478376368,-0.20746290290324726,-0.6320354792626287,-0.576043627965019,-0.3877619350384901,-0.731393516412085,1.0,1.0,0.0,-0.5,-0.75,-0.5,-0.4,-0.25,0.0,-0.5,0,0,0,1,0,0,0,0,1,0,0,0,0,0,0,1
4345,0.3333333333333333,-0.5402298850574713,0.0,-0.8461538461538461,-0.25,0.48148148148148157,0.0,-1.0697648452140578,-0.9236462952454159,-1.1222164641568182,-0.5308733279587541,-0.7322577070632672,-0.576043627965019,-0.7755238700769802,-0.9247165705944205,1.0,0.0,0.0,-0.5,-0.75,-0.5,-0.6,0.25,-1.0,0.0,0,0,1,0,0,0,0,0,1,0,0,0,0,1,0,0
793,-0.16666666666666666,0.7902298850574713,-0.5,-0.6923076923076923,0.5,0.0,-1.3766798334746515,-0.797007714698515,-0.714828469485766,-0.7387163872530763,-0.2862227858405282,-0.5077252649352844,-0.4630290774619893,-0.7755238700769802,-0.9247165705944205,0.0,0.0,0.0,-0.5,-0.5,-0.5,-0.4,0.75,0.0,0.5,0,1,0,0,0,0,0,0,1,0,0,0,0,0,0,1
10909,1.2222222222222223,-0.5488505747126436,-0.8,0.38461538461538464,-0.75,-0.9629629629629629,0.8974067267604007,0.5789710618085687,0.9311868116233739,0.5775542259772488,0.36059806427048563,0.8879142200695833,0.5445992263320798,0.28183818133320476,0.9012619380882784,-1.0,-1.0,2.0,-1.0,0.25,2.0,0.0,-1.25,0.0,0.5,0,1,0,0,0,1,0,0,0,0,0,0,0,0,0,1
3769,-0.1111111111111111,-0.6810344827586207,-0.64,-0.7692307692307693,-0.25,0.1925925925925927,0.0,-0.8219468640823298,-0.6464798256432392,-0.6343615367458626,-0.5308733279587541,-0.6037264941113603,-1.007628303794069,-0.7755238700769802,-1.0529256415547674,0.0,0.0,0.0,-0.5,-0.75,-0.5,-0.4,0.25,2.0,0.5,0,0,0,1,0,0,0,0,1,0,0,0,0,0,0,1
8702,-0.3333333333333333,-0.1235632183908046,-0.78,-0.6923076923076923,-0.25,0.9629629629629629,-0.9897020069705612,-1.0533270027820778,-1.1220408582417003,-0.9522631819915691,-0.5308733279587541,-0.8174977601529947,-1.007628303794069,-0.2862227858405282,-1.2182158819572526,1.0,1.0,0.0,0.0,-0.75,-0.5,-0.4,0.25,-1.0,0.5,0,0,0,1,0,0,0,0,1,0,0,0,0,0,0,1
4791,-0.5555555555555556,0.5862068965517241,-0.28,-0.7692307692307693,0.0,0.1925925925925927,-0.20391814832435293,-0.8306482200332561,-0.6610850369537974,-0.7216509478376368,-0.5308733279587541,-0.5077252649352844,-0.576043627965019,-0.7755238700769802,-1.2182158819572526,1.0,1.0,0.0,-0.5,-0.75,-0.5,-0.4,0.5,0.0,0.0,0,0,0,1,0,0,0,0,1,0,0,0,0,0,0,1
2963,-0.5,-0.8563218390804598,0.14,0.46153846153846156,0.5,-0.6878306878306878,0.5893544618961429,0.47671784324701405,0.7128691365282421,0.465943740719116,0.8280598458480344,0.6522278033746234,0.8206581533682332,0.7755238700769802,0.6754358957375127,-1.0,-1.0,0.0,-0.5,1.0,1.0,0.2,-0.75,0.0,0.0,0,0,0,1,0,0,0,0,0,1,0,0,0,0,0,1
8216,-0.1111111111111111,-0.27298850574712646,-0.84,0.15384615384615385,0.0,1.076252723311547,0.06953178930829869,-0.07286312606479284,-0.12974869700341482,-0.03190016522792321,-0.7755238700769802,0.047481291330751844,0.02911296866803439,-0.041572243722302185,0.6077626267254462,1.0,1.0,0.0,2.0,0.0,0.5,-0.4,-0.25,1.0,0.5,0,1,0,0,0,0,1,0,0,0,0,0,0,0,0,1
8140,-0.16666666666666666,-0.25,0.04,-0.38461538461538464,-0.75,0.7703703703703704,-1.2511009196179348,-0.5249502827186959,-0.5713250511400829,-0.9205531871755583,0.18029903213524281,-0.31259167029201684,-0.37536818175688036,-0.3877619350384901,0.2252511961698712,0.0,0.0,0.0,0.5,-0.5,-0.25,-0.2,-0.5,0.0,0.0,0,0,0,1,0,0,0,0,1,0,0,0,1,0,0,0
10146,-0.1111111111111111,-0.6810344827586207,-0.64,-0.7692307692307693,-0.25,0.1925925925925927,-0.4261255562625715,-0.8219468640823298,-0.6464798256432392,-0.6343615367458626,-0.5308733279587541,-0.6037264941113603,-1.007628303794069,-0.7755238700769802,-1.0529256415547674,0.0,0.0,0.0,-0.5,-0.75,-0.5,-0.4,0.25,2.0,0.5,0,0,0,1,0,0,0,0,1,0,0,0,0,0,0,1
5289,-0.2777777777777778,0.6925287356321839,-0.38,-0.6923076923076923,-1.0,0.9629629629629629,-0.3207877165170934,-0.6262317586662209,-0.426283430209447,-0.9873169549692411,-0.20746290290324726,-0.6320354792626287,0.08157014887009044,-0.20746290290324726,0.10475443845420482,1.0,0.0,0.0,0.0,-0.75,-0.25,-0.6,-0.5,-1.0,0.5,0,0,1,0,0,0,0,0,1,0,0,0,1,0,0,0
2587,-0.1111111111111111,-0.8936781609195402,-0.56,-0.6153846153846154,-0.5,0.6878306878306878,-0.8338856735987029,-1.0869675081168189,-1.251424929115056,-0.8173636728039921,-0.7755238700769802,-0.8685062832737553,-1.007628303794069,-0.7755238700769802,-1.849433141188841,0.0,0.0,0.0,0.0,-0.5,-0.5,-0.4,-0.25,2.0,0.5,0,1,0,0,0,0,0,0,1,0,0,0,0,0,0,1
4405,0.7777777777777778,-0.06321839080459771,-0.94,0.6153846153846154,0.5,-0.4605475040257649,0.3342897499173047,0.2544516549934388,0.2521921557907238,0.4224533032869537,-0.041572243722302185,0.2040176343294115,0.3413974350728991,-0.7755238700769802,-0.25641814192069373,1.0,1.0,0.0,0.0,0.5,0.25,1.4,-0.25,1.0,0.5,0,1,0,0,0,0,0,0,1,0,0,0,0,0,0,1
8663,-0.2222222222222222,-0.9137931034482759,0.72,-0.8461538461538461,-0.5,0.48148148148148157,-0.38309355321726674,-1.187526030626249,-1.110020789569042,-0.8916042300028858,-0.7755238700769802,-1.0822775493153898,-1.007628303794069,-0.7755238700769802,-1.451179391371804,1.0,0.0,0.0,-0.5,-0.75,-0.5,-0.6,0.0,0.0,-0.5,1,0,0,0,0,0,0,0,1,0,0,0,0,0,0,1
2589,-0.1111111111111111,-0.6149425287356322,0.32,-0.5384615384615384,-0.25,0.48148148148148157,-0.998142605370439,-0.6987531907066324,-0.7248896335197215,-0.6343615367458626,-0.2862227858405282,-0.5295595783247905,-0.1444589521359689,-0.14311139292026412,-1.2182158819572526,0.0,-1.0,0.0,0.0,-0.5,-0.25,-0.4,0.0,0.0,-0.5,1,0,0,0,0,0,0,0,1,0,0,0,0,0,0,1
3421,0.1111111111111111,0.22413793103448276,0.3,0.5384615384615384,1.5,-0.7003367003367003,0.3325169101058309,0.30633776385622347,0.3745254285636908,0.4293243030799417,0.20307829839592387,0.1511227049614788,0.18839803133104463,-0.041572243722302185,0.9560232320347458,0.0,-1.0,0.0,-0.5,1.25,0.25,0.8,0.0,1.0,-0.5,1,0,0,0,0,0,0,0,0,1,0,0,0,0,0,1
10490,0.05555555555555555,0.603448275862069,-0.76,-0.07692307692307693,1.0,-0.13756613756613756,-0.009981929764739356,0.019060910862381195,0.15918355631701306,-0.18287541614550173,0.6978516802157864,0.062081660423918196,0.638257876730324,-0.7755238700769802,0.8512687935805415,1.0,1.0,0.0,0.0,0.5,0.0,-0.2,0.25,2.0,0.5,0,1,0,0,0,0,0,0,0,1,0,0,1,0,0,0
4094,0.5,0.9109195402298851,0.86,0.0,0.5,0.5777777777777778,0.25137008667355815,-0.11613470841960799,-0.12473674694207611,0.04773681800843071,-0.3877619350384901,-0.16628997471088275,-0.4630290774619893,-0.14311139292026412,0.20950887690840939,1.0,1.0,0.0,1.0,0.25,-0.25,0.0,0.0,0.0,-0.5,0,1,0,0,0,0,0,0,0,1,0,0,0,0,0,1
9958,-0.1111111111111111,-0.7586206896551724,0.1,0.46153846153846156,1.25,-0.6878306878306878,0.37609341872720653,0.2449693260683851,0.29531900828327057,0.43296612503461074,0.18029903213524281,-0.11745807564874954,-1.007628303794069,-0.041572243722302185,0.4835297564776514,0.0,0.0,0.0,-0.5,1.25,0.0,0.8,-0.25,0.0,0.0,0,1,0,0,0,0,0,0,0,1,0,0,0,0,0,1
2534,0.9444444444444444,-0.8247126436781609,-0.9,-0.38461538461538464,0.5,0.1925925925925927,-0.4729162452867979,-0.27445458846883847,-0.14055713975089765,-0.19290742622084192,-0.5308733279587541,-0.18406045734010976,-0.24318664449800542,-0.3877619350384901,0.29807749263654026,0.0,0.0,0.0,0.0,0.0,-0.25,-0.4,0.25,0.0,0.5,0,1,0,0,0,0,0,0,0,1,0,0,0,0,0,1
4188,0.7222222222222222,0.9454022988505747,0.08,-0.07692307692307693,1.0,0.2751322751322751,-0.5078825948049446,-0.041349423132366815,0.051866123386480396,0.05264162123535398,-0.14311139292026412,-0.20269812873847687,0.12784066103007083,-0.7755238700769802,0.7359716976857932,0.0,-1.0,1.0,0.5,0.25,0.0,-0.2,0.5,0.0,0.0,0,0,1,0,0,0,0,0,0,1,0,0,0,0,0,1
6613,0.0,0.7729885057471264,-0.2,0.8461538461538461,1.75,0.3703703703703705,-0.21941403137386972,0.22422797045994403,0.11770173556615729,0.35846675558884056,-0.041572243722302185,0.25912047841190844,0.5048840918141492,0.18029903213524281,-0.2934993113628321,0.0,0.0,0.0,2.0,1.0,0.5,0.6,0.5,1.0,0.0,0,1,0,0,0,0,0,0,0,1,0,0,0,0,0,1
10827,0.16666666666666666,0.9626436781609196,0.0,-0.3076923076923077,0.75,1.1380471380471382,-0.5044409087623861,-0.36738829309712795,-0.36285318369200026,-0.22495708735178924,-0.2862227858405282,-0.43106976387327783,-0.37536818175688036,-0.5308733279587541,0.10475443845420482,1.0,1.0,0.0,1.0,-0.25,-0.5,-0.2,0.75,2.0,0.0,0,1,0,0,0,0,0,0,1,0,0,0,0,0,0,1
5491,1.0555555555555556,0.25287356321839083,0.42,0.07692307692307693,1.0,0.48148148148148157,-0.12472809078441581,-0.07973249819637128,-0.10262179856560691,-0.0038242159730642344,0.1297907130420535,0.19400842007791655,-0.1444589521359689,-0.7755238700769802,-0.25641814192069373,0.0,0.0,0.0,1.0,0.5,-0.25,0.0,0.25,1.0,-0.5,0,0,0,1,0,0,0,0,0,1,0,0,0,0,0,1
8402,0.9444444444444444,-0.46551724137931033,-0.18,0.5384615384615384,0.5,-0.43771043771043766,0.40841383519861724,0.2567847262391589,0.28571725250763147,0.21103581582664208,0.48930108423645197,0.4536835031376679,0.9075700587577056,0.48930108423645197,0.32480597280315754,0.0,0.0,0.0,0.0,0.75,0.75,0.6,-0.5,1.0,0.0,0,1,0,0,0,0,0,0,1,0,0,0,0,0,0,1
8783,1.1111111111111112,0.8706896551724138,-0.18,0.23076923076923078,-0.5,0.0,0.16026892500521417,0.050425062472007516,0.05022376188247049,0.17598204284897026,0.15594757564090878,0.16595938491201265,-0.03144440163293923,0.15594757564090878,-0.1887448729086275,0.0,0.0,0.0,0.5,0.0,0.0,0.8,-0.75,0.0,0.0,0,1,0,0,0,0,0,0,1,0,0,0,0,0,0,1
10010,0.9444444444444444,0.8764367816091954,-0.12,-0.3076923076923077,0.75,1.1380471380471382,-0.5040267697562133,-0.3525946977752159,-0.3373833430056705,-0.18287541614550173,-0.3877619350384901,-0.5295595783247905,-0.576043627965019,-0.5308733279587541,0.14183560789634314,1.0,0.0,1.0,1.0,-0.25,0.0,-0.6,0.75,2.0,0.0,1,0,0,0,0,0,1,0,0,0,0,0,0,0,0,1
618,-0.3888888888888889,0.8132183908045977,-0.64,0.5384615384615384,0.5,-0.7003367003367003,0.46004473486754405,0.25817753604318316,0.2882094246656238,0.2936391899226646,-0.041572243722302185,0.4801527199771289,0.6613730907052233,0.5834093037298083,-0.25641814192069373,0.0,0.0,0.0,-0.5,0.75,0.0,1.4,-0.5,2.0,0.5,0,1,0,0,0,0,0,0,1,0,0,0,0,0,0,1
9121,-0.1111111111111111,0.14080459770114942,-0.18,0.07692307692307693,0.5,-0.2407407407407407,0.6803717154039457,0.5358779559601736,1.0028273063750937,0.6457768204506076,0.2244761299230198,0.5309614018750465,0.8206581533682332,-0.7755238700769802,0.6754358957375127,0.0,0.0,4.0,0.0,0.25,0.25,0.2,0.0,0.0,0.0,0,1,0,0,0,0,0,0,1,0,0,0,0,0,0,1
361,0.05555555555555555,-0.646551724137931,0.7,-0.8461538461538461,-0.25,0.48148148148148157,-0.2672206361619374,-1.0869675081168189,-0.951369171036892,-1.1222164641568182,-0.5308733279587541,-0.8174977601529947,-0.576043627965019,-0.5308733279587541,-0.9247165705944205,1.0,1.0,0.0,-0.5,-0.75,-0.5,-0.6,0.25,1.0,-0.5,0,1,0,0,0,0,0,0,1,0,0,0,0,1,0,0
4310,1.4444444444444444,-0.5689655172413793,-0.48,0.46153846153846156,-0.75,-0.6878306878306878,0.6890364438097325,0.4736254999375608,0.7072681468340983,0.35456021606950916,0.8280598458480344,0.7778374228211149,1.150295075351181,0.5352041322794227,0.04421863650592419,-1.0,-1.0,2.0,-0.5,0.25,2.0,0.0,-1.25,0.0,0.5,0,1,0,0,0,1,0,0,0,0,0,0,0,1,0,0
2678,-1.1111111111111112,0.4166666666666667,0.26,-0.3076923076923077,1.25,0.6127946127946128,-0.6132150469108982,-0.2354932637705041,-0.13373179435061394,-0.3974119085694327,0.1297907130420535,-0.10989354155354014,-0.37536818175688036,0.49897171996375944,0.46336773303902573,0.0,-1.0,0.0,0.5,0.25,-0.5,-0.4,0.75,0.0,-0.5,0,0,1,0,0,0,0,0,0,1,0,0,1,0,0,0
6376,-0.5,0.08045977011494253,0.68,0.3076923076923077,-0.25,0.253411306042885,0.17341117199420877,0.1178458541168086,0.1344396278430252,0.030844706612843782,0.6514958340044109,0.2758529264655526,0.5445992263320798,0.0,0.8022245488919142,0.0,-1.0,0.0,1.0,0.0,0.25,0.6,-0.5,0.0,-0.5,0,0,1,0,0,0,0,0,1,0,0,0,0,0,0,1
524,0.2222222222222222,0.49712643678160917,-0.04,-0.6923076923076923,0.25,0.0,-1.2543427963449758,-0.5211182218375319,-0.2441010242027937,-1.3528286983107507,0.346189691316188,-0.6626115125441394,-0.1444589521359689,-0.08870296647731721,0.36270269768368657,-1.0,-1.0,0.0,-0.5,-0.5,-0.25,-0.6,0.5,-2.0,0.0,0,0,0,1,0,0,0,0,0,1,0,0,1,0,0,0
10341,1.2222222222222223,-0.6609195402298851,-0.08,-0.38461538461538464,-1.25,-0.38518518518518513,-0.0017287242249174482,-0.21328207420179113,-0.03293737175515416,-0.3096399692907102,0.4129838139810195,-0.20269812873847687,0.10538624670896068,0.436522943019284,0.29807749263654026,-1.0,-1.0,0.0,-0.5,-0.5,0.0,0.0,-1.0,0.0,0.0,0,0,0,1,0,0,0,0,1,0,0,0,0,0,0,1
5654,-0.1111111111111111,-0.7212643678160919,-0.3,-0.6153846153846154,-0.25,0.6878306878306878,-0.5430717725227161,-0.6866278235723599,-0.6241451440996029,-0.7054183076720079,-0.20746290290324726,-0.6958495530356731,-0.24318664449800542,-0.20746290290324726,-0.1887448729086275,2.0,2.0,0.0,0.0,-0.5,-0.5,-0.4,0.0,0.0,0.0,0,1,0,0,0,0,0,0,1,0,0,0,0,0,0,1
4098,-0.16666666666666666,-0.5862068965517241,-0.92,-0.46153846153846156,-0.25,0.9629629629629629,-1.124454725270663,-0.8051353070497679,-0.964063300460591,-0.7054183076720079,-0.2862227858405282,-0.5295595783247905,-1.007628303794069,-0.20746290290324726,-1.451179391371804,1.0,1.0,0.0,0.5,-0.5,-0.5,-0.2,0.0,0.0,0.5,0,1,0,0,0,0,0,0,1,0,0,0,0,0,0,1
5824,-0.1111111111111111,-0.7959770114942529,-0.96,-0.8461538461538461,-0.5,0.48148148148148157,-0.6058506697361098,-1.4002902633125198,-1.4220966163198643,-1.026503739190463,-0.7755238700769802,-1.347057338477785,-1.007628303794069,-0.7755238700769802,-1.849433141188841,2.0,2.0,0.0,-0.5,-0.75,-0.5,-0.6,0.0,2.0,0.5,0,0,0,1,0,0,0,0,1,0,0,0,0,0,0,1
7000,-0.1111111111111111,-0.27873563218390807,-0.62,0.6153846153846154,-1.5,-0.7117552334943639,0.3765360211816493,0.26733123525027164,0.2752152470749305,0.1563716769550384,1.0433619562618106,0.03742817196010557,0.43158467582904997,0.0,1.316033913712617,-1.0,-2.0,0.0,-0.5,-0.5,2.0,1.0,-1.25,-1.0,0.5,0,0,1,0,0,1,0,0,0,0,0,0,0,0,0,1
2561,0.2222222222222222,0.6867816091954023,-0.08,0.6153846153846154,0.75,0.0418679549114332,0.33177362315451936,0.4585730382656987,0.6192084260307535,0.5724901536803146,0.1297907130420535,0.503405119408209,0.10538624670896068,0.1297907130420535,0.8078852716255311,0.0,-1.0,1.0,1.0,0.0,0.25,1.4,0.5,0.0,0.0,0,0,1,0,0,0,0,0,1,0,0,0,0,0,0,1
5229,0.05555555555555555,-0.6408045977011494,0.64,-0.7692307692307693,-0.25,0.1925925925925927,0.08005625687021325,-0.8219468640823298,-0.6464798256432392,-0.5758421620767741,-0.5308733279587541,-0.7725050540976793,-1.007628303794069,-0.7755238700769802,-1.0529256415547674,0.0,0.0,0.0,-0.5,-0.75,-0.5,-0.4,0.25,2.0,-0.5,0,0,0,1,0,0,0,0,1,0,0,0,0,0,0,1
4086,0.6111111111111112,0.5517241379310345,0.56,-0.7692307692307693,0.0,0.1925925925925927,-1.547339767252894,-0.6926408107857763,-0.426283430209447,-1.0709300510135173,-0.5308733279587541,-0.8174977601529947,0.24085521153310066,-0.20746290290324726,-0.12820907096034687,-1.0,-1.0,0.0,-0.5,-0.75,-0.25,-0.6,0.5,0.0,-0.5,0,1,0,0,0,0,0,0,1,0,1,0,0,0,0,0
2428,0.0,0.1867816091954023,-0.52,-0.46153846153846156,0.0,0.9629629629629629,-0.9198308705472171,-0.5970225893528761,-0.6274823309177929,-1.2571159733443953,0.2637338989659208,-0.352839017326429,-0.03144440163293923,0.0,-0.3757191474672522,0.0,0.0,0.0,0.5,-0.5,-0.5,-0.2,0.25,0.0,0.5,0,1,0,0,0,0,0,0,1,0,0,0,0,1,0,0
8254,-0.2222222222222222,0.2471264367816092,-0.02,-0.8461538461538461,0.0,0.48148148148148157,-0.6050542483730734,-1.0375888588858215,-0.8713808092182469,-0.8173636728039921,-0.7755238700769802,-1.1921710908689298,-1.007628303794069,-0.7755238700769802,-0.6546718917377307,0.0,0.0,0.0,-0.5,-0.75,-0.5,-0.6,0.5,2.0,0.0,0,1,0,0,0,0,0,0,1,0,0,0,0,0,0,1
2836,-0.1111111111111111,-0.20114942528735633,0.24,-0.8461538461538461,0.0,0.48148148148148157,-0.26272231164648085,-1.1050096505306226,-0.9802720925656272,-0.9205531871755583,-0.5308733279587541,-0.8174977601529947,-1.007628303794069,-0.7755238700769802,-1.451179391371804,0.0,0.0,0.0,-0.5,-0.75,-0.5,-0.6,0.5,2.0,-0.5,0,1,0,0,0,0,0,0,1,0,0,0,0,0,0,1
8418,0.6666666666666666,-0.7614942528735632,0.22,-0.6153846153846154,0.0,0.6878306878306878,-0.4318819383576528,-0.6866278235723599,-0.6241451440996029,-1.026503739190463,0.07082795084356677,-0.5077252649352844,-0.1444589521359689,-0.08870296647731721,-0.3331397665950483,1.0,0.0,0.0,0.0,-0.5,-0.5,-0.4,0.25,-1.0,0.0,0,0,1,0,0,0,0,0,1,0,0,0,0,1,0,0
1362,-0.1111111111111111,0.3620689655172414,0.52,-0.07692307692307693,1.0,-0.5502645502645502,-0.7288766349286571,0.04633893729654712,0.2078211514696826,-0.5451092696564066,0.8047795771982449,-0.01723584784811107,1.0235720403993935,0.2244761299230198,0.6312172592315883,-1.0,-2.0,0.0,-0.5,0.5,-0.25,0.2,0.25,0.0,-0.5,0,0,1,0,0,0,0,0,0,1,1,0,0,0,0,0
7152,-0.7222222222222222,0.27011494252873564,0.3,-0.7692307692307693,-0.25,0.1925925925925927,-0.9787644871405027,-0.8676581388004984,-0.7228654408112252,-0.864973770899795,-0.7755238700769802,-0.6037264941113603,-0.576043627965019,-0.7755238700769802,-0.471701526830916,0.0,0.0,0.0,-0.5,-0.75,-0.5,-0.4,0.25,1.0,-0.5,0,1,0,0,0,0,0,0,1,0,0,0,0,1,0,0
10033,-0.16666666666666666,-0.632183908045977,0.1,-0.7692307692307693,-0.5,0.1925925925925927,-0.7649828786775035,-0.8580526489864454,-0.7068854999807795,-1.3528286983107507,-0.2862227858405282,-0.6958495530356731,-0.03144440163293923,-0.3877619350384901,-0.471701526830916,0.0,-1.0,0.0,-0.5,-0.75,-0.5,-0.4,0.0,-1.0,0.0,1,0,0,0,0,0,0,0,1,0,1,0,0,0,0,0
9349,-0.8333333333333334,-0.47126436781609193,0.7,0.6153846153846154,-0.25,-0.7117552334943639,0.9005356881495412,0.38746839569321545,0.49089408516331035,0.4583604351847473,0.3154784929617928,0.2137712660416344,0.8424885083022684,0.9882728042002115,0.31159714487129303,-1.0,-1.0,2.0,-0.5,0.5,0.75,1.2,-1.0,0.0,-0.5,0,1,0,0,0,0,0,0,1,0,0,0,0,0,0,1
274,-0.16666666666666666,-0.4827586206896552,0.52,-0.6153846153846154,-0.25,0.6878306878306878,-0.5937280951054386,-0.8980690116780572,-0.9677342075118616,-0.9522631819915691,-0.2862227858405282,-0.5527179709905995,-0.576043627965019,-0.2862227858405282,-1.2182158819572526,1.0,0.0,0.0,0.0,-0.5,-0.5,-0.4,0.0,0.0,-0.5,0,0,1,0,0,0,0,0,1,0,0,0,0,1,0,0
3388,0.16666666666666666,-0.3275862068965517,-0.66,0.15384615384615385,1.0,0.7363834422657953,0.491802358034841,-0.10981334823560172,-0.19427683650700733,-0.09889651123910408,0.38776193503849,0.0,-0.4630290774619893,0.7137772141594719,-1.2182158819572526,1.0,0.0,0.0,1.5,0.5,-0.25,0.0,0.25,0.0,0.5,1,0,0,0,0,0,0,0,0,1,0,0,0,0,0,1
922,-0.5,0.1867816091954023,0.6,-0.6923076923076923,0.0,0.9629629629629629,-0.7687687900790975,-0.7736447529211181,-0.6760112674860832,-0.7757215038103391,-0.3877619350384901,-0.6626115125441394,-0.4630290774619893,-0.7755238700769802,-0.22158573742309376,1.0,1.0,1.0,0.0,-0.75,-0.25,-0.6,0.5,-1.0,-0.5,0,1,0,0,0,0,0,0,1,0,0,0,0,0,0,1
8588,0.5,0.9109195402298851,0.86,0.0,0.5,0.5777777777777778,0.25137008667355815,-0.11613470841960799,-0.12473674694207611,0.04773681800843071,-0.3877619350384901,-0.16628997471088275,-0.4630290774619893,-0.14311139292026412,0.20950887690840939,1.0,1.0,0.0,1.0,0.25,-0.25,0.0,0.0,0.0,-0.5,0,1,0,0,0,0,0,0,0,1,0,0,0,0,0,1
2518,-0.8888888888888888,0.47126436781609193,-0.66,-0.8461538461538461,-0.5,0.48148148148148157,-1.4065574914136394,-0.9429471116559227,-0.714828469485766,-1.1222164641568182,-0.20746290290324726,-0.9273913017065346,-0.37536818175688036,-0.3877619350384901,-0.471701526830916,-1.0,-1.0,0.0,-0.5,-1.0,-0.25,-0.6,0.25,-1.0,0.5,0,0,0,1,0,0,0,0,1,0,0,0,1,0,0,0
574,0.3333333333333333,-0.8304597701149425,0.94,-0.6153846153846154,-1.5,-0.13756613756613756,-0.28933683474756583,-0.4243917602092659,-0.17369132824440098,-0.8173636728039921,0.49897171996375944,-0.6626115125441394,-0.4630290774619893,0.38776193503849,0.20950887690840939,-1.0,-1.0,0.0,-0.5,-0.75,-0.25,-0.2,-1.0,0.0,-0.5,0,1,0,0,0,0,0,0,1,0,0,1,0,0,0,0
3220,-0.7222222222222222,0.41379310344827586,-0.38,-0.46153846153846156,0.5,0.32098765432098764,-0.38592756858304084,-0.3430511857650126,-0.19282262577806683,-0.5867514386500596,0.1297907130420535,-0.04781188112962177,0.16923104457519936,-0.5308733279587541,0.2252511961698712,0.0,0.0,0.0,0.0,-0.25,-0.5,-0.2,0.5,0.0,0.5,0,1,0,0,0,0,0,0,1,0,0,0,0,1,0,0
5967,1.0,-0.028735632183908046,0.22,-0.46153846153846156,0.25,0.9629629629629629,-0.6588026909792426,-0.636504379395119,-0.692990055607816,-0.6218052116277316,-0.3877619350384901,-0.4674779179008721,-0.06562641226476575,-0.14311139292026412,-0.5869986227256642,1.0,1.0,0.0,0.5,-0.5,-0.25,-0.4,0.5,0.0,0.0,0,0,0,1,0,0,0,0,1,0,0,0,0,0,0,1
1183,1.1666666666666667,-0.21551724137931033,-0.76,-0.8461538461538461,-0.5,0.48148148148148157,-0.5269304631701366,-1.0533270027820778,-0.8970108754924192,-0.9522631819915691,-0.5308733279587541,-0.9970374962256624,-0.4630290774619893,-0.3877619350384901,-1.0529256415547674,1.0,1.0,0.0,-0.5,-0.75,-0.5,-0.6,0.0,1.0,0.5,0,1,0,0,0,0,0,0,1,0,0,0,0,0,0,1
6856,-0.5,0.8850574712643678,0.52,-0.46153846153846156,0.75,0.9629629629629629,-1.3227145836766712,-0.6635083853900678,-0.7373925434149378,-0.8173636728039921,-0.7755238700769802,-0.39783172338174416,-0.37536818175688036,-0.14311139292026412,-0.12820907096034687,0.0,0.0,1.0,0.5,-0.25,-0.5,-0.4,0.75,0.0,-0.5,0,0,0,1,0,0,0,0,0,1,0,0,0,1,0,0
4530,1.2222222222222223,0.7385057471264368,-0.26,0.6153846153846154,-0.75,-0.20933977455716585,0.6474202845786211,0.5849557956923263,0.8481991524414485,0.5707848545774429,0.28183818133320476,0.8292123694603819,1.0345768300636031,0.38776193503849,0.9857118357498144,-1.0,-2.0,2.0,0.5,-0.25,1.25,1.0,-0.75,1.0,0.0,0,0,0,0,1,0,0,0,1,0,0,0,0,0,0,1
1553,1.3333333333333333,-0.23275862068965517,0.44,0.6153846153846154,0.5,-0.7117552334943639,0.7278114369587694,0.647040040413025,0.9610327864554259,0.5687268905317246,1.0351052961610872,0.8756267239327267,1.156709018668066,0.8704655164602081,0.9338367416070775,-1.0,-1.0,2.0,-0.5,0.75,0.75,1.0,-0.5,0.0,-0.5,0,0,0,1,0,0,0,0,1,0,0,0,0,0,0,1
4682,0.6666666666666666,-0.28448275862068967,0.78,-0.15384615384615385,-1.5,-0.5185185185185185,0.01491087008104834,-0.09028191437744794,0.01361650700355569,-0.18618592233087805,0.40059811775913484,0.15861307218163676,0.31519804194714235,0.5981179371223457,-0.731393516412085,-1.0,-1.0,0.0,-0.5,-0.5,0.0,0.6,-1.25,0.0,-0.5,0,1,0,0,0,0,0,0,1,0,0,0,0,1,0,0
8204,-0.05555555555555555,0.5862068965517241,0.88,0.23076923076923078,-0.75,-0.6419753086419753,0.6398696589973094,0.44428514703981,0.757322616393389,0.3377704213480324,0.48930108423645197,0.8012976015667549,0.677858529154613,1.017988918377414,-0.1887448729086275,-1.0,-1.0,0.0,-0.5,0.0,0.5,0.8,-1.0,-1.0,-0.5,0,1,0,0,0,0,0,0,1,0,0,0,0,1,0,0
5221,0.7222222222222222,0.6293103448275862,0.88,0.8461538461538461,2.25,-0.07407407407407397,0.043435309561510205,0.2943479752993825,0.24257062929895515,0.46827850908366536,0.0,0.14732171351364587,-0.03144440163293923,-0.7755238700769802,0.3747991173108948,0.0,0.0,1.0,1.0,1.5,1.25,0.0,0.5,0.0,-0.5,0,1,0,0,0,0,0,0,0,1,0,0,0,0,0,1
1232,-0.6666666666666666,-0.3132183908045977,0.1,0.15384615384615385,-0.75,-0.6230936819172113,0.4742916406671927,0.42265380167372696,0.7563957401327288,0.4032165512745999,0.6388889180172997,0.6247797880328165,0.6724398873621507,0.6388889180172997,0.9516539432228468,-1.0,-1.0,0.0,-0.5,0.0,0.5,0.6,-1.0,2.0,0.0,0,0,0,1,0,0,0,0,1,0,0,0,0,0,0,1
1927,-0.16666666666666666,-0.7413793103448276,-0.16,0.15384615384615385,-0.75,0.3965141612200436,0.460309367041844,0.20493924176539516,0.3634389857877599,0.27503854597698657,0.40059811775913484,0.3268614495863134,0.5942131229410537,0.0,0.27004467885669003,0.0,0.0,0.0,1.0,0.0,0.5,0.0,-1.0,-1.0,0.0,0,0,0,1,0,0,0,0,1,0,0,0,0,0,0,1
5788,-0.1111111111111111,0.4051724137931034,-0.06,-0.23076923076923078,-0.25,0.48148148148148157,-0.1672961214991474,-0.2354932637705041,-0.18974272865832092,-0.3732046439115666,0.07082795084356677,0.11959996366442333,0.16923104457519936,-0.041572243722302185,0.022534602349784674,0.0,0.0,0.0,0.5,-0.25,0.0,-0.2,-0.25,0.0,0.0,0,0,0,1,0,0,0,0,1,0,0,0,0,1,0,0
6652,0.2777777777777778,-0.9655172413793104,-0.42,0.15384615384615385,-1.25,-0.6230936819172113,0.6261206217439582,0.3884471097161449,0.6944101419840785,0.08801982439629825,0.997685525320599,0.8148449960979839,0.7975429393933342,0.6388889180172997,0.14183560789634314,-1.0,-1.0,0.0,-0.5,-0.25,0.5,0.8,-1.25,0.0,0.5,0,1,0,0,0,0,0,0,1,0,0,0,0,1,0,0
6246,0.9444444444444444,-0.367816091954023,-0.18,0.6153846153846154,-1.25,-0.7117552334943639,0.5562671282151971,0.4935236975512676,0.6824276358308647,0.463120217748036,0.8603321087721983,0.8330387435779973,-1.007628303794069,0.6636679410374086,0.32480597280315754,-1.0,-2.0,1.0,-0.5,-0.25,2.25,0.6,-1.25,0.0,0.0,0,0,1,0,0,1,0,0,0,0,0,0,0,0,0,1
5975,0.16666666666666666,-0.2413793103448276,0.66,-0.6923076923076923,0.0,0.0,-0.3713539797982563,-0.7112896646823601,-0.5713250511400829,-0.5081041530991438,-0.7755238700769802,-0.5077252649352844,-1.007628303794069,-0.7755238700769802,-1.0529256415547674,0.0,-1.0,0.0,-0.5,-0.5,-0.5,-0.4,0.25,2.0,-0.5,0,0,1,0,0,0,0,0,1,0,0,0,0,0,0,1
6875,0.2777777777777778,0.9022988505747126,-0.22,0.15384615384615385,1.5,-0.28322440087145967,-0.6900447463396495,0.10684755449873144,0.18794743341920842,-0.013581605210210618,0.15594757564090878,0.37397048509216785,0.7467827177761923,0.15594757564090878,0.5997267095804195,-1.0,-1.0,0.0,0.0,0.75,0.25,0.0,0.5,2.0,0.0,0,0,0,1,0,0,0,0,0,1,0,0,0,1,0,0
4399,0.05555555555555555,-1.0114942528735633,-0.92,0.07692307692307693,-0.75,-0.6018518518518519,0.44466179615565754,0.37416514220037145,0.7091110683203456,0.3208137262141896,0.7798546743976487,0.6334373028128846,0.8280705487745917,0.6122380649615098,0.28423203449009354,-1.0,-1.0,0.0,-0.5,0.0,0.5,0.4,-1.0,0.0,0.5,0,0,0,1,0,0,0,0,1,0,0,0,0,0,0,1
4042,-0.05555555555555555,0.7701149425287356,0.76,-0.3076923076923077,0.75,0.6127946127946128,-0.26162630014856647,-0.29044802444689616,-0.2297276590911033,-0.21392724432435498,-0.2862227858405282,-0.0951995573419654,-0.576043627965019,-0.5308733279587541,0.14183560789634314,0.0,-1.0,1.0,0.5,0.0,-0.5,-0.2,0.5,0.0,-0.5,1,0,0,0,0,0,0,0,0,1,0,0,0,0,0,1
2157,-0.1111111111111111,0.5086206896551724,0.0,-0.38461538461538464,-0.25,1.3481481481481483,-1.0252018964586929,-0.6017333609028825,-0.69903435877029,-0.7958915050365306,0.0,-0.5295595783247905,-0.03144440163293923,-0.14311139292026412,-0.047907629659445665,1.0,1.0,0.0,1.0,-0.5,-0.5,-0.2,0.0,0.0,0.0,0,0,0,1,0,0,0,0,1,0,0,0,1,0,0,0
10133,0.0,-0.6293103448275862,-0.66,0.7692307692307693,-0.25,-0.9629629629629629,0.921184571386701,0.6575742777074736,0.9241433773759319,0.667947640332209,0.7189299498162411,0.9077278692733065,0.7601007830672596,0.8992289819514839,0.3503461201575912,-1.0,-2.0,4.0,-1.0,0.5,1.25,1.4,-1.0,0.0,0.5,0,0,1,0,0,0,0,0,1,0,0,0,0,0,0,1
2525,-0.2222222222222222,0.853448275862069,0.32,0.23076923076923078,0.5,-0.32098765432098764,-0.44501311587633335,0.11031979189543546,0.15655233973248073,-0.042530562382883,0.6978516802157864,0.2294935052179633,0.8631693516581,0.6978516802157864,-0.2934993113628321,-1.0,-1.0,1.0,0.0,0.25,0.0,0.8,0.0,2.0,-0.5,0,1,0,0,0,0,0,0,1,0,0,0,0,0,0,1
8233,1.1111111111111112,-0.5804597701149425,-0.8,0.46153846153846156,0.75,0.13756613756613756,0.3568922097195462,0.12522179443445364,0.0819470437377659,0.35521449971514657,-0.14311139292026412,-0.43106976387327783,-0.19072946429594947,-0.14311139292026412,-0.471701526830916,0.0,-1.0,1.0,1.0,0.75,0.25,0.4,-0.25,1.0,0.5,0,0,0,0,1,0,0,0,0,1,0,0,0,0,0,1
9483,0.6111111111111112,-0.1206896551724138,-0.5,0.7692307692307693,-0.5,0.6548148148148151,0.18454155459737112,0.17542938498051944,0.05686721792386264,0.16919194744725288,0.6696001163716948,0.36758599404537184,0.7038842889950898,-0.14311139292026412,0.10475443845420482,0.0,0.0,0.0,2.5,0.0,1.0,0.6,-0.75,0.0,0.5,0,0,0,1,0,0,0,0,1,0,0,0,0,0,0,1
2945,0.8333333333333334,-0.8017241379310345,-0.48,-0.7692307692307693,-0.25,0.1925925925925927,-0.1685593773259869,-0.7890549229015935,-0.5910109556060998,-0.4994620275582855,-0.7755238700769802,-1.1921710908689298,-1.007628303794069,-0.7755238700769802,-0.731393516412085,1.0,1.0,2.0,-0.5,-0.75,-0.5,-0.4,0.25,2.0,0.5,0,0,0,1,0,0,0,0,1,0,0,0,0,0,0,1
10403,-0.4444444444444444,-0.9913793103448276,-0.12,-0.46153846153846156,0.25,0.9629629629629629,-1.7351835887052174,-0.8051353070497679,-0.964063300460591,-1.3528286983107507,0.15594757564090878,-0.8685062832737553,-0.19072946429594947,-0.14311139292026412,-0.4217083823231789,0.0,0.0,0.0,0.5,-0.25,-0.5,-0.4,0.25,0.0,0.0,0,0,0,1,0,0,0,0,0,1,0,1,0,0,0,0
5074,-0.8888888888888888,0.0,-0.78,-0.7692307692307693,-0.25,0.1925925925925927,-0.9248379465005773,-0.7812695708022587,-0.5778238198805893,-0.5758421620767741,-0.7755238700769802,-0.6958495530356731,-0.576043627965019,-0.7755238700769802,-0.8199621321402158,0.0,0.0,0.0,-0.5,-0.75,-0.5,-0.4,0.25,1.0,0.5,0,1,0,0,0,0,0,0,1,0,0,0,0,0,0,1
10524,0.3888888888888889,0.05172413793103448,-0.4,0.5384615384615384,-1.25,0.08754208754208763,-0.05757900842963746,0.2572495793057817,0.2865489931516105,0.26404608322334977,0.346189691316188,0.13172785494304612,0.566633709772423,0.543709510679399,1.186077577209429,0.0,-1.0,0.0,1.0,-0.5,2.25,0.0,-1.0,1.0,0.5,1,0,0,0,0,1,0,0,0,0,0,0,0,0,0,1
4690,0.9444444444444444,0.4166666666666667,-0.08,0.46153846153846156,1.75,0.13756613756613756,-0.0194258900866689,0.14462085216772846,0.11636908119462785,0.3097594493655288,0.07082795084356677,0.04248780207134045,-1.007628303794069,0.07082795084356677,0.3866461083646709,0.0,0.0,0.0,1.0,1.0,-0.25,0.6,0.5,0.0,0.0,0,1,0,0,0,0,0,0,0,1,0,0,0,0,0,1
7521,1.0,0.16379310344827586,0.16,0.38461538461538464,-1.0,-0.674074074074074,0.7496317936474124,0.5095988642326754,0.80517162364268,0.5455760843592297,0.4477288405141499,0.621481956136659,0.6936799412060767,0.4477288405141499,1.1713066169449684,-1.0,-1.0,1.0,-0.5,0.0,0.5,1.2,-1.25,0.0,0.0,0,0,0,1,0,0,0,0,1,0,0,0,0,0,0,1
7196,1.1111111111111112,-0.617816091954023,-0.58,-0.8461538461538461,-1.5,0.48148148148148157,-0.3397500679851582,-1.2369046798572463,-1.1855559147687382,-0.9522631819915691,-0.7755238700769802,-1.0822775493153898,-1.007628303794069,-0.7755238700769802,-1.451179391371804,1.0,1.0,0.0,-0.5,-1.0,-0.5,-0.4,-0.75,2.0,0.5,0,1,0,0,0,0,0,0,1,0,0,0,0,0,0,1
4406,0.0,0.49712643678160917,-0.4,0.7692307692307693,1.25,-0.038518518518518445,0.4159685257950592,0.4845887257192991,0.6105401591442219,0.5246444579398865,0.7925370970967528,0.6291330714853558,0.76873509330495,0.6514958340044109,0.31159714487129303,0.0,0.0,0.0,1.0,1.25,0.5,0.6,-0.25,0.0,0.5,0,0,0,1,0,0,0,0,0,1,0,0,0,0,0,1
9672,0.0,-0.47701149425287354,0.66,-0.5384615384615384,-0.5,1.2037037037037037,-1.2190543543584649,-0.6635083853900678,-0.6666439996511707,-0.9873169549692411,-0.2862227858405282,-0.7322577070632672,0.16923104457519936,-0.20746290290324726,-0.047907629659445665,1.0,1.0,0.0,0.5,-0.75,-0.25,-0.4,0.0,-1.0,-0.5,0,1,0,0,0,0,0,0,1,0,0,0,1,0,0,0
4864,-0.3888888888888889,0.1925287356321839,0.38,-0.23076923076923078,0.75,0.9629629629629629,-0.6146387691848585,-0.3008069809633696,-0.3031918556302466,-0.29089117110806034,-0.041572243722302185,-0.05423214131252221,0.02911296866803439,-0.5308733279587541,0.0,0.0,0.0,0.0,1.0,0.0,-0.25,-0.4,0.5,0.0,-0.5,0,1,0,0,0,0,0,0,0,1,0,0,0,0,0,1
4706,0.2222222222222222,0.20689655172413793,0.32,-0.7692307692307693,-0.75,0.1925925925925927,-0.6002844044234635,-0.8395592672661281,-0.6760112674860832,-0.5867514386500596,-0.7755238700769802,-0.9273913017065346,-1.007628303794069,-0.5308733279587541,-0.8199621321402158,0.0,-1.0,0.0,-0.5,-0.75,-0.5,-0.4,-0.25,0.0,-0.5,0,0,1,0,0,0,0,0,1,0,0,0,0,0,0,1
4070,0.05555555555555555,0.8908045977011494,1.0,0.23076923076923078,1.5,-0.6419753086419753,0.9387221464422408,0.3697364597370494,0.6223407366933201,-0.00964424414964796,0.36059806427048563,0.8012976015667549,1.0515673829891448,-0.7755238700769802,1.009992577255035,1.0,1.0,3.0,-0.5,1.0,0.75,-0.2,0.25,2.0,-0.5,0,1,0,0,0,0,0,0,0,1,0,0,0,1,0,0
25,0.6666666666666666,0.6724137931034483,-0.8,0.46153846153846156,0.25,-0.4126984126984127,0.3635308451693335,0.38220438415918334,0.5419982073824656,0.32226026382588824,0.48930108423645197,0.698237810933316,0.3776858598750006,0.1297907130420535,1.044591847762877,0.0,0.0,0.0,0.0,0.5,1.0,0.4,-0.5,0.0,0.5,0,1,0,0,0,0,0,0,1,0,0,0,0,0,0,1
3697,0.8888888888888888,0.41954022988505746,-0.58,-0.46153846153846156,0.25,0.32098765432098764,-0.38684783692387037,-0.39887884722577754,-0.29000471990473636,-0.3048527913528262,0.0,-0.352839017326429,0.0,-0.041572243722302185,-0.3757191474672522,0.0,0.0,0.0,0.0,-0.25,-0.5,-0.2,0.25,0.0,0.5,0,0,0,1,0,0,0,0,1,0,0,0,0,0,0,1
217,0.7777777777777778,0.6522988505747126,0.58,0.6153846153846154,0.5,-0.7117552334943639,0.3566798634368168,0.5015286599674543,0.696919509999818,0.385196781691502,0.18029903213524281,0.9003511561220198,1.0948240185075218,-0.7755238700769802,0.32480597280315754,-1.0,-2.0,0.0,-0.5,0.75,0.75,1.0,-0.5,1.0,-0.5,0,0,1,0,0,0,0,0,1,0,0,0,0,1,0,0
4220,0.0,-0.33620689655172414,-0.46,-0.6153846153846154,-1.0,-0.13756613756613756,0.2348004061336006,-0.5571262690469321,-0.40425611058593375,-0.28636452812991303,-0.7755238700769802,-0.6037264941113603,-1.007628303794069,-0.5308733279587541,-1.849433141188841,0.0,0.0,0.0,-0.5,-0.5,-0.25,-0.4,-0.75,2.0,0.5,0,1,0,0,0,0,0,0,1,0,0,0,0,0,0,1
5286,-0.9444444444444444,-0.3218390804597701,0.38,-0.38461538461538464,-0.75,-0.38518518518518513,-0.3444063443514683,-0.22166770713178627,-0.04773351586794087,-0.14552373380004507,-0.5308733279587541,-0.08104992162115524,-0.19072946429594947,-0.041572243722302185,0.2252511961698712,-1.0,-2.0,0.0,-0.5,-0.25,0.0,-0.2,-0.75,1.0,-0.5,0,0,1,0,0,0,0,0,1,0,0,0,0,0,0,1
9559,0.5,-0.5747126436781609,0.6,0.9230769230769231,0.75,-0.5349794238683128,0.16099308019401815,0.35434087312865464,0.3249418951071885,0.56107020451777,-0.7755238700769802,-0.04149774582273409,-1.007628303794069,-0.7755238700769802,0.12359411675246054,0.0,0.0,1.0,0.0,0.75,0.75,1.6,-0.25,2.0,-0.5,0,1,0,0,0,0,0,0,1,0,0,0,0,0,0,1
2849,-0.5,0.28160919540229884,-0.48,1.2307692307692308,2.0,0.3416965352449224,0.24959970554384875,0.40313847705301054,0.3209244249144749,0.1393062375395991,1.0945496906251637,0.5720473803961309,1.137144213851338,0.03718763921497886,1.1047544384542052,0.0,-1.0,0.0,2.5,1.5,0.0,1.4,0.25,0.0,0.5,0,0,1,0,0,0,0,0,1,0,0,0,0,1,0,0
7787,0.5555555555555556,0.8936781609195402,0.68,0.6153846153846154,0.25,-0.20933977455716585,0.3075277979549516,0.2682342651637495,0.27683026840900865,0.36677677576514706,0.4129838139810195,0.26477978916239525,-0.06562641226476575,0.3154784929617928,0.796507499634074,0.0,0.0,0.0,0.5,0.25,0.25,1.4,-0.25,0.0,-0.5,0,0,0,1,0,0,0,0,1,0,0,0,0,0,0,1
3102,-0.6111111111111112,-0.28735632183908044,-0.34,-0.7692307692307693,0.0,0.1925925925925927,-1.4891799140970245,-0.9198276734736306,-0.8089445712674348,-1.3528286983107507,-0.2862227858405282,-0.6320354792626287,-0.4630290774619893,-0.14311139292026412,-0.6546718917377307,0.0,0.0,0.0,-0.5,-0.75,-0.5,-0.4,0.5,-1.0,0.0,0,0,0,1,0,0,0,0,1,0,0,0,0,1,0,0
5868,-0.5555555555555556,-0.12931034482758622,0.0,-0.6923076923076923,-0.25,0.9629629629629629,-1.513572244885125,-0.7890549229015935,-0.7016413337602555,-1.3528286983107507,-0.20746290290324726,-0.7322577070632672,-0.06562641226476575,-0.14311139292026412,-0.22158573742309376,0.0,0.0,0.0,0.0,-0.75,-0.5,-0.4,0.25,0.0,0.0,0,1,0,0,0,0,0,0,1,0,0,0,1,0,0,0
8370,-0.3333333333333333,0.9770114942528736,0.02,0.23076923076923078,0.5,-0.32098765432098764,0.5888882355007987,0.3965038677475177,0.6707628318362028,0.2570964179736899,0.842768479240572,0.5123237304766795,1.069842552559374,1.0856136152542766,0.19332305418233545,0.0,0.0,0.0,0.0,0.75,0.25,0.2,-0.5,-1.0,0.0,0,0,0,1,0,0,0,0,0,1,0,0,0,0,0,1
9988,-0.3333333333333333,0.3649425287356322,0.7,0.7692307692307693,0.25,-0.2696296296296296,0.48172448759212877,0.2862764075775531,0.254029637580782,0.38340000076324243,0.37444125516027954,0.2839520953418783,0.638257876730324,0.7137772141594719,-0.5869986227256642,0.0,-1.0,0.0,0.5,0.5,0.25,1.6,-0.5,1.0,-0.5,0,0,1,0,0,0,0,0,1,0,0,0,0,0,0,1
2939,0.0,-1.0028735632183907,0.94,0.0,-0.75,-0.5777777777777777,0.666655813746133,0.5227452828186081,1.0223418273573208,0.48506463985537535,0.9370299247506019,0.8840472666987581,0.18839803133104463,0.20307829839592387,0.14183560789634314,-1.0,-1.0,0.0,-0.5,0.0,1.0,-0.2,-1.0,1.0,-0.5,0,0,0,1,0,1,0,0,0,0,0,0,0,0,0,1
5529,1.3333333333333333,-0.9683908045977011,0.14,0.5384615384615384,1.5,0.8754208754208754,0.3366583149781586,0.042207156146486645,-0.09474312002306154,0.2808104921928561,-0.7755238700769802,-0.3000660731068272,-1.007628303794069,-0.7755238700769802,-0.5869986227256642,2.0,2.0,1.0,2.5,1.0,0.0,0.0,0.25,2.0,0.0,0,0,0,1,0,0,0,0,0,1,0,0,0,0,0,1
9743,0.8333333333333334,0.5114942528735632,0.72,1.0769230769230769,2.0,-0.5644955300127713,0.6192790054594052,0.5811057810529369,0.6858931837485389,0.7035116942789027,0.8127115092919589,0.33160680860721636,0.6613730907052233,0.48930108423645197,0.8407261361399979,0.0,0.0,1.0,0.0,1.75,1.5,0.6,0.0,0.0,-0.5,0,1,0,0,0,0,0,0,0,1,0,0,0,0,0,1
5763,-0.1111111111111111,-0.35919540229885055,0.28,0.23076923076923078,0.75,0.6419753086419755,-0.04593156664794352,-0.015212039582571089,-0.06558386460764776,-0.11461769376890923,0.2446505421182259,0.35448768837396766,0.4415306577412393,-0.7755238700769802,0.12359411675246054,0.0,0.0,0.0,1.5,0.5,0.0,0.0,0.0,1.0,-0.5,0,0,0,1,0,0,0,0,0,1,0,0,0,1,0,0
3478,-0.05555555555555555,0.040229885057471264,-0.64,1.1538461538461537,0.75,0.9629629629629629,0.25240607390495345,0.22877152945191137,0.03214403316577697,0.1417984074440907,0.5520147438379108,0.5795133474700859,0.5737121950001144,0.5520147438379108,-0.07344777701387911,1.0,1.0,1.0,4.0,0.75,0.5,0.8,-0.25,2.0,0.5,0,1,0,0,0,0,1,0,0,0,0,0,0,1,0,0
7494,1.1111111111111112,0.4827586206896552,-0.76,0.0,1.25,0.5777777777777778,-0.27679247187872025,-0.14255955914221466,-0.17095295295781188,0.060658951988683145,-0.7755238700769802,-0.1932656374308362,-0.4630290774619893,-0.3877619350384901,-0.25641814192069373,1.0,0.0,0.0,1.0,0.5,-0.25,-0.2,0.5,2.0,0.5,1,0,0,0,0,0,0,0,0,1,0,0,0,0,0,1
1763,-1.0,-0.05459770114942529,0.26,1.0769230769230769,0.5,-0.7637292464878672,0.8180759153244472,0.684134756733747,0.872715837887762,0.6567829294841252,1.0433619562618106,0.9492256150960406,0.7935546279640983,0.9906496220969193,0.1766680123939431,-1.0,-1.0,4.0,-0.5,0.75,2.25,1.0,-0.5,0.0,-0.5,0,0,0,1,0,1,0,0,0,0,0,0,0,0,0,1
7250,-0.4444444444444444,-0.2442528735632184,-0.02,0.7692307692307693,1.0,0.6548148148148151,0.18216327795594373,0.1606476182252876,0.03072403024188665,0.22582505621604845,0.48930108423645197,0.36972603599405635,0.08157014887009044,0.346189691316188,-0.1887448729086275,0.0,0.0,0.0,2.5,0.75,0.0,0.8,0.0,0.0,0.0,0,0,0,1,0,0,0,0,1,0,0,0,0,0,0,1
2005,-1.1111111111111112,-0.4482758620689655,0.74,-0.5384615384615384,-0.25,0.48148148148148157,-0.5541989791080633,-0.6113388507169355,-0.5794582759064119,-0.6751517126322198,-0.2862227858405282,-0.3000660731068272,-1.007628303794069,-0.14311139292026412,-0.25641814192069373,0.0,0.0,0.0,0.0,-0.5,-0.5,-0.2,0.0,0.0,-0.5,0,1,0,0,0,0,0,0,1,0,0,0,0,1,0,0
10770,0.6111111111111112,-0.5804597701149425,0.48,0.8461538461538461,-0.75,-0.5185185185185185,0.371590240472609,0.3582502764055059,0.35694270370035114,0.1159945403850232,1.0201744121952059,0.5618602036495687,1.0948240185075218,0.7966652859561367,0.3747991173108948,-1.0,-1.0,0.0,0.0,0.0,1.25,1.6,-1.0,0.0,-0.5,0,1,0,0,0,0,0,0,1,0,0,0,0,1,0,0
6885,-0.3888888888888889,-0.41954022988505746,-0.26,-0.6923076923076923,0.0,0.0,-0.6795597014874046,-0.7242661036901205,-0.5932339237150842,-0.4994620275582855,-0.7755238700769802,-0.6320354792626287,-0.4630290774619893,-0.5308733279587541,-1.451179391371804,0.0,-1.0,0.0,-0.5,-0.5,-0.5,-0.4,0.25,0.0,0.0,1,0,0,0,0,0,0,0,1,0,0,0,0,0,0,1
2072,0.05555555555555555,0.9367816091954023,-0.3,0.46153846153846156,1.0,0.6878306878306878,0.05847575940634666,0.36490703669162317,0.5108041388684014,0.5437267014617548,0.07082795084356677,0.15488624760885494,0.02911296866803439,0.07082795084356677,0.19332305418233545,0.0,0.0,2.0,2.0,0.0,0.0,0.8,0.75,2.0,0.0,0,0,0,1,0,0,0,0,1,0,0,0,0,0,0,1
9463,0.6111111111111112,0.6810344827586207,-0.66,0.7692307692307693,1.25,-0.038518518518518445,0.5103105960739415,0.4774869053595036,0.5977089729792059,0.5564615632767284,0.6514958340044109,0.503405119408209,0.76873509330495,0.8463518209205468,-0.2934993113628321,0.0,0.0,0.0,1.0,1.25,0.75,0.4,-0.25,0.0,0.5,0,0,0,1,0,0,0,0,0,1,0,0,0,0,0,1
6318,-1.0,0.5057471264367817,-0.02,1.1538461538461537,1.0,-0.7703703703703704,0.44002106897404203,0.45722294342610237,0.439738758224776,0.48814728518599165,0.1297907130420535,0.6632718350746011,0.3776858598750006,0.8127115092919589,0.7359716976857932,-1.0,-1.0,0.0,-0.5,1.25,1.25,1.6,-0.5,0.0,0.0,0,1,0,0,0,0,0,0,1,0,0,0,0,0,0,1
4093,-0.2777777777777778,0.4224137931034483,0.24,0.3076923076923077,0.0,1.165692007797271,0.05500250934183004,0.035498753294361286,-0.011405205660154202,0.0715682285619688,0.03718763921497886,-0.060762154832983736,0.18839803133104463,0.03718763921497886,0.9292947518681286,1.0,1.0,0.0,2.5,0.0,0.25,0.0,-0.25,1.0,-0.5,0,0,0,1,0,0,1,0,0,0,0,0,0,0,0,1
5751,-0.16666666666666666,-0.632183908045977,0.1,-0.7692307692307693,-0.5,0.1925925925925927,-0.7649828786775035,-0.8580526489864454,-0.7068854999807795,-1.3528286983107507,-0.2862227858405282,-0.6958495530356731,-0.03144440163293923,-0.3877619350384901,-0.471701526830916,0.0,-1.0,0.0,-0.5,-0.75,-0.5,-0.4,0.0,-1.0,0.0,1,0,0,0,0,0,0,0,1,0,1,0,0,0,0,0
3340,-0.3888888888888889,0.9339080459770115,0.14,0.38461538461538464,1.5,0.7703703703703704,-0.30776540981280087,0.035498753294361286,-0.04474838512343109,0.11194536513198428,0.20307829839592387,0.18024129088648239,-0.37536818175688036,0.20307829839592387,0.40963152180849455,0.0,0.0,1.0,2.0,0.75,-0.25,0.2,0.5,0.0,0.0,0,1,0,0,0,0,0,0,0,1,0,0,0,0,0,1
3594,-0.16666666666666666,0.7040229885057471,0.5,1.3076923076923077,1.75,1.3842592592592593,0.07937761402832454,0.23425000840680904,-0.00025635731342144556,0.37488428218689196,-0.08870296647731721,0.11547023167241814,-0.1444589521359689,-0.08870296647731721,0.784899858181708,1.0,1.0,0.0,5.5,1.0,0.0,0.8,0.5,1.0,-0.5,0,1,0,0,0,0,1,0,0,0,0,0,0,0,0,1
3584,0.8333333333333334,0.9252873563218391,-0.28,0.5384615384615384,1.0,-0.43771043771043766,-0.051682581521632305,0.4652505502563181,0.6609889272480424,0.6355219347650622,0.38776193503849,0.22013802156883414,0.12784066103007083,0.15594757564090878,0.27004467885669003,-1.0,-2.0,2.0,0.0,0.25,2.0,0.0,0.5,2.0,0.0,0,0,1,0,0,1,0,0,0,0,0,0,0,0,0,1
3643,-0.2222222222222222,-0.7327586206896551,0.32,-0.07692307692307693,-0.75,-0.5502645502645502,0.31721900641072187,0.314385754320224,0.6901825626512993,0.48462192105873514,0.0,0.23560557943114058,-0.03144440163293923,0.0,0.04421863650592419,-1.0,-1.0,1.0,-0.5,0.0,0.25,0.2,-1.0,1.0,-0.5,0,1,0,0,0,0,0,0,1,0,0,0,0,0,0,1
851,-0.1111111111111111,-0.0028735632183908046,-0.02,0.8461538461538461,0.5,1.037037037037037,0.16270822866267787,0.17831613317518136,0.03635920350635556,0.1869997094302455,-0.14311139292026412,0.18372986754124002,0.20667320090127414,0.8835394601355259,0.7548113759840491,1.0,1.0,0.0,3.5,0.25,0.0,1.0,0.0,1.0,0.0,0,1,0,0,0,0,0,0,1,0,0,0,0,0,0,1
7706,-0.2777777777777778,0.6982758620689655,0.78,1.1538461538461537,2.5,0.1925925925925927,-0.14358843953570277,0.35930934318897984,0.2641848346732668,0.23156145912473347,0.8671199357349058,0.392507644323463,1.069842552559374,0.997685525320599,0.4835297564776514,0.0,0.0,1.0,2.0,1.75,1.5,0.0,0.5,-1.0,-0.5,0,0,0,1,0,0,0,0,0,1,0,0,0,0,0,1
3967,-0.05555555555555555,-0.3132183908045977,-0.6,0.6923076923076923,-1.5,-0.7222222222222222,0.657223386242966,0.3203088478358973,0.3419295730564684,0.21304611273793364,1.0910023630387728,0.352260297289051,0.5942131229410537,0.9999999999999999,0.20950887690840939,-1.0,-1.0,0.0,-0.5,-0.5,1.5,1.6,-1.25,2.0,0.5,0,1,0,0,0,0,0,0,1,0,0,0,0,0,0,1
10128,0.6666666666666666,0.08620689655172414,-0.56,0.9230769230769231,0.25,0.10699588477366255,0.07566804140915956,0.30593072962051854,0.23836090138352745,0.4213835173923088,0.2244761299230198,0.3409242580562097,-1.007628303794069,0.36059806427048563,0.6894502175765421,0.0,0.0,0.0,1.5,0.25,0.75,1.4,-0.25,0.0,0.5,0,0,0,1,0,0,0,0,1,0,0,0,0,0,0,1
486,-1.0,-0.6005747126436781,-0.44,0.23076923076923078,-1.25,-0.6419753086419753,0.7564611620459979,0.40873205444753036,0.6929006297442016,0.30294617795972123,0.9635804919344672,0.6778350913071314,0.49643548013891015,0.9635804919344672,0.3503461201575912,-1.0,-1.0,0.0,-0.5,-0.25,0.5,1.0,-1.25,0.0,0.5,0,1,0,0,0,0,0,0,1,0,0,0,0,0,0,1
9,-0.2777777777777778,0.9310344827586207,0.74,-0.3076923076923077,0.5,1.1380471380471382,-0.1658015079937494,-0.4393650836347412,-0.4858061320176991,-0.36741835673461465,-0.7755238700769802,-0.33894670494896506,-1.007628303794069,-0.7755238700769802,0.2252511961698712,1.0,0.0,0.0,1.0,-0.25,0.0,-0.6,0.5,1.0,-0.5,0,0,1,0,0,0,1,0,0,0,0,0,0,0,0,1
9451,0.2777777777777778,0.646551724137931,0.86,0.8461538461538461,2.0,-0.2962962962962962,0.5489179602784722,0.528813085490805,0.6642964966187732,0.5106042680580607,0.7576488544432298,0.7036181321131288,0.8014911666123883,0.9635804919344672,0.8407261361399979,0.0,0.0,0.0,0.5,1.5,0.5,0.8,0.25,0.0,-0.5,0,1,0,0,0,0,0,0,0,1,0,0,0,0,0,1
9264,-0.8888888888888888,-0.8419540229885057,-0.96,0.5384615384615384,-0.75,-0.7003367003367003,0.6687739702921253,0.5243280024225082,0.7679973774902912,0.2944247938923645,0.5520147438379108,0.8944535493279037,0.6832034456392585,1.0910023630387728,1.1889867414492976,-1.0,-1.0,0.0,-0.5,0.0,1.5,0.8,-1.0,0.0,0.5,0,1,0,0,0,0,0,0,1,0,0,0,0,1,0,0
3865,-0.3888888888888889,0.19827586206896552,-0.7,-0.6153846153846154,0.5,-0.13756613756613756,-1.3703943460594823,-0.6212005168944045,-0.5137759142474231,-1.3528286983107507,0.1297907130420535,-0.6958495530356731,-0.24318664449800542,0.15594757564090878,0.12359411675246054,-1.0,-1.0,1.0,-0.5,-0.25,-0.25,-0.6,0.5,-1.0,0.5,0,0,0,1,0,0,0,0,0,1,0,0,1,0,0,0
2853,-0.5555555555555556,-0.7068965517241379,0.5,-0.23076923076923078,0.0,0.0,0.011662432586826492,-0.13443196679096206,-0.0122764259860795,-0.35063985405673814,0.6190917972785056,0.09848981445151267,-0.24318664449800542,0.29905896856117287,0.42078835216682153,0.0,-1.0,0.0,0.0,0.0,0.0,-0.2,-0.25,0.0,-0.5,0,0,1,0,0,0,0,0,0,1,0,0,0,1,0,0
1490,0.4444444444444444,0.6379310344827587,0.7,0.8461538461538461,2.25,0.14814814814814828,0.12537471135658912,0.28369044902667123,0.2235465239604327,0.4496173681605351,-0.7755238700769802,0.08970789921157245,-0.06562641226476575,-0.041572243722302185,0.653751861581373,0.0,0.0,0.0,1.5,1.5,0.25,0.6,0.5,0.0,-0.5,0,1,0,0,0,0,0,0,0,1,0,0,0,0,0,1
6310,-0.4444444444444444,-0.1810344827586207,-0.9,-0.6153846153846154,-0.5,-0.13756613756613756,-0.6755246650148344,-0.5970225893528761,-0.4726047544284605,-0.5758421620767741,0.0,-0.6320354792626287,-0.1444589521359689,0.0,-0.3757191474672522,0.0,0.0,0.0,-0.5,-0.5,-0.5,-0.2,-0.25,0.0,0.5,0,1,0,0,0,0,0,0,1,0,0,0,0,0,0,1
10380,-0.1111111111111111,-0.21264367816091953,0.02,-0.6153846153846154,0.5,-0.13756613756613756,-0.470038127278779,-0.48483516436731666,-0.2792355562660251,-0.4828234042714047,-0.5308733279587541,-0.1932656374308362,-0.37536818175688036,-0.2862227858405282,-0.15768008000897207,0.0,0.0,0.0,-0.5,-0.25,-0.5,-0.4,0.5,1.0,0.0,0,1,0,0,0,0,0,0,0,1,0,0,0,0,0,1
3887,0.0,0.6867816091954023,-0.94,-0.6153846153846154,0.5,0.6878306878306878,-0.9707668156137145,-0.48483516436731666,-0.2792355562660251,-1.2571159733443953,0.2446505421182259,-0.352839017326429,0.18839803133104463,-0.5308733279587541,0.27004467885669003,0.0,-1.0,1.0,0.0,-0.5,-0.5,-0.4,0.75,0.0,0.5,0,0,1,0,0,0,0,0,1,0,0,0,1,0,0,0
4278,-0.7222222222222222,0.10057471264367816,0.48,0.3076923076923077,1.0,-0.6588693957115009,0.809481909594248,0.5836128453392229,0.9741120098964565,0.5488792864946702,0.8898992019955868,0.9040573188336567,0.5291915534463482,0.7483599993089757,0.46336773303902573,-1.0,-2.0,1.0,-0.5,1.5,0.0,0.2,-0.75,2.0,-0.5,0,0,1,0,0,0,0,0,0,1,0,0,0,0,0,1
8643,-0.05555555555555555,0.1235632183908046,-0.56,0.5384615384615384,-0.5,-0.7003367003367003,0.4719299951474611,0.5297036110645925,0.7777456235906985,0.12263554184448201,0.8463518209205468,0.9548023052149188,1.1112329361045028,0.7290150965998392,1.186077577209429,-1.0,-1.0,0.0,-0.5,0.0,0.75,1.4,-0.75,0.0,0.5,0,0,0,1,0,0,0,0,1,0,0,0,0,1,0,0
1998,-0.3333333333333333,-0.6149425287356322,0.66,-0.6153846153846154,-0.25,-0.13756613756613756,-0.47368736482424806,-0.5699526611604441,-0.426283430209447,-0.5354650255067588,-0.08870296647731721,-0.43106976387327783,-0.03144440163293923,-0.20746290290324726,-0.5869986227256642,0.0,-1.0,0.0,-0.5,-0.5,-0.25,-0.4,0.0,0.0,-0.5,0,0,1,0,0,0,0,0,1,0,0,0,0,0,0,1
10795,-0.16666666666666666,-0.867816091954023,-0.7,-0.6153846153846154,0.0,0.6878306878306878,-0.4857510461110059,-0.7736447529211181,-0.7682362874070394,-0.7216509478376368,-0.2862227858405282,-0.4674779179008721,-0.4630290774619893,-0.5308733279587541,-1.0529256415547674,0.0,0.0,0.0,0.0,-0.5,-0.5,-0.4,0.25,2.0,0.5,0,1,0,0,0,0,0,0,1,0,0,0,0,0,0,1
11110,-0.16666666666666666,0.2471264367816092,0.14,-1.1538461538461537,1.25,-0.9629629629629629,-4.1098219625171435,-1.5502274350529475,-2.168181965153645,-1.3528286983107507,-0.5308733279587541,-1.347057338477785,-1.007628303794069,-0.7755238700769802,-1.451179391371804,0.0,-1.0,0.0,-1.0,-1.0,-0.5,-1.0,2.0,0.0,0.0,0,0,1,0,0,0,0,1,0,0,0,0,0,0,0,1
2408,-0.3333333333333333,0.6609195402298851,-0.58,1.3076923076923077,1.25,1.2037037037037037,0.20134798711201896,0.22726320418274765,-0.01257227271300637,0.34323589335690685,-0.7755238700769802,0.3823204675769008,-0.06562641226476575,0.4129838139810195,-0.07344777701387911,1.0,1.0,0.0,5.0,0.75,0.5,0.8,0.25,0.0,0.5,0,1,0,0,0,0,1,0,0,0,0,0,0,0,0,1
202,1.2222222222222223,-0.7787356321839081,0.1,0.15384615384615385,-1.0,-0.9629629629629629,0.7161959327191927,0.4196716035287557,0.7509887358462239,0.21404672439917355,1.0856136152542766,0.655271616202391,0.9607762292753982,0.931471445717889,0.4835297564776514,-1.0,-2.0,0.0,-1.0,0.0,1.0,0.4,-1.25,2.0,0.0,0,0,0,0,1,0,0,0,1,0,0,0,0,1,0,0
7998,0.6666666666666666,0.6005747126436781,0.56,-0.46153846153846156,0.0,0.9629629629629629,-0.9240204568387679,-0.46465976671174697,-0.403453846876662,-0.39119297747379916,0.0,-0.5077252649352844,0.02911296866803439,-0.7755238700769802,-0.07344777701387911,1.0,1.0,0.0,0.5,-0.5,0.0,-0.6,0.25,0.0,-0.5,0,0,0,1,0,0,1,0,0,0,0,0,0,0,0,1
830,-0.9444444444444444,-0.6637931034482759,-0.88,0.0,-0.5,-0.5777777777777777,0.5585849585185618,0.528813085490805,1.03339126428005,0.499353372062028,0.5981179371223457,0.8060940330509668,0.46994148984782846,1.0514298760758984,0.3866461083646709,-1.0,-2.0,3.0,-0.5,0.0,1.0,-0.2,-0.75,2.0,0.5,0,0,1,0,0,1,0,0,0,0,0,0,0,0,0,1
3536,0.5555555555555556,0.3045977011494253,0.32,-0.6153846153846154,-0.75,0.6878306878306878,-1.4636966445966586,-0.7242661036901205,-0.6868773577146858,-1.026503739190463,0.10153914919796193,-1.0822775493153898,-0.06562641226476575,-0.20746290290324726,-0.10017625718049661,0.0,0.0,0.0,0.0,-0.75,-0.25,-0.4,-0.25,0.0,-0.5,0,0,0,1,0,0,0,0,1,0,0,0,1,0,0,0
6050,-0.2777777777777778,0.6005747126436781,-0.32,0.8461538461538461,1.5,-0.07407407407407397,0.16002746377488025,0.49499209352097584,0.6031495161048555,0.6326952132021706,0.5601290350800188,0.44850965670363524,0.16923104457519936,0.18029903213524281,0.3747991173108948,0.0,0.0,1.0,1.0,0.5,0.25,1.6,0.75,-1.0,0.0,0,1,0,0,0,0,0,0,1,0,0,0,0,0,0,1
125,0.6666666666666666,0.15517241379310345,0.32,0.15384615384615385,0.75,1.076252723311547,0.050109380679128276,-0.13983046508894473,-0.2464549820220735,0.07003149083406575,-0.041572243722302185,-0.26477978916239525,-0.4630290774619893,-0.7755238700769802,-0.3331397665950483,1.0,1.0,1.0,2.0,0.25,-0.25,0.0,0.25,-1.0,-0.5,0,0,0,1,0,0,1,0,0,0,0,0,0,0,0,1
3463,-0.2777777777777778,-0.9798850574712644,-0.16,0.9230769230769231,0.75,-0.10699588477366255,0.45770516112233084,0.3047069318158556,0.23617607542106717,0.44912483938578573,0.6868209035996629,0.2619606140880888,-1.007628303794069,0.38776193503849,-0.5869986227256642,0.0,0.0,0.0,1.0,0.75,0.25,1.6,-0.25,2.0,0.0,0,1,0,0,0,0,0,0,1,0,0,0,0,0,0,1
2804,-0.2777777777777778,0.9310344827586207,0.74,-0.3076923076923077,0.5,1.1380471380471382,-0.1658015079937494,-0.4393650836347412,-0.4858061320176991,-0.36741835673461465,-0.7755238700769802,-0.33894670494896506,-1.007628303794069,-0.7755238700769802,0.2252511961698712,1.0,0.0,1.0,1.0,-0.25,0.0,-0.6,0.5,1.0,-0.5,0,0,1,0,0,0,1,0,0,0,0,0,0,0,0,1
3745,-1.0,0.882183908045977,0.86,-0.5384615384615384,0.5,0.48148148148148157,-1.2079291448790126,-0.49535124455974716,-0.38204627804548397,-1.1222164641568182,0.49897171996375944,-0.8174977601529947,-1.007628303794069,0.07082795084356677,0.3503461201575912,0.0,0.0,0.0,0.0,-0.25,-0.5,-0.4,0.5,-1.0,-0.5,0,1,0,0,0,0,0,0,0,1,0,0,1,0,0,0
9771,-1.0,0.7931034482758621,0.96,0.15384615384615385,1.25,1.076252723311547,-1.2079291448790126,-0.14255955914221466,-0.2511875179050536,-0.1699532821652493,0.29905896856117287,0.15488624760885494,0.25689194028030826,0.20307829839592387,-0.8199621321402158,0.0,-1.0,0.0,2.0,0.25,-0.25,0.0,0.75,-1.0,-0.5,0,0,1,0,0,0,1,0,0,0,0,0,0,0,0,1
451,-1.0555555555555556,-0.47413793103448276,0.84,-0.7692307692307693,0.0,0.1925925925925927,-2.6228365944733274,-1.0533270027820778,-1.0229211988893891,-0.9522631819915691,-0.7755238700769802,-0.8174977601529947,-0.576043627965019,-0.7755238700769802,-0.9247165705944205,0.0,-1.0,0.0,-0.5,-0.75,-0.25,-0.6,0.5,0.0,-0.5,0,0,1,0,0,0,0,0,1,0,0,0,0,0,0,1
10530,0.6111111111111112,-0.4367816091954023,-0.98,0.07692307692307693,-1.25,-0.6018518518518519,0.4242764741119074,0.3955462740337994,0.7478601030777209,0.3006437249879982,0.7841329828271124,0.7150218592151562,0.7187103995221312,0.29905896856117287,0.8134907669154694,-1.0,-2.0,1.0,-0.5,-0.25,1.0,0.2,-1.25,2.0,0.5,0,0,0,0,1,1,0,0,0,0,0,0,0,1,0,0
1079,-0.05555555555555555,0.7614942528735632,0.2,0.3076923076923077,0.5,-0.050682261208576995,0.5159132631224519,0.37246807375233365,0.5911767248279435,0.5802238742156496,-0.7755238700769802,0.047481291330751844,-1.007628303794069,-0.7755238700769802,-0.471701526830916,0.0,0.0,1.0,0.5,-0.25,0.5,0.8,0.5,2.0,0.0,0,1,0,0,0,0,0,0,1,0,0,0,0,0,0,1
8920,0.16666666666666666,0.5086206896551724,-0.9,1.0,2.25,-0.3439153439153439,0.21792018589994455,0.3864870844606349,0.358480906285304,0.3134851672086603,0.5352041322794227,0.7384851579677285,0.7187103995221312,-0.7755238700769802,0.7485998699746281,0.0,-1.0,0.0,0.5,1.75,0.0,1.4,0.25,1.0,0.5,0,0,1,0,0,0,0,0,1,0,0,0,0,1,0,0
6678,-1.0555555555555556,-0.7557471264367817,-0.88,-0.46153846153846156,0.25,0.32098765432098764,-0.7278697666164614,-0.6262317586662209,-0.6760112674860832,-0.5451092696564066,-0.20746290290324726,-0.38223786481114475,-0.37536818175688036,-0.3877619350384901,-0.8199621321402158,0.0,0.0,0.0,0.0,-0.25,-0.5,-0.2,0.25,0.0,0.5,0,0,0,1,0,0,0,0,1,0,0,0,0,0,0,1
3852,0.5,0.3505747126436782,-0.02,0.9230769230769231,1.25,-0.10699588477366255,0.5766140428056378,0.32844495589984296,0.2785904491955705,0.35324777599841445,0.7388200638697252,0.5281525915085524,0.41090383247321843,0.40059811775913484,0.45301504376350465,1.0,1.0,0.0,1.0,1.25,0.0,1.4,-0.25,1.0,0.0,0,0,0,1,0,0,0,0,1,0,0,0,0,0,0,1
528,-0.4444444444444444,0.6350574712643678,1.0,0.38461538461538464,-0.25,-0.674074074074074,0.37921220211711265,0.46179329576399397,0.7184934627525997,0.1417984074440907,0.5175526480805436,0.8917424202135176,0.9607762292753982,1.0287835249453385,0.5400893577133797,-1.0,-1.0,0.0,-0.5,0.25,0.5,1.0,-0.75,0.0,-0.5,0,1,0,0,0,0,0,0,1,0,0,0,0,1,0,0
73,0.9444444444444444,0.1235632183908046,0.64,-0.8461538461538461,-1.0,0.48148148148148157,0.0011315545178503478,-1.1239774268840612,-1.0104600024643449,-0.8173636728039921,-0.7755238700769802,-1.0822775493153898,-1.007628303794069,-0.7755238700769802,-1.451179391371804,2.0,1.0,0.0,-0.5,-1.0,-0.5,-0.4,-0.25,2.0,-0.5,0,0,1,0,0,0,0,0,1,0,0,0,0,0,0,1
5589,0.3333333333333333,0.8936781609195402,0.92,0.6923076923076923,1.75,-0.2407407407407407,0.01806411179777515,0.25631928808356286,0.2274581617241576,0.4272252227632064,-0.7755238700769802,0.2040176343294115,-0.06562641226476575,-0.041572243722302185,0.12359411675246054,0.0,-1.0,0.0,0.5,1.25,0.0,1.0,0.25,0.0,-0.5,1,0,0,0,0,0,0,0,1,0,0,0,0,0,0,1
10212,-0.8888888888888888,0.5057471264367817,-0.12,-0.6153846153846154,0.5,-0.13756613756613756,-0.29427519559068616,-0.5061751557917569,-0.3162874436482892,-0.32442920968011657,-0.20746290290324726,-0.5295595783247905,-1.007628303794069,-0.20746290290324726,-0.4217083823231789,0.0,0.0,0.0,-0.5,-0.25,-0.5,-0.4,0.5,1.0,0.0,0,0,0,1,0,0,0,0,0,1,0,0,0,0,0,1
6365,-0.9444444444444444,-0.16091954022988506,-0.88,-0.6923076923076923,-0.25,0.0,-0.8034212361432931,-0.5877773436645394,-0.35997556857747337,-0.9205531871755583,0.1297907130420535,-0.6320354792626287,0.2722996131660399,-0.5308733279587541,-0.10017625718049661,-1.0,-1.0,0.0,-0.5,-0.5,-0.5,-0.4,0.0,-1.0,0.5,0,1,0,0,0,0,0,0,1,0,1,0,0,0,0,0
5636,0.3888888888888889,0.6925287356321839,0.02,-0.5384615384615384,0.75,-0.2407407407407407,-0.7738477491510539,-0.3180096438661305,-0.07287473006563447,-0.40374930259193015,-0.20746290290324726,-0.10989354155354014,0.0,-0.5308733279587541,0.3982537498170369,-1.0,-2.0,1.0,-0.5,0.0,-0.5,-0.4,0.5,0.0,0.0,0,0,1,0,0,0,0,0,0,1,0,0,0,0,0,1
591,0.7222222222222222,0.48563218390804597,0.54,0.38461538461538464,1.5,-0.38518518518518513,0.3841798027911472,0.19791598119580586,0.2433955730987121,0.17260431712066743,0.48930108423645197,0.3718541556416287,0.5048840918141492,0.6696001163716948,0.557769482217709,0.0,-1.0,0.0,0.0,1.0,0.25,0.4,0.25,0.0,-0.5,0,0,0,0,1,0,0,0,0,1,0,0,0,0,0,1
2217,-0.2777777777777778,0.29022988505747127,-0.06,-0.8461538461538461,-0.75,0.48148148148148157,-0.49054580787966356,-1.0375888588858215,-0.8713808092182469,-0.8916042300028858,-0.5308733279587541,-1.1921710908689298,-0.576043627965019,-0.5308733279587541,-0.731393516412085,1.0,1.0,0.0,-0.5,-1.0,-0.5,-0.4,0.0,-1.0,0.0,0,1,0,0,0,0,0,0,1,0,0,0,0,0,0,1
2544,1.0555555555555556,-0.27586206896551724,0.38,-0.6153846153846154,-1.75,-0.13756613756613756,0.17322497805779768,-0.5366906518319324,-0.36906086997656445,-0.41020976046882957,-0.5308733279587541,-0.33894670494896506,-0.24318664449800542,-0.041572243722302185,-1.451179391371804,0.0,-1.0,0.0,-0.5,-0.75,-0.25,-0.2,-1.25,1.0,-0.5,1,0,0,0,0,0,0,0,1,0,0,0,0,0,0,1
7725,0.2777777777777778,-0.6982758620689655,-0.32,0.07692307692307693,-1.0,-0.6018518518518519,0.6153386543057724,0.17774058354023656,0.35479925273341884,-0.0019066133931049845,0.38776193503849,0.5064011856589813,0.4001402741961107,0.733951626354678,0.6824857843071304,-1.0,-1.0,0.0,-0.5,0.0,0.5,0.4,-1.25,-1.0,0.0,0,1,0,0,0,0,0,0,1,0,0,0,0,1,0,0
8091,0.7777777777777778,0.8879310344827587,0.02,0.15384615384615385,0.5,-0.6230936819172113,0.3349600189736136,0.37921011220584255,0.6776852402278835,0.2944247938923645,1.0670326871374922,0.6460664361116645,0.02911296866803439,0.842768479240572,-0.07344777701387911,0.0,0.0,0.0,-0.5,0.5,0.5,0.2,-0.25,0.0,0.0,0,1,0,0,0,0,0,0,0,1,0,0,0,0,0,1
7321,0.4444444444444444,-0.9166666666666666,0.72,-0.07692307692307693,-0.75,-0.5502645502645502,0.600944083243613,0.3539834148448489,0.7619508351007265,0.17147074489430597,0.436522943019284,0.6918634665493473,0.6261693752021701,0.46912667204124586,1.1976268848671485,-1.0,-1.0,1.0,-0.5,0.0,0.75,-0.2,-1.0,0.0,-0.5,0,0,0,1,0,1,0,0,0,0,0,0,0,1,0,0
5462,-0.2222222222222222,0.9482758620689655,0.28,1.3076923076923077,1.5,-0.06018518518518513,0.41655858651988664,0.4012549896239107,0.2965536188648681,0.4877086521276223,0.7755238700769802,0.44502108004887764,0.3285161072382096,0.7755238700769802,-0.4217083823231789,0.0,0.0,0.0,1.5,1.25,1.0,1.4,0.0,0.0,-0.5,0,1,0,0,0,0,0,0,1,0,0,0,0,0,0,1
7791,0.16666666666666666,-0.19827586206896552,0.8,-0.6923076923076923,-0.25,0.9629629629629629,-0.5000154266833029,-1.0079898207268727,-1.0529185866516575,-0.864973770899795,-0.5308733279587541,-0.8685062832737553,-1.007628303794069,-0.5308733279587541,-0.8199621321402158,1.0,1.0,0.0,0.0,-0.75,-0.5,-0.4,0.25,1.0,-0.5,0,1,0,0,0,0,0,0,1,0,0,0,0,0,0,1
955,0.4444444444444444,0.7270114942528736,0.64,0.15384615384615385,0.75,1.4161220043572984,-0.13045914533522268,-0.1845770216140205,-0.32379571416781616,-0.013581605210210618,-0.3877619350384901,-0.15770542268316173,-0.24318664449800542,-0.3877619350384901,-0.12820907096034687,1.0,1.0,2.0,2.5,0.0,0.0,-0.2,0.5,1.0,-0.5,0,0,0,1,0,0,1,0,0,0,0,0,0,0,0,1
4037,-0.3333333333333333,0.06896551724137931,0.56,-0.8461538461538461,-0.25,0.48148148148148157,-0.7311805388040113,-1.0869675081168189,-0.951369171036892,-1.2571159733443953,-0.5308733279587541,-1.0822775493153898,-0.1444589521359689,-0.7755238700769802,-0.8199621321402158,0.0,-1.0,0.0,-0.5,-0.75,-0.5,-0.6,0.25,0.0,-0.5,1,0,0,0,0,0,0,0,1,0,1,0,0,0,0,0
6642,0.5,0.47701149425287354,0.02,-0.3076923076923077,-0.25,1.1380471380471382,-0.9722842851085677,-0.4989241280625301,-0.5861859537755438,-0.5758421620767741,-0.14311139292026412,-0.41408934665237235,-0.1444589521359689,0.03718763921497886,0.08527600666061479,2.0,1.0,0.0,1.0,-0.5,-0.25,-0.2,0.0,0.0,0.0,1,0,0,0,0,0,0,0,1,0,0,0,0,0,0,1
2793,-0.3333333333333333,-0.03735632183908046,-0.78,0.8461538461538461,0.75,-0.2962962962962962,0.47736942529002957,0.35434087312865464,0.3499315877828315,0.3705432664810604,0.8087678244220687,0.3477661691149228,0.6613730907052233,0.5680609671737329,0.9646633754525968,0.0,-1.0,0.0,0.5,0.75,0.25,1.6,-0.25,2.0,0.5,1,0,0,0,0,0,0,0,1,0,0,0,0,0,0,1
5424,-0.7222222222222222,0.41379310344827586,-0.38,-0.46153846153846156,0.5,0.32098765432098764,-0.38592756858304084,-0.3430511857650126,-0.19282262577806683,-0.5867514386500596,0.1297907130420535,-0.04781188112962177,0.16923104457519936,-0.5308733279587541,0.2252511961698712,0.0,0.0,0.0,0.0,-0.25,-0.5,-0.2,0.5,0.0,0.5,0,1,0,0,0,0,0,0,1,0,0,0,0,1,0,0
879,-0.3333333333333333,-0.34195402298850575,0.34,0.46153846153846156,1.25,0.6878306878306878,-0.05125127502572675,0.05366176204877441,-0.04446477010535195,0.28487285190077355,-0.7755238700769802,-0.352839017326429,-1.007628303794069,-0.7755238700769802,-0.07344777701387911,1.0,1.0,0.0,2.0,0.75,-0.25,0.4,0.25,1.0,-0.5,0,1,0,0,0,0,0,0,0,1,0,0,0,0,0,1
9530,-1.0,0.7155172413793104,-0.66,-0.8461538461538461,0.0,0.48148148148148157,-1.1240821161237915,-1.143970975228957,-1.042052496423055,-1.1222164641568182,-0.2862227858405282,-0.9970374962256624,-0.37536818175688036,-0.5308733279587541,-1.849433141188841,0.0,0.0,0.0,-0.5,-0.75,-0.5,-0.6,0.5,0.0,0.5,0,1,0,0,0,0,0,0,1,0,0,0,0,0,0,1
4828,0.8888888888888888,-0.9913793103448276,-0.74,0.46153846153846156,-0.75,-0.6878306878306878,0.6752258807872118,0.25585326336428815,0.3148083950163323,-0.2954802525074439,0.8498991485069379,0.5392660004356735,1.0452817240679892,0.9200847768368104,0.2554981117643361,0.0,-1.0,0.0,-0.5,0.25,2.0,0.0,-1.25,0.0,0.5,1,0,0,0,0,1,0,0,0,0,0,0,0,1,0,0
10699,-0.8333333333333334,-0.985632183908046,-0.38,-0.5384615384615384,0.5,0.48148148148148157,-0.22592587832564068,-0.5366906518319324,-0.4529188499624436,-0.4373842967603544,-0.7755238700769802,-0.1932656374308362,-0.4630290774619893,-0.7755238700769802,-1.0529256415547674,0.0,0.0,0.0,0.0,-0.25,-0.5,-0.4,0.5,0.0,0.5,0,1,0,0,0,0,0,0,0,1,0,0,0,0,0,1
1497,1.0,0.4885057471264368,-0.82,0.07692307692307693,0.5,-0.2407407407407407,-0.10526746840063249,0.01010670665148238,0.055776371129520406,0.14303752666630049,0.10153914919796193,0.1028062048829766,0.08157014887009044,-0.2862227858405282,-0.047907629659445665,0.0,-1.0,0.0,0.0,0.5,0.25,0.0,-0.25,0.0,0.5,0,0,1,0,0,0,0,0,0,1,0,0,0,0,0,1
7476,0.3333333333333333,0.6264367816091954,0.88,0.6153846153846154,0.0,0.0418679549114332,0.3356539168715519,0.4300057449397536,0.567605169359736,0.555388903153858,0.6923793826323759,0.5049060898609775,-1.007628303794069,0.1297907130420535,-0.3757191474672522,0.0,-1.0,1.0,1.0,0.25,0.5,1.0,-0.5,1.0,-0.5,0,0,1,0,0,0,0,0,1,0,0,0,0,0,0,1
4390,0.8888888888888888,-0.8074712643678161,-0.7,0.6153846153846154,-0.5,-0.4605475040257649,0.5854581219519075,0.2780247196263017,0.2943465446085964,0.32153778118240367,0.20307829839592387,0.35448768837396766,0.942001891529303,0.346189691316188,0.14183560789634314,0.0,0.0,0.0,0.0,0.25,0.5,1.4,-1.0,0.0,0.5,0,0,0,1,0,0,0,0,1,0,0,0,0,0,0,1
10478,1.1111111111111112,0.8160919540229885,0.08,0.6153846153846154,2.75,0.29307568438003223,0.1187184162036623,0.17310365048527426,0.10730982092881867,0.3384585356090084,-0.7755238700769802,0.18024129088648239,-1.007628303794069,-0.08870296647731721,0.2252511961698712,1.0,1.0,1.0,1.5,1.75,-0.25,0.2,0.75,2.0,0.0,0,1,0,0,0,0,0,0,0,1,0,0,0,0,0,1
1081,0.7222222222222222,0.2959770114942529,-0.46,0.7692307692307693,0.25,1.5792592592592591,0.5848077664105739,0.3489423748306716,0.36623804567532053,0.4770041429486824,0.03718763921497886,0.37397048509216785,0.0,0.28183818133320476,0.56640962563556,2.0,2.0,0.0,4.5,0.5,0.25,0.0,-0.5,2.0,0.5,0,1,0,0,0,0,1,0,0,0,0,0,0,0,0,1
4261,1.3333333333333333,0.6494252873563219,-0.52,0.8461538461538461,0.25,-0.7407407407407407,0.7304567165566432,0.4431628682852234,0.5096235069911541,0.5822121458297514,0.33116801477775093,0.2040176343294115,0.6008157204042494,0.7189299498162411,0.3503461201575912,-1.0,-2.0,3.0,-0.5,0.75,1.0,1.4,-0.75,2.0,0.5,0,0,1,0,0,0,0,0,1,0,0,0,0,0,0,1
9916,0.8888888888888888,0.7097701149425287,0.86,-0.5384615384615384,0.25,1.2037037037037037,-0.421763571657103,-0.7309291770348686,-0.7775606831008489,-0.5354650255067588,-0.5308733279587541,-0.577371459454412,-1.007628303794069,-0.7755238700769802,-0.8199621321402158,1.0,1.0,0.0,0.5,-0.5,-0.5,-0.4,0.5,0.0,-0.5,0,1,0,0,0,0,0,0,1,0,0,0,0,0,0,1
5350,-1.1666666666666667,-0.632183908045977,-0.4,0.23076923076923078,-1.25,-0.6419753086419753,0.8688699889111915,0.684281179450292,1.193937383569593,0.6284095834006761,0.9171797717641137,0.9933851768979687,0.7813408369111856,0.9810447811547524,0.7790068966777998,-1.0,-2.0,2.0,-0.5,-0.25,0.5,1.0,-1.25,1.0,0.5,0,0,1,0,0,0,0,0,1,0,0,0,0,0,0,1
8135,-0.8888888888888888,-0.3218390804597701,-0.16,-0.7692307692307693,-0.25,0.1925925925925927,-0.9753237456114968,-0.7446266898475834,-0.5154758304064033,-1.026503739190463,-0.20746290290324726,-0.39783172338174416,-0.19072946429594947,-0.7755238700769802,-0.4217083823231789,0.0,0.0,0.0,-0.5,-0.75,-0.5,-0.4,0.25,1.0,0.0,0,1,0,0,0,0,0,0,1,0,0,0,0,1,0,0
8685,-0.3888888888888889,0.9339080459770115,0.14,0.38461538461538464,1.5,0.7703703703703704,-0.30776540981280087,0.035498753294361286,-0.04474838512343109,0.11194536513198428,0.20307829839592387,0.18024129088648239,-0.37536818175688036,0.20307829839592387,0.40963152180849455,0.0,0.0,1.0,2.0,0.75,-0.25,0.2,0.5,0.0,0.0,0,1,0,0,0,0,0,0,0,1,0,0,0,0,0,1
4967,0.5555555555555556,0.29022988505747127,-0.6,0.0,1.0,0.5777777777777778,-0.45336281308721466,-0.14393169639671421,-0.1733484268733591,0.09666194993715657,-0.7755238700769802,-0.39783172338174416,-1.007628303794069,-0.7755238700769802,-0.3757191474672522,0.0,0.0,0.0,1.0,0.25,-0.25,0.0,0.5,2.0,0.5,0,0,0,1,0,0,0,0,0,1,0,0,0,0,0,1
2130,-0.6666666666666666,-0.7413793103448276,-0.9,-0.5384615384615384,0.0,-0.2407407407407407,-0.1958054094642996,-0.36488122881084195,-0.15529284814673436,-0.5260924866613763,-0.2862227858405282,0.0,-0.06562641226476575,0.0,0.0,1.0,1.0,1.0,-0.5,-0.25,-0.25,-0.4,0.0,0.0,0.5,0,0,0,1,0,0,0,0,0,1,0,0,0,1,0,0
9298,1.2777777777777777,-0.8448275862068966,0.8,0.23076923076923078,-1.0,-0.6419753086419753,0.7076277659931774,0.5587720171728595,0.9652734025505008,0.654929425377841,-0.7755238700769802,0.7352202108376048,0.5048840918141492,0.48930108423645197,-1.849433141188841,-1.0,-1.0,2.0,-0.5,0.0,0.75,0.6,-1.25,2.0,-0.5,0,0,0,1,0,0,0,0,1,0,0,0,0,0,0,1
8175,-1.2222222222222223,0.04885057471264368,0.44,-0.5384615384615384,0.0,-0.2407407407407407,-0.5901318715123456,-0.3907512548745246,-0.20058403769584182,-0.5354650255067588,-0.20746290290324726,-0.005659310750486772,-0.4630290774619893,0.07082795084356677,-0.10017625718049661,-1.0,-1.0,0.0,-0.5,-0.5,-0.25,-0.2,0.25,0.0,-0.5,0,1,0,0,0,0,0,0,1,0,0,0,0,1,0,0
6257,-0.3333333333333333,0.47701149425287354,0.64,0.15384615384615385,1.25,-0.6230936819172113,0.24980213850238164,0.09117007676056434,0.16001722556966655,0.12655743157919902,0.5601290350800188,0.2619606140880888,0.4213803280400368,0.18029903213524281,0.0,0.0,-1.0,0.0,-0.5,0.75,0.0,0.4,0.25,1.0,-0.5,0,0,1,0,0,0,0,0,0,1,0,0,0,0,0,1
3790,0.7777777777777778,-0.5718390804597702,-0.36,-0.8461538461538461,-0.5,0.48148148148148157,-0.6034184604683085,-1.187526030626249,-1.110020789569042,-0.9873169549692411,-0.5308733279587541,-0.9273913017065346,-1.007628303794069,-0.7755238700769802,-1.451179391371804,2.0,2.0,0.0,-0.5,-0.75,-0.5,-0.6,0.0,0.0,0.0,0,0,0,1,0,0,0,0,1,0,0,0,0,0,0,1
9952,1.2777777777777777,-0.4482758620689655,0.08,0.15384615384615385,-1.0,-0.6230936819172113,0.6408890156052818,0.3788759137503779,0.6770802369353801,0.24820008241161434,0.4585898858820568,0.8564210279111039,0.02911296866803439,0.5601290350800188,-0.471701526830916,-1.0,-1.0,0.0,-0.5,0.0,1.25,0.0,-1.25,1.0,0.0,0,0,0,1,0,1,0,0,0,0,0,0,0,1,0,0
3503,1.1111111111111112,-0.4224137931034483,0.58,0.0,-0.75,-0.5777777777777777,0.7241597359249626,0.33225726353905877,0.6763939143394021,0.12655743157919902,0.590840233434414,0.8148449960979839,0.5520822202293374,0.4585898858820568,-0.25641814192069373,-1.0,-2.0,0.0,-0.5,0.25,0.25,0.2,-1.25,0.0,-0.5,1,0,0,0,0,0,0,0,1,0,0,0,0,1,0,0
5223,0.2222222222222222,-0.8304597701149425,0.62,-0.5384615384615384,-0.75,0.48148148148148157,-0.17228873514063214,-0.6579475202109681,-0.6574041815962924,-0.5451092696564066,0.0,-0.6958495530356731,-0.576043627965019,0.07082795084356677,-1.0529256415547674,0.0,0.0,0.0,0.0,-0.5,-0.25,-0.4,-0.5,1.0,-0.5,0,0,0,1,0,0,0,0,1,0,0,0,0,0,0,1
4608,-0.9444444444444444,-0.6666666666666666,-0.62,0.9230769230769231,-1.25,-0.7489711934156378,0.7036266055458885,0.24926648881031102,0.13742104219881487,-0.021598935963539782,0.346189691316188,0.7000396845042451,0.30141258183407427,0.7032404280002826,0.6463380979458401,-1.0,-2.0,1.0,-0.5,-0.25,2.0,1.6,-1.25,0.0,0.5,1,0,0,0,0,0,0,0,1,0,0,0,0,1,0,0
1626,-0.16666666666666666,-0.9051724137931034,-0.24,-0.6923076923076923,-0.75,0.9629629629629629,-0.5501394755140067,-0.7661739823514333,-0.6635500710610391,-0.7958915050365306,-0.7755238700769802,-0.7725050540976793,-0.37536818175688036,-0.3877619350384901,-0.10017625718049661,1.0,0.0,2.0,0.0,-0.75,-0.25,-0.6,-0.25,2.0,0.0,1,0,0,0,0,0,0,0,1,0,0,0,1,0,0,0
4764,1.0,0.9281609195402298,0.06,-0.23076923076923078,0.25,0.9629629629629629,-0.3661231141343257,-0.3136333730768812,-0.32533891011068666,-0.4445394784782874,0.1297907130420535,-0.0951995573419654,0.2722996131660399,0.33116801477775093,-0.3331397665950483,1.0,1.0,1.0,1.0,-0.25,-0.25,-0.2,0.25,1.0,0.0,0,0,0,1,0,0,0,0,1,0,0,0,0,1,0,0
2471,0.2777777777777778,-1.0172413793103448,-0.2,-0.23076923076923078,-1.0,-0.48148148148148145,0.27489769224497224,-0.10359823444388033,0.0422638650441187,-0.4235196603747745,0.6636679410374086,0.005576690118878176,0.10538624670896068,0.7085481389060245,0.32480597280315754,-1.0,-1.0,0.0,-0.5,-0.25,0.0,0.2,-1.0,0.0,0.0,0,1,0,0,0,0,0,0,1,0,0,0,0,1,0,0
5892,-0.5555555555555556,0.2557471264367816,-0.76,0.15384615384615385,0.25,1.4161220043572984,-0.5886869922294037,-0.2149440570704145,-0.37595550940791944,-0.03190016522792321,-0.08870296647731721,-0.1493095574899771,-0.1444589521359689,-0.3877619350384901,-1.2182158819572526,0.0,0.0,0.0,2.5,-0.25,0.0,0.0,0.25,0.0,0.5,0,1,0,0,0,0,1,0,0,0,0,0,0,0,0,1
2612,-0.9444444444444444,-0.48563218390804597,-0.32,0.7692307692307693,0.25,-0.7318518518518518,0.5951602437067457,0.5341243518876636,0.7001444855270098,0.4863892725006676,1.017988918377414,0.8479721039653162,0.6261693752021701,0.4585898858820568,0.3866461083646709,-1.0,-1.0,1.0,-0.5,0.75,0.75,1.4,-0.75,0.0,0.0,0,1,0,0,0,0,0,0,1,0,0,0,0,0,0,1
4971,0.4444444444444444,0.6149425287356322,-0.54,-0.38461538461538464,0.5,0.1925925925925927,-0.7486684391112918,-0.3454140728193197,-0.2643746536305641,-0.1575143333498288,-0.5308733279587541,-0.3255419439953788,0.02911296866803439,-0.5308733279587541,-0.9247165705944205,0.0,0.0,0.0,0.0,-0.25,-0.25,-0.2,0.5,2.0,0.5,0,0,0,1,0,0,0,0,1,0,0,0,0,0,0,1
5185,0.8333333333333334,0.41379310344827586,0.68,-0.15384615384615385,-0.75,-0.5185185185185185,0.5640345658942999,0.29977083317484554,0.7132980745819274,0.04442631182305411,0.7085481389060245,0.5868361881129095,0.7935546279640983,1.0474189678701489,0.29807749263654026,-1.0,-1.0,0.0,-0.5,0.0,0.25,0.0,-1.0,0.0,-0.5,0,1,0,0,0,0,0,0,1,0,0,0,0,1,0,0
10069,-1.0,0.8936781609195402,-0.12,-0.7692307692307693,0.5,0.1925925925925927,-2.0199527708827145,-0.7049683044983538,-0.4475075372604167,-1.3528286983107507,-0.041572243722302185,-0.9273913017065346,-0.576043627965019,0.20307829839592387,0.06511398322198858,0.0,0.0,1.0,-0.5,-0.5,-0.5,-0.6,0.75,-2.0,0.0,0,0,0,1,0,0,0,0,0,1,0,0,1,0,0,0
2262,0.2777777777777778,-0.14080459770114942,0.5,0.0,1.0,0.1925925925925927,-0.19783804073690703,-0.08909478473575684,-0.07728711882129345,0.04937979975019586,-0.14311139292026412,0.03742817196010557,-0.03144440163293923,-0.14311139292026412,-0.2934993113628321,0.0,0.0,0.0,0.5,0.5,-0.25,0.0,0.25,1.0,-0.5,0,0,0,1,0,0,0,0,0,1,0,0,0,0,0,1
1131,0.16666666666666666,-0.7787356321839081,0.1,-0.6153846153846154,-1.0,-0.13756613756613756,0.035218978310391516,-0.5249502827186959,-0.34878724054879434,-0.23636516930573712,-0.7755238700769802,-1.0822775493153898,-1.007628303794069,-0.7755238700769802,-0.6546718917377307,0.0,-1.0,0.0,-0.5,-0.5,-0.5,-0.2,-0.75,2.0,0.0,0,0,1,0,0,0,0,0,1,0,0,0,0,0,0,1
1041,-0.16666666666666666,0.7557471264367817,-0.92,0.3076923076923077,1.5,0.557504873294347,-0.09021642240653613,0.02520229510230799,-0.029556383708214454,0.2039025505888449,-0.2862227858405282,-0.10989354155354014,-0.37536818175688036,-0.2862227858405282,0.31159714487129303,0.0,-1.0,1.0,1.5,0.75,-0.25,0.2,0.5,2.0,0.5,0,0,1,0,0,0,0,0,0,1,0,0,0,0,0,1
24,0.5555555555555556,-0.6379310344827587,0.94,-0.23076923076923078,0.25,1.4444444444444444,-1.6794649008225673,-0.7812695708022587,-1.0866006704156375,-0.7387163872530763,-0.3877619350384901,-0.4674779179008721,-1.007628303794069,-0.3877619350384901,-0.731393516412085,1.0,1.0,0.0,1.5,-0.25,-0.5,-0.2,0.25,1.0,-0.5,0,0,0,1,0,0,1,0,0,0,0,0,0,1,0,0
3409,-0.7777777777777778,-0.28448275862068967,0.38,0.0,1.75,0.1925925925925927,-0.5395925050671895,-0.05731408499331837,-0.02132826597002651,-0.06952128478764265,0.0,0.24754394131428417,-0.4630290774619893,0.10153914919796193,0.3747991173108948,0.0,-1.0,1.0,0.5,0.75,-0.25,-0.2,0.75,0.0,-0.5,0,0,1,0,0,0,0,0,0,1,0,0,0,0,0,1
7022,-0.05555555555555555,0.8132183908045977,-0.94,0.46153846153846156,-0.25,-0.6878306878306878,0.6082483809280146,0.46893795112428893,0.6987790844117789,0.4797127315307778,0.8770630192749421,0.5795133474700859,0.9364687676431993,0.7755238700769802,0.20950887690840939,0.0,0.0,0.0,-0.5,-0.5,0.75,1.6,0.0,0.0,0.5,0,1,0,0,0,0,0,0,1,0,0,0,0,0,0,1
7943,-0.2777777777777778,-0.8362068965517241,-0.18,-0.6923076923076923,-1.5,0.0,-0.5162494896655654,-0.8876516871453942,-0.8630479911658611,-0.7387163872530763,-0.7755238700769802,-0.8685062832737553,-0.4630290774619893,-0.2862227858405282,-0.8199621321402158,0.0,0.0,0.0,-0.5,-0.75,-0.25,-0.4,-1.0,2.0,0.0,0,1,0,0,0,0,0,0,1,0,0,0,0,0,0,1
5272,0.2777777777777778,0.031609195402298854,0.3,0.38461538461538464,1.5,0.1925925925925927,0.07186419063954037,0.12918387411374535,0.12094076945310367,0.2570964179736899,-0.7755238700769802,0.1028062048829766,0.16923104457519936,-0.20746290290324726,0.6235049459869083,0.0,0.0,0.0,1.0,1.0,0.75,-0.4,0.25,1.0,-0.5,0,1,0,0,0,0,0,0,0,1,0,0,0,0,0,1
5453,0.7777777777777778,0.8189655172413793,-0.46,0.6923076923076923,-0.75,-0.7222222222222222,0.8618978366110341,0.6580460497031684,0.9524381404861889,0.6067264738472842,0.8803160941357743,0.862343572728802,1.1676874461194582,0.997685525320599,0.8460216456064592,-1.0,-1.0,1.0,-0.5,0.0,1.25,1.4,-1.0,1.0,0.5,0,1,0,0,0,0,0,0,1,0,0,0,0,0,0,1
2565,0.8333333333333334,0.10632183908045977,0.4,0.38461538461538464,-0.5,-0.674074074074074,0.48734593890663513,0.44846361597047696,0.694351137148825,0.585499752882974,0.1297907130420535,0.44150035016075667,0.10538624670896068,0.1297907130420535,0.5400893577133797,-1.0,-2.0,1.0,-0.5,0.0,0.75,1.0,-0.75,1.0,-0.5,1,0,0,0,0,0,0,0,1,0,0,0,0,0,0,1
800,0.5555555555555556,-0.15229885057471265,0.16,-0.6923076923076923,-1.0,0.9629629629629629,-0.21937965074235694,-0.9198276734736306,-0.9146512478368783,-0.6609919958489534,-0.5308733279587541,-0.8685062832737553,-1.007628303794069,-0.7755238700769802,-1.2182158819572526,1.0,1.0,0.0,0.0,-0.75,-0.5,-0.4,-0.5,0.0,0.0,0,0,0,1,0,0,0,0,1,0,0,0,0,0,0,1
11092,0.5,-0.6810344827586207,0.58,-0.6153846153846154,0.0,0.6878306878306878,-0.9778612488626788,-0.8306482200332561,-0.860685845650729,-0.864973770899795,-0.5308733279587541,-0.43106976387327783,-0.576043627965019,-0.3877619350384901,-1.0529256415547674,1.0,1.0,0.0,0.0,-0.5,-0.5,-0.4,0.25,0.0,-0.5,0,1,0,0,0,0,0,0,1,0,0,0,0,1,0,0
5062,0.3888888888888889,-0.05459770114942529,0.44,-0.7692307692307693,0.25,0.1925925925925927,0.07835908516031118,-0.8486903624470598,-0.691272946852515,-0.5260924866613763,-0.7755238700769802,-0.9970374962256624,-1.007628303794069,-0.7755238700769802,-1.849433141188841,1.0,1.0,0.0,-0.5,-0.5,-0.5,-0.6,0.5,2.0,-0.5,0,1,0,0,0,0,0,0,0,1,0,0,0,0,0,1
8969,-0.3888888888888889,0.49712643678160917,0.2,0.7692307692307693,-0.25,-0.038518518518518445,0.5134872487356955,0.39072075232946246,0.4412936899880417,0.38038363262628083,0.4477288405141499,0.698237810933316,-1.007628303794069,0.8930366104212158,0.08527600666061479,0.0,0.0,0.0,1.0,0.25,0.75,1.2,-0.75,0.0,0.0,0,1,0,0,0,0,0,0,1,0,0,0,0,0,0,1
4656,-1.1111111111111112,0.28735632183908044,-0.42,0.6923076923076923,2.5,0.24074074074074087,-0.003668410951207476,0.21549033029510417,0.15470440348770947,0.22389073026396827,0.4585898858820568,0.467147328102002,0.3890734775391832,0.4585898858820568,0.28423203449009354,0.0,-1.0,1.0,1.5,1.5,0.75,-0.2,0.75,-1.0,0.5,0,0,1,0,0,0,0,0,0,1,0,0,0,0,0,1
4480,-0.16666666666666666,-0.7011494252873564,0.24,0.3076923076923077,1.0,0.557504873294347,0.24853649297375488,0.004628227696585043,-0.06576350120462697,0.24548412343870363,-0.2862227858405282,-0.5527179709905995,-0.37536818175688036,-0.2862227858405282,-0.4217083823231789,0.0,0.0,0.0,1.5,0.75,0.0,0.0,0.0,1.0,-0.5,0,1,0,0,0,0,0,0,0,1,0,0,0,0,0,1
9971,0.3333333333333333,-0.7959770114942529,-0.54,0.15384615384615385,-0.75,-0.6230936819172113,0.37238450865172346,0.09044142516361939,0.15871996414192133,0.2733708576401694,0.28183818133320476,0.011073137303157714,0.0,-0.7755238700769802,-0.5264628207773835,0.0,0.0,0.0,-0.5,0.0,0.5,0.6,-1.0,2.0,0.5,0,1,0,0,0,0,0,0,1,0,0,0,0,0,0,1
6729,-1.0,0.9540229885057471,0.92,0.46153846153846156,-0.5,-0.6878306878306878,0.44377044086214346,0.5010484124118997,0.7569597049590481,0.31936087182432915,0.28183818133320476,0.9571021104080593,0.6936799412060767,0.9112970335226829,0.2554981117643361,-1.0,-2.0,0.0,-0.5,0.0,0.75,1.2,-0.75,0.0,-0.5,0,0,1,0,0,0,0,0,1,0,0,0,0,1,0,0
1773,-0.4444444444444444,0.6206896551724138,-0.22,-0.6923076923076923,0.5,0.0,-2.176060244381302,-0.7112896646823601,-0.5713250511400829,-1.1222164641568182,-0.08870296647731721,-0.5527179709905995,-0.03144440163293923,-0.041572243722302185,-0.3331397665950483,-1.0,-1.0,0.0,-0.5,-0.5,-0.5,-0.4,0.75,-1.0,0.0,0,1,0,0,0,0,0,0,1,0,0,0,0,1,0,0
9242,-1.1111111111111112,-0.11494252873563218,-0.6,0.3076923076923077,0.25,-0.6588693957115009,0.3484464625970892,0.5428103781436638,0.8999126559294585,0.5206930679477545,1.0689354201760002,0.8161736808766918,0.25689194028030826,0.37444125516027954,0.653751861581373,-1.0,-2.0,2.0,-0.5,0.5,0.25,0.8,-0.5,0.0,0.5,0,0,1,0,0,0,0,0,1,0,0,0,0,0,0,1
1764,-0.2777777777777778,-0.09195402298850575,0.86,0.0,1.0,0.5777777777777778,-0.6336742763413896,-0.141192494495426,-0.16856589900309757,-0.18287541614550173,-0.3877619350384901,0.2445941468204277,0.24085521153310066,-0.041572243722302185,-0.471701526830916,0.0,-1.0,0.0,1.0,0.25,-0.25,0.0,0.5,0.0,-0.5,0,0,1,0,0,0,0,0,0,1,0,0,0,1,0,0
6215,-0.3888888888888889,-0.5,-0.5,-0.6923076923076923,0.0,0.9629629629629629,-0.75568089241282,-0.9312067425426861,-0.9327620851471012,-0.9205531871755583,-0.7755238700769802,-0.6958495530356731,-0.4630290774619893,-0.5308733279587541,-0.6546718917377307,1.0,1.0,1.0,0.0,-0.75,-0.25,-0.6,0.5,0.0,0.5,0,1,0,0,0,0,0,0,1,0,0,0,0,0,0,1
10099,-0.7777777777777778,-0.2557471264367816,-0.56,0.6923076923076923,0.0,-0.2407407407407407,0.11642878805322747,0.295606480992148,0.29767891514706324,0.10369610468882884,0.9022848982174715,0.44150035016075667,1.0099459819121892,0.7240085428146419,0.6463380979458401,0.0,0.0,0.0,0.5,0.25,0.25,1.6,-0.5,0.0,0.5,0,1,0,0,0,0,0,0,1,0,0,0,0,0,0,1
5423,-0.7222222222222222,-0.31896551724137934,-0.28,-0.8461538461538461,-0.25,0.48148148148148157,-0.9092718995930171,-1.1651076174231962,-1.0751866849165583,-1.0709300510135173,-0.7755238700769802,-0.9273913017065346,-0.576043627965019,-0.5308733279587541,-1.2182158819572526,0.0,0.0,0.0,-0.5,-0.75,-0.5,-0.6,0.25,0.0,0.0,0,0,0,1,0,0,0,0,1,0,0,0,0,0,0,1
940,-0.9444444444444444,-0.9022988505747126,-0.8,-0.07692307692307693,-0.75,-0.13756613756613756,0.16174369418571174,-0.08909478473575684,-0.032519325480999166,-0.03190016522792321,0.10153914919796193,0.14732171351364587,0.08157014887009044,0.10153914919796193,-0.1887448729086275,0.0,-1.0,0.0,0.0,-0.25,0.0,0.4,-0.75,0.0,0.5,0,0,1,0,0,0,0,0,1,0,0,0,0,0,0,1
3011,0.2777777777777778,-0.5833333333333334,-0.52,-0.3076923076923077,-0.25,-0.43771043771043766,0.4545211315991363,-0.20508239089294514,-0.0803239764293402,-0.23251884754703742,0.1297907130420535,0.04248780207134045,0.3776858598750006,0.20307829839592387,-0.731393516412085,0.0,0.0,0.0,-0.5,0.0,-0.25,0.0,-0.5,0.0,0.5,0,1,0,0,0,0,0,0,1,0,0,0,0,0,0,1
3298,0.7777777777777778,0.6954022988505747,0.86,1.2307692307692308,2.0,0.3416965352449224,0.046934881348934074,0.3942656127856543,0.30503794257876415,0.5285494690440247,-0.7755238700769802,0.047481291330751844,0.0,0.03718763921497886,1.1947612494511104,0.0,0.0,0.0,2.5,1.25,1.0,0.8,0.5,1.0,-0.5,0,1,0,0,0,0,0,0,0,1,0,0,0,0,0,1
8286,0.2777777777777778,-0.1235632183908046,0.12,-0.5384615384615384,0.25,-0.2407407407407407,0.010213178477489798,-0.43330280744213806,-0.2747430405383047,-0.18952970049253937,-0.5308733279587541,-0.5077252649352844,-1.007628303794069,-0.5308733279587541,-0.8199621321402158,0.0,0.0,1.0,-0.5,-0.25,-0.5,-0.2,0.25,2.0,0.0,0,0,0,1,0,0,0,0,1,0,0,0,0,0,0,1
9668,-0.05555555555555555,0.5086206896551724,-0.7,-0.46153846153846156,0.25,0.9629629629629629,-1.5389295612340868,-0.6017333609028825,-0.6353334721282822,-1.1828754161455015,0.2244761299230198,-0.448840246502505,-1.007628303794069,0.2446505421182259,-0.10017625718049661,0.0,0.0,0.0,0.5,-0.5,-0.5,-0.2,0.5,0.0,0.5,0,1,0,0,0,0,0,0,1,0,0,0,0,1,0,0
5120,-0.6666666666666666,0.8218390804597702,0.58,0.3076923076923077,-0.25,-0.6588693957115009,0.3987340857642231,0.4357838400879753,0.7057123245020333,0.2742057467271763,0.8391483846971425,0.7201724517006157,1.1130145505030296,0.8391483846971425,0.15951573240067232,-1.0,-1.0,0.0,-0.5,0.25,1.25,0.2,-0.75,-1.0,-0.5,0,0,0,1,0,1,0,0,0,0,0,0,0,1,0,0
6097,0.6111111111111112,0.49712643678160917,0.3,0.6923076923076923,2.0,1.2037037037037037,-0.02126732474523989,0.12852646849028598,0.0006148630125041537,0.19450058070920181,0.0,0.16595938491201265,-0.24318664449800542,-0.20746290290324726,0.9338367416070775,1.0,0.0,0.0,3.5,1.0,-0.25,0.2,0.75,0.0,-0.5,0,0,1,0,0,0,1,0,0,0,0,0,0,0,0,1
7019,0.3888888888888889,0.47701149425287354,0.0,-0.15384615384615385,-0.5,0.814814814814815,0.08800784893050143,-0.2319881136804578,-0.2349442632202284,-0.15447592751486727,0.2637338989659208,-0.5295595783247905,0.25689194028030826,0.38776193503849,-0.15768008000897207,1.0,1.0,0.0,1.0,-0.25,-0.25,0.0,-0.5,0.0,0.0,0,0,0,1,0,0,0,0,1,0,0,0,0,0,0,1
7408,1.0,-0.6839080459770115,-0.82,-0.23076923076923078,0.75,0.0,0.0917998879674308,-0.19547690107889226,-0.11972890339077646,0.0715682285619688,-0.3877619350384901,-0.8685062832737553,-1.007628303794069,-0.7755238700769802,-0.5264628207773835,0.0,0.0,0.0,0.0,0.25,-0.25,-0.2,0.25,2.0,0.5,0,1,0,0,0,0,0,0,0,1,0,0,0,0,0,1
8041,-0.05555555555555555,0.8706896551724138,-0.28,0.46153846153846156,0.75,0.6878306878306878,-0.1325366855968187,0.37450362329110004,0.5281073972069708,0.4077126078931225,0.733951626354678,0.3122610804931471,0.8763754792645375,0.8930366104212158,0.29807749263654026,0.0,-1.0,0.0,2.0,-0.25,0.0,1.0,0.75,2.0,0.0,0,0,0,0,1,0,0,0,1,0,0,0,0,0,0,1
252,0.3888888888888889,0.32471264367816094,-0.76,0.15384615384615385,0.75,-0.6230936819172113,-0.345040693732642,0.15395163902092407,0.27206919905646004,-0.11461769376890923,0.9531986810242506,0.2839520953418783,0.6724398873621507,0.5680609671737329,0.7295519805090722,-1.0,-2.0,0.0,-0.5,0.5,0.0,0.6,0.0,2.0,0.5,1,0,0,0,0,0,0,0,1,0,0,0,0,1,0,0
9986,-0.6666666666666666,-0.6580459770114943,-0.82,-0.38461538461538464,0.5,0.7703703703703704,-1.486817019350451,-0.7309291770348686,-0.9075400189758707,-0.7757215038103391,-0.7755238700769802,-0.39783172338174416,-0.4630290774619893,-0.3877619350384901,-0.471701526830916,0.0,0.0,1.0,0.5,0.0,-0.25,-0.6,0.25,0.0,0.5,0,0,0,1,0,0,0,0,0,1,0,0,0,1,0,0
3276,-0.3333333333333333,-0.3132183908045977,0.08,-0.6153846153846154,0.25,-0.13756613756613756,-0.5314345816457587,-0.5970225893528761,-0.4726047544284605,-0.8916042300028858,0.1297907130420535,-0.24294547577288908,-0.4630290774619893,-0.14311139292026412,-0.3757191474672522,0.0,0.0,0.0,-0.5,-0.25,-0.5,-0.4,0.25,-1.0,0.0,0,0,0,1,0,0,0,0,0,1,0,0,0,1,0,0
3859,1.2777777777777777,-0.15517241379310345,-0.26,0.8461538461538461,1.0,-0.7407407407407407,0.5389172261164725,0.3755172115889192,0.3879296549074652,0.2840643384370668,0.8930366104212158,0.6964273976453236,-1.007628303794069,0.7841329828271124,0.6077626267254462,0.0,0.0,0.0,-0.5,1.25,0.25,1.6,-0.5,2.0,0.0,0,0,0,1,0,0,0,0,1,0,0,0,0,1,0,0
3570,0.05555555555555555,-0.3017241379310345,0.3,-0.15384615384615385,0.0,0.3703703703703705,-0.28186950936336763,-0.1784897966583658,-0.14161330816116288,-0.029814245375839658,-0.3877619350384901,-0.10247590093783825,-0.24318664449800542,-0.3877619350384901,0.0,0.0,0.0,0.0,0.5,0.0,-0.25,0.0,-0.25,2.0,-0.5,0,0,0,1,0,0,0,0,1,0,0,0,0,0,0,1
3783,0.6111111111111112,-0.7442528735632183,-0.12,-0.46153846153846156,-0.5,0.32098765432098764,0.04349321881569316,-0.4517961891624551,-0.38136682210994627,-0.16679967441550042,-0.7755238700769802,-0.6958495530356731,-1.007628303794069,-0.5308733279587541,-1.849433141188841,1.0,1.0,0.0,0.0,-0.5,-0.25,-0.2,-0.25,2.0,0.0,0,1,0,0,0,0,0,0,1,0,0,0,0,0,0,1
10207,-0.4444444444444444,0.05459770114942529,-0.18,-0.8461538461538461,0.0,0.48148148148148157,-1.2448392592403401,-1.187526030626249,-1.110020789569042,-1.1222164641568182,-0.5308733279587541,-0.7725050540976793,-1.007628303794069,-0.7755238700769802,-1.451179391371804,0.0,0.0,0.0,-0.5,-0.75,-0.5,-0.6,0.5,0.0,0.0,0,0,0,1,0,0,0,0,1,0,0,0,0,1,0,0
10906,1.2222222222222223,-0.26436781609195403,0.06,0.07692307692307693,0.0,-0.2407407407407407,-0.14656877272899688,0.026071368512434266,0.08407697230753503,0.1442720480329595,0.20307829839592387,0.011073137303157714,0.08157014887009044,0.28183818133320476,0.2554981117643361,1.0,1.0,0.0,0.0,0.0,1.0,-0.2,-0.25,2.0,0.0,0,0,0,1,0,1,0,0,0,0,0,0,0,0,0,1
3427,0.8333333333333334,0.25,-0.76,0.8461538461538461,2.5,0.3703703703703705,0.23298515940910602,0.2277666631656242,0.12398573685573576,0.4261706953301928,-0.7755238700769802,0.016491618064316718,-1.007628303794069,-0.7755238700769802,0.20950887690840939,0.0,0.0,0.0,2.0,1.75,0.0,0.4,0.5,2.0,0.5,0,1,0,0,0,0,0,0,0,1,0,0,0,0,0,1
5209,0.8888888888888888,0.0603448275862069,-0.56,0.3076923076923077,1.5,-0.35477582846003897,-0.041395232871037906,0.1760085402528614,0.23809296771476013,0.3097594493655288,-0.14311139292026412,0.021834313389506158,0.20667320090127414,0.2244761299230198,0.6894502175765421,0.0,-1.0,0.0,0.0,1.0,0.0,0.4,0.25,0.0,0.5,1,0,0,0,0,0,0,0,0,1,0,0,0,0,0,1
10711,1.3888888888888888,-0.2471264367816092,-0.52,0.5384615384615384,-1.25,-0.7003367003367003,0.4680955006613282,0.3005981054791615,0.3642244443805274,0.07309790080410362,0.7622031901987696,0.651207785442112,0.846011808166154,0.346189691316188,0.7609564475007234,-1.0,-1.0,0.0,-0.5,-0.25,1.0,1.4,-1.25,0.0,0.5,0,1,0,0,0,0,0,0,1,0,0,0,0,1,0,0
10785,0.05555555555555555,-0.9942528735632183,-0.64,-0.6153846153846154,-0.5,0.6878306878306878,-0.23437389321510324,-0.8306482200332561,-0.860685845650729,-0.6474103906387431,-0.5308733279587541,-0.6958495530356731,-0.576043627965019,-0.7755238700769802,-0.9247165705944205,1.0,1.0,0.0,0.0,-0.5,-0.5,-0.4,-0.25,0.0,0.5,0,1,0,0,0,0,0,0,1,0,0,0,0,0,0,1
2814,-0.3333333333333333,0.031609195402298854,-0.86,-0.7692307692307693,-0.25,0.1925925925925927,-0.7948845774338,-0.9312067425426861,-0.8275516571572257,-0.9522631819915691,-0.5308733279587541,-0.9273913017065346,-0.37536818175688036,-0.14311139292026412,-0.6546718917377307,0.0,0.0,0.0,-0.5,-0.75,-0.5,-0.4,0.25,1.0,0.5,0,0,0,1,0,0,0,0,1,0,0,0,0,0,0,1
6866,0.05555555555555555,-0.7413793103448276,0.14,-0.7692307692307693,-0.75,0.1925925925925927,-0.5474107103230048,-0.8980690116780572,-0.7731933616127528,-0.9873169549692411,-0.7755238700769802,-0.577371459454412,-0.576043627965019,-0.2862227858405282,-0.6546718917377307,1.0,1.0,0.0,-0.5,-0.75,-0.5,-0.4,-0.25,1.0,0.0,0,0,0,1,0,0,0,0,1,0,0,0,0,1,0,0
1665,0.3333333333333333,-0.22126436781609196,0.44,0.23076923076923078,-0.5,0.6419753086419755,0.33966756015610367,0.548771437474774,0.9470817036397872,0.7057983227065632,-0.7755238700769802,-0.03528628394443194,-1.007628303794069,0.20307829839592387,1.238979885957035,1.0,0.0,4.0,1.5,-0.5,0.75,0.2,-0.25,2.0,-0.5,1,0,0,0,0,0,0,0,1,0,0,0,0,0,0,1
6575,-0.6111111111111112,0.7298850574712644,0.04,0.7692307692307693,2.25,0.885925925925926,0.14248708433588594,0.1606476182252876,0.03072403024188665,0.09236894680469392,0.5981179371223457,0.43972774146369503,0.02911296866803439,0.4585898858820568,0.6388274196251017,1.0,1.0,0.0,3.0,1.25,-0.25,0.4,0.75,0.0,0.0,0,0,0,1,0,0,0,0,0,1,0,0,0,0,0,1
3829,-0.5,-0.4454022988505747,0.9,-0.7692307692307693,-0.75,0.1925925925925927,-1.1272521893869996,-0.9550724787901951,-0.8663688591569083,-1.4877282074983278,-0.2862227858405282,-0.8685062832737553,-0.06562641226476575,-0.7755238700769802,-0.5264628207773835,0.0,0.0,0.0,-0.5,-0.75,-0.5,-0.4,-0.25,-2.0,-0.5,0,0,0,1,0,0,0,0,1,0,1,0,0,0,0,0
3091,-0.6111111111111112,-0.8563218390804598,-0.44,0.46153846153846156,0.5,-0.6878306878306878,0.5947563727905875,0.2700337361881585,0.3402218619923275,0.22194509239992774,0.3154784929617928,0.2619606140880888,1.1753454917692818,0.18029903213524281,0.4735371792226165,0.0,0.0,0.0,-0.5,0.75,0.75,0.6,-0.5,-1.0,0.5,0,0,0,1,0,0,0,0,1,0,0,0,0,0,0,1
10141,0.5555555555555556,0.16954022988505746,-0.96,-0.8461538461538461,-1.25,0.48148148148148157,-0.41276460397116893,-1.0869675081168189,-0.951369171036892,-1.026503739190463,-0.5308733279587541,-0.8685062832737553,-1.007628303794069,-0.2862227858405282,-1.0529256415547674,-1.0,-2.0,0.0,-0.5,-1.0,-0.5,-0.4,-0.5,1.0,0.5,1,0,0,0,0,0,0,0,1,0,0,0,0,0,0,1
5177,-0.2222222222222222,-0.4511494252873563,0.14,0.07692307692307693,0.75,-0.2407407407407407,0.19865563265439293,0.0,0.03788245532461377,0.17821495812024551,-0.041572243722302185,0.005576690118878176,-0.37536818175688036,-0.7755238700769802,-0.12820907096034687,0.0,0.0,0.0,0.0,0.5,0.0,0.2,0.0,1.0,0.0,0,1,0,0,0,0,0,0,0,1,0,0,0,0,0,1
7005,-0.6111111111111112,-0.985632183908046,0.44,0.46153846153846156,-0.5,-0.6878306878306878,0.20361842747005202,0.2655185327684747,0.33212741394973205,0.33569749796567,0.48930108423645197,0.3718541556416287,0.31519804194714235,-0.041572243722302185,0.7098508946883296,-1.0,-2.0,1.0,-0.5,0.25,0.25,1.4,-1.0,0.0,-0.5,0,0,1,0,0,0,0,0,1,0,0,0,0,0,0,1
6409,0.16666666666666666,0.14655172413793102,-0.62,0.38461538461538464,1.0,-0.674074074074074,0.16270822866267787,0.4028252279315237,0.6117873884220972,0.1417984074440907,0.9711712387682985,0.8317675394472913,0.3890734775391832,0.1297907130420535,0.9383431075304166,-1.0,-2.0,1.0,-0.5,0.75,0.75,0.4,0.0,0.0,0.5,1,0,0,0,0,0,0,0,0,1,0,0,0,1,0,0
7485,1.1111111111111112,-0.8706896551724138,-0.02,-0.38461538461538464,-0.75,0.7703703703703704,0.1469587172808005,-0.3880812752911758,-0.3382171259844628,-0.31449703550247415,-0.20746290290324726,-0.2761835162644227,0.12784066103007083,-0.3877619350384901,-0.22158573742309376,1.0,0.0,0.0,0.5,-0.5,-0.25,-0.2,-0.5,2.0,0.0,0,0,0,0,1,0,0,0,1,0,0,0,0,0,0,1
8079,-0.6666666666666666,-0.6695402298850575,0.74,-0.46153846153846156,-1.0,0.9629629629629629,-1.266970337689717,-0.7242661036901205,-0.8359879911233735,-1.2571159733443953,-0.5308733279587541,-0.7725050540976793,0.24085521153310066,-0.3877619350384901,-0.15768008000897207,0.0,0.0,0.0,0.5,-0.5,-0.25,-0.4,-0.75,0.0,-0.5,0,1,0,0,0,0,0,0,1,0,1,0,0,0,0,0
8395,0.5,0.9252873563218391,-0.02,0.5384615384615384,0.0,-0.7003367003367003,0.7158600966030109,0.4945032757818498,0.7139458422390358,0.5735091533331905,0.5083844410841468,0.5210388572753701,0.4001402741961107,1.0245052165158748,0.14183560789634314,-1.0,-2.0,1.0,-0.5,-0.25,1.0,1.4,0.0,0.0,0.0,0,0,1,0,0,0,0,0,1,0,0,0,0,0,0,1
10352,0.3888888888888889,0.8735632183908046,-0.94,-0.46153846153846156,0.75,0.9629629629629629,-0.6220903892034979,-0.44864901641479094,-0.37595550940791944,-0.41020976046882957,-0.20746290290324726,-0.3255419439953788,-0.24318664449800542,-0.2862227858405282,0.04421863650592419,1.0,0.0,1.0,0.5,-0.25,-0.25,-0.6,0.75,0.0,0.5,0,0,0,0,1,0,0,0,0,1,0,0,0,0,0,1
4931,-0.3888888888888889,0.20114942528735633,-0.72,1.0,-2.0,-0.9629629629629629,1.7110269674886573,0.5445233658775878,0.6431738867317199,-1.4877282074983278,-0.7755238700769802,1.2353973360249602,-0.576043627965019,-0.5308733279587541,-1.451179391371804,-1.0,-1.0,0.0,-1.0,-1.0,6.5,-1.0,-1.25,0.0,0.5,0,0,0,1,0,1,0,0,0,0,0,0,0,1,0,0
13,1.2777777777777777,-0.040229885057471264,0.16,-0.6923076923076923,-0.5,0.9629629629629629,-1.0804374310083684,-0.9198276734736306,-0.9146512478368783,-0.7216509478376368,-0.7755238700769802,-0.9273913017065346,-1.007628303794069,-0.7755238700769802,-0.5869986227256642,0.0,-1.0,0.0,0.0,-0.75,-0.5,-0.4,0.0,2.0,0.0,0,0,0,0,1,0,0,0,1,0,0,0,0,0,0,1
1834,-0.4444444444444444,-0.6982758620689655,0.56,-0.6923076923076923,0.0,0.0,-0.5636845389762147,-0.6524690412560705,-0.4712744579190073,-0.5758421620767741,-0.14311139292026412,-0.39783172338174416,-0.37536818175688036,-0.5308733279587541,-0.9247165705944205,0.0,-1.0,0.0,-0.5,-0.5,-0.5,-0.4,0.25,1.0,-0.5,0,0,1,0,0,0,0,0,1,0,0,0,0,0,0,1
2285,0.8888888888888888,0.11781609195402298,-0.98,0.0,0.75,0.1925925925925927,-0.5174604385259993,-0.061690355782567624,-0.02904557800461331,0.06693655571061849,0.03718763921497886,0.047481291330751844,-0.37536818175688036,-0.2862227858405282,0.12359411675246054,0.0,0.0,0.0,0.5,0.25,0.0,0.0,0.25,1.0,0.5,0,0,0,1,0,0,0,0,0,1,0,0,0,0,0,1
2295,0.8888888888888888,-0.6005747126436781,0.16,0.5384615384615384,-0.25,-0.7003367003367003,0.3041860359046857,0.27093019860489986,0.3110390079984088,0.37488428218689196,0.436522943019284,0.11959996366442333,0.7187103995221312,0.5834093037298083,0.2554981117643361,0.0,0.0,0.0,-0.5,0.25,0.25,1.6,-0.75,2.0,0.0,0,1,0,0,0,0,0,0,1,0,0,0,0,0,0,1
1378,-0.1111111111111111,-0.04597701149425287,-0.5,0.6153846153846154,1.0,0.5442834138486312,-0.03126778397243197,0.2070736809715763,0.16769346856798284,0.16226038159519202,0.2244761299230198,0.32924149771405253,0.7376463687461494,0.2244761299230198,0.9689352071003449,0.0,0.0,0.0,2.0,0.75,0.5,0.2,0.0,-1.0,0.5,0,0,0,1,0,0,0,0,0,1,0,0,0,0,0,1
2781,-0.6111111111111112,-1.0057471264367817,0.12,0.15384615384615385,-0.75,-0.6230936819172113,0.5179744794054536,0.5575366355145238,1.0014678078796864,0.5812194952875706,0.4793580006964157,0.7893920727653069,0.9193858457302698,0.6190917972785056,0.19332305418233545,-1.0,-2.0,3.0,-0.5,0.0,1.0,0.2,-1.0,0.0,0.0,0,0,1,0,0,1,0,0,0,0,0,0,0,0,0,1
1165,0.6666666666666666,0.1925287356321839,0.26,0.6923076923076923,0.75,1.2037037037037037,-0.019305217648490577,0.08307483562457225,-0.07937349880614086,0.10508526381173755,0.15594757564090878,0.2866141025519014,0.49643548013891015,-0.20746290290324726,0.43173265849465925,1.0,0.0,0.0,3.5,0.5,0.0,0.4,0.0,2.0,-0.5,0,0,1,0,0,0,1,0,0,0,0,0,0,0,0,1
1404,0.1111111111111111,0.15517241379310345,0.8,-0.15384615384615385,1.25,0.814814814814815,-0.5909643909477411,-0.19865108851523436,-0.17686477397658495,-0.40374930259193015,0.346189691316188,0.07614446889381445,0.3776858598750006,-0.7755238700769802,0.31159714487129303,1.0,1.0,0.0,1.0,0.25,-0.25,-0.4,0.75,0.0,-0.5,0,0,0,1,0,0,0,0,0,1,0,0,0,1,0,0
6457,-0.3333333333333333,-0.9339080459770115,0.56,0.6923076923076923,0.25,-0.48148148148148145,0.3575054890798555,0.30388881076135155,0.3125073678156832,0.3674074927816808,0.36059806427048563,0.467147328102002,0.3659582635642842,0.36059806427048563,0.557769482217709,0.0,-1.0,0.0,0.0,0.5,0.5,1.4,-0.5,0.0,-0.5,1,0,0,0,0,0,0,0,1,0,0,0,0,0,0,1
2639,0.2222222222222222,-0.5344827586206896,-0.08,-0.46153846153846156,0.0,0.9629629629629629,-0.25098989781437026,-0.6470705429580874,-0.7104042443861808,-0.7216509478376368,-0.14311139292026412,-0.6320354792626287,-0.06562641226476575,-0.2862227858405282,-0.12820907096034687,1.0,0.0,0.0,0.5,-0.25,-0.25,-0.6,0.0,0.0,0.0,0,0,1,0,0,0,0,0,0,1,0,0,0,0,0,1
8299,-1.0555555555555556,-0.1867816091954023,-0.06,-0.6923076923076923,-1.0,0.0,-0.6318275561117925,-0.6313323990618314,-0.4350463408353723,-0.4828234042714047,-0.3877619350384901,-0.5527179709905995,-0.1444589521359689,-0.7755238700769802,-0.731393516412085,-1.0,-2.0,0.0,-0.5,-0.75,-0.25,-0.4,-0.5,2.0,0.0,0,0,1,0,0,0,0,0,1,0,0,0,0,0,0,1
6437,-0.8333333333333334,0.05459770114942529,0.62,-0.6923076923076923,0.0,0.0,-0.3275989352024138,-0.6065049182779295,-0.39232054588288895,-0.689940953021626,0.0,-0.448840246502505,0.08157014887009044,-0.2862227858405282,-0.5264628207773835,0.0,-1.0,0.0,-0.5,-0.5,-0.5,-0.4,0.25,-1.0,-0.5,0,0,1,0,0,0,0,0,1,0,0,0,0,0,0,1
6912,0.16666666666666666,-0.1235632183908046,0.22,0.5384615384615384,0.25,-0.7003367003367003,0.3181871800778022,0.24640726916012776,0.2671564011653563,0.40659427700290274,0.436522943019284,0.11547023167241814,0.3285161072382096,0.33116801477775093,-0.6546718917377307,1.0,1.0,0.0,-0.5,0.5,0.25,1.4,-0.5,2.0,0.0,0,1,0,0,0,0,0,0,1,0,0,0,0,0,0,1
7327,0.6111111111111112,-0.5,0.44,-0.46153846153846156,-1.5,0.9629629629629629,-0.5133721128392859,-0.7812695708022587,-0.9266713165095366,-0.689940953021626,-0.14311139292026412,-1.0822775493153898,-0.06562641226476575,-0.5308733279587541,-0.6546718917377307,1.0,1.0,0.0,0.5,-0.75,-0.25,-0.2,-1.0,2.0,-0.5,0,1,0,0,0,0,0,0,1,0,0,0,0,0,0,1
5299,0.0,-0.3850574712643678,-0.12,0.7692307692307693,1.5,-0.5007407407407407,0.4533032587577349,0.512405637220335,0.6608356538397477,0.6355219347650622,0.8770630192749421,0.4121015026760408,0.4415306577412393,0.436522943019284,0.12359411675246054,0.0,0.0,0.0,0.0,0.75,0.25,1.6,0.5,2.0,0.0,0,1,0,0,0,0,0,0,1,0,0,0,0,0,0,1
4127,0.16666666666666666,0.39080459770114945,0.96,1.4615384615384615,2.0,-0.6230936819172113,0.6344675115147703,0.49887954657109906,0.4314758869199567,0.581550707984494,0.6696001163716948,0.5210388572753701,0.859797268279222,0.6696001163716948,0.06511398322198858,0.0,0.0,2.0,0.0,1.75,2.0,1.2,0.0,2.0,-0.5,0,1,0,0,0,0,0,0,0,1,0,0,0,0,0,1
8143,-0.8333333333333334,-0.06321839080459771,0.0,-0.15384615384615385,0.5,-0.07407407407407397,-0.4642980789174792,-0.14807892378080717,-0.08827211053171267,0.04937979975019586,-0.3877619350384901,-0.1410942626091846,-0.4630290774619893,-0.3877619350384901,-0.471701526830916,-1.0,-2.0,3.0,0.0,0.0,0.0,0.0,0.25,2.0,0.0,0,0,1,0,0,0,0,0,1,0,0,0,0,0,0,1
1964,1.0555555555555556,-0.16954022988505746,0.34,0.23076923076923078,-0.5,-0.6419753086419753,0.7993029005694176,0.5163457808077572,0.888130536202733,0.3119998829267673,0.8770630192749421,0.9265642901500138,0.3776858598750006,1.0892152396062333,0.4424723863229611,-1.0,-1.0,0.0,-0.5,0.25,1.0,0.2,-1.0,0.0,-0.5,0,0,0,1,0,1,0,0,0,0,0,0,0,1,0,0
3690,-0.8888888888888888,0.5114942528735632,-0.58,0.5384615384615384,1.0,-0.7003367003367003,0.6805053911656349,0.6145695644890684,0.9318620852020275,0.636365289149677,0.8603321087721983,0.8761939051635069,0.5520822202293374,0.5352041322794227,0.28423203449009354,-1.0,-1.0,2.0,-0.5,0.75,0.5,1.0,0.0,1.0,0.5,0,1,0,0,0,0,0,0,1,0,0,0,0,0,0,1
3433,0.8333333333333334,0.10057471264367816,0.1,0.46153846153846156,0.0,-0.6878306878306878,0.5300099423953523,0.3349026851028207,0.4567587279878,0.26746722520970134,0.33116801477775093,0.5963865977696116,0.8206581533682332,0.48930108423645197,0.8407261361399979,-1.0,-1.0,1.0,-0.5,0.5,1.5,0.2,-0.75,-1.0,0.0,0,1,0,0,0,1,0,0,0,0,0,0,0,0,0,1
3389,0.0,0.6551724137931034,0.24,1.4615384615384615,1.0,-0.28322440087145967,0.4517961839448926,0.49984505773527355,0.43321164799503487,0.47381599824340137,0.6324124771567161,0.6408549434285865,0.8859966614049789,0.8770630192749421,1.073689645554549,0.0,0.0,0.0,1.0,1.0,1.75,1.6,-0.25,0.0,-0.5,0,1,0,0,0,0,0,0,1,0,0,0,0,0,0,1
4712,-1.1666666666666667,0.6379310344827587,-0.62,-0.6153846153846154,-1.0,-0.13756613756613756,-1.4289759045174004,-0.5787576144130151,-0.4413755213240496,-0.9873169549692411,0.0,-0.41408934665237235,0.25689194028030826,0.10153914919796193,-0.5264628207773835,-1.0,-1.0,0.0,-0.5,-0.75,-0.25,-0.2,-0.5,-1.0,0.5,0,0,0,1,0,0,0,0,1,0,1,0,0,0,0,0
1170,-0.2777777777777778,0.3017241379310345,-0.08,-0.07692307692307693,1.0,0.6878306878306878,-0.9522850337479511,-0.1784897966583658,-0.1893038813726652,-0.41020976046882957,0.20307829839592387,0.18718687293363348,0.4415306577412393,0.20307829839592387,-0.25641814192069373,0.0,0.0,0.0,1.0,0.25,-0.25,-0.2,0.5,0.0,0.0,0,1,0,0,0,0,0,0,0,1,0,0,0,1,0,0
6347,-0.5,0.031609195402298854,-0.46,-0.7692307692307693,0.0,0.1925925925925927,-1.798400855604365,-0.8775198049779676,-0.7392304772861947,-1.4877282074983278,-0.5308733279587541,-0.9970374962256624,-0.03144440163293923,0.03718763921497886,-0.471701526830916,0.0,-1.0,0.0,-0.5,-0.75,-0.5,-0.4,0.5,-2.0,0.5,0,0,1,0,0,0,0,0,1,0,1,0,0,0,0,0
4065,-0.3333333333333333,0.41954022988505746,-0.98,0.07692307692307693,0.75,-0.2407407407407407,-0.05547715165336749,0.0073776125982124505,0.05094278381403171,0.18916012693441833,-0.7755238700769802,0.03230062532477855,-1.007628303794069,-0.7755238700769802,-0.02345463250614205,0.0,0.0,0.0,0.0,0.25,-0.25,0.6,0.25,2.0,0.5,0,1,0,0,0,0,0,0,1,0,0,0,0,0,0,1
8230,-0.5555555555555556,-0.5718390804597702,-0.42,-0.6923076923076923,0.0,0.0,-0.6667953855689993,-0.6313323990618314,-0.4350463408353723,-0.6751517126322198,-0.3877619350384901,-0.28793818182820424,-0.19072946429594947,-0.20746290290324726,-0.8199621321402158,0.0,0.0,0.0,-0.5,-0.5,-0.5,-0.4,0.25,0.0,0.5,0,1,0,0,0,0,0,0,1,0,0,0,0,1,0,0
1215,-0.4444444444444444,-0.26436781609195403,0.0,0.6153846153846154,-0.25,-0.7117552334943639,0.483050318900091,0.5091289905153233,0.7106829429713849,0.4569191197468556,0.9083184831556347,0.7621213449281633,0.6988152470312979,0.8603321087721983,0.7295519805090722,-1.0,-1.0,1.0,-0.5,0.25,2.0,0.4,-0.75,0.0,0.0,0,0,0,1,0,1,0,0,0,0,0,0,0,0,0,1
5939,-0.05555555555555555,-0.5545977011494253,0.7,-0.3076923076923077,-0.25,1.1380471380471382,-0.45212146013983706,-0.43330280744213806,-0.47551629651261607,-0.4593287188676936,-0.14311139292026412,-0.3255419439953788,-0.19072946429594947,-0.08870296647731721,0.1766680123939431,1.0,1.0,0.0,1.0,-0.25,-0.25,-0.4,-0.25,0.0,-0.5,0,0,0,1,0,0,1,0,0,0,0,0,0,0,0,1
2156,0.8333333333333334,0.7097701149425287,-0.22,-0.38461538461538464,-0.5,1.3481481481481483,-1.2597612321365521,-0.8306482200332561,-1.061738400889072,-0.6097055827056526,-0.7755238700769802,-0.6958495530356731,-1.007628303794069,-0.7755238700769802,-0.9247165705944205,1.0,1.0,0.0,1.0,-0.5,-0.5,-0.2,-0.25,2.0,0.0,0,1,0,0,0,0,0,0,1,0,0,0,0,0,0,1
7788,-0.7222222222222222,-0.9511494252873564,0.08,-0.8461538461538461,-1.5,0.48148148148148157,-1.1945417283786164,-1.3260841332976208,-1.3174103999738638,-1.0709300510135173,-0.7755238700769802,-1.0822775493153898,-1.007628303794069,-0.7755238700769802,-1.451179391371804,0.0,0.0,0.0,-0.5,-1.0,-0.5,-0.4,-0.75,2.0,0.0,0,1,0,0,0,0,0,0,1,0,0,0,0,0,0,1
10323,1.0,-0.3132183908045977,0.78,-0.15384615384615385,0.0,-0.07407407407407397,-0.05952889645248696,-0.09748585452302422,0.0008827061044872305,0.05426061774684113,-0.041572243722302185,-0.18406045734010976,-0.4630290774619893,-0.3877619350384901,0.36270269768368657,0.0,0.0,0.0,0.0,0.0,0.0,0.0,-0.25,0.0,-0.5,0,1,0,0,0,0,0,0,1,0,0,0,0,0,0,1
7947,0.05555555555555555,-0.7471264367816092,1.0,-0.7692307692307693,-0.75,0.1925925925925927,-0.29988167365411617,-0.8676581388004984,-0.7228654408112252,-0.6474103906387431,-0.7755238700769802,-0.7725050540976793,-1.007628303794069,-0.5308733279587541,-0.9247165705944205,1.0,1.0,0.0,-0.5,-0.75,-0.5,-0.4,-0.25,0.0,-0.5,0,1,0,0,0,0,0,0,1,0,0,0,0,0,0,1
1891,-0.5555555555555556,0.9597701149425287,-0.74,0.07692307692307693,-0.75,-0.6018518518518519,0.6544677491744554,0.549615226924287,1.0278378622060391,0.4456565698750265,0.6122380649615098,0.9652686171501912,0.20667320090127414,0.7883600527976249,0.6963312424535769,-1.0,-2.0,1.0,-0.5,0.0,1.0,0.0,-1.0,1.0,0.5,1,0,0,0,0,1,0,0,0,0,0,0,0,1,0,0
2570,0.1111111111111111,-0.04310344827586207,-0.28,0.7692307692307693,2.25,-0.038518518518518445,0.14649860685575025,0.26642599473504525,0.21858944975471936,0.45740025233480036,-0.041572243722302185,-0.03528628394443194,-0.06562641226476575,-0.7755238700769802,0.36270269768368657,0.0,0.0,3.0,1.0,1.5,0.5,0.4,0.5,0.0,0.0,0,0,0,1,0,0,0,0,0,1,0,0,0,0,0,1
9256,-0.05555555555555555,0.5316091954022989,-0.88,0.9230769230769231,1.25,-0.10699588477366255,0.1948836065100476,0.34235839261354883,0.3034840708476372,0.34526251765332155,0.38776193503849,0.4252427268901284,0.8631693516581,0.7755238700769802,0.6754358957375127,0.0,-1.0,0.0,1.0,1.0,0.25,1.4,0.0,0.0,0.5,0,0,1,0,0,0,0,0,1,0,0,0,0,0,0,1
295,-1.0555555555555556,-0.031609195402298854,0.56,0.5384615384615384,-1.25,-0.7003367003367003,0.70091565672695,0.3958657475446437,0.5356371203668905,0.34526251765332155,0.7290150965998392,0.5975637835664067,0.952839690627108,0.5352041322794227,0.7031308331713269,-1.0,-2.0,0.0,-0.5,-0.25,1.25,1.2,-1.25,0.0,-0.5,0,0,1,0,0,0,0,0,1,0,0,0,0,0,0,1
7397,1.0555555555555556,-0.031609195402298854,-0.08,0.46153846153846156,1.25,-0.13756613756613756,-0.06956515025576052,0.2038673843024813,0.2218539759237804,0.34593532501421925,-0.14311139292026412,0.07614446889381445,-0.19072946429594947,-0.7755238700769802,0.8022245488919142,0.0,-1.0,0.0,0.5,0.75,0.0,0.8,0.25,0.0,0.0,0,0,1,0,0,0,0,0,1,0,0,0,0,0,0,1
6349,-0.9444444444444444,0.005747126436781609,0.44,0.3076923076923077,1.0,-0.6588693957115009,0.28247065181903613,0.44428514703981,0.721112443610239,0.4219188403180699,0.7436222620819857,0.690944100308332,0.7088887554180855,0.5981179371223457,0.7098508946883296,-1.0,-2.0,0.0,-0.5,1.0,0.5,0.2,-0.25,1.0,-0.5,1,0,0,0,0,0,0,0,0,1,0,0,0,0,0,1
10790,-0.8333333333333334,0.3994252873563218,-0.18,-0.8461538461538461,0.0,0.48148148148148157,-1.590603637278183,-1.0697648452140578,-0.9236462952454159,-0.9522631819915691,-0.7755238700769802,-0.9273913017065346,-1.007628303794069,-0.7755238700769802,-0.6546718917377307,0.0,0.0,0.0,-0.5,-0.75,-0.5,-0.6,0.5,2.0,0.0,0,1,0,0,0,0,0,0,1,0,0,0,0,0,0,1
10398,-0.6111111111111112,0.9051724137931034,0.66,-0.8461538461538461,-0.25,0.48148148148148157,-1.1433904452057384,-0.9312067425426861,-0.695142565019749,-1.4877282074983278,-0.08870296647731721,-1.1921710908689298,-0.1444589521359689,-0.3877619350384901,-0.3757191474672522,0.0,-1.0,0.0,-0.5,-0.75,-0.5,-0.6,0.25,-1.0,-0.5,0,0,1,0,0,0,0,0,1,0,0,0,1,0,0,0
2431,-1.1111111111111112,0.5431034482758621,0.42,-0.6923076923076923,0.25,0.0,-1.586146211183593,-0.6524690412560705,-0.4712744579190073,-0.864973770899795,-0.20746290290324726,-0.4674779179008721,0.0,-0.08870296647731721,-0.2934993113628321,-1.0,-1.0,0.0,-0.5,-0.5,-0.5,-0.4,0.5,0.0,-0.5,0,1,0,0,0,0,0,0,1,0,0,0,0,1,0,0
550,1.0,0.13218390804597702,0.76,0.46153846153846156,-1.0,-0.4126984126984127,0.29598370386835815,0.21444866604066876,0.24074576855250573,0.11058461425112673,0.9478909701185088,0.44502108004887764,0.7422411030138681,-0.08870296647731721,0.04421863650592419,0.0,-1.0,0.0,0.0,-0.25,0.25,1.6,-1.0,0.0,-0.5,1,0,0,0,0,0,0,0,1,0,0,0,0,0,0,1
1890,-0.05555555555555555,0.8390804597701149,0.92,-0.8461538461538461,-0.25,0.48148148148148157,-0.3070735041425714,-1.0079898207268727,-0.8228518726499564,-0.8916042300028858,-0.5308733279587541,-0.9970374962256624,-0.576043627965019,-0.7755238700769802,-0.6546718917377307,1.0,1.0,0.0,-0.5,-0.75,-0.5,-0.6,0.25,-1.0,-0.5,0,0,0,1,0,0,0,0,1,0,0,0,0,0,0,1
10742,-0.7222222222222222,0.3764367816091954,0.46,-0.3076923076923077,-1.0,-0.9629629629629629,0.7987727255467337,0.23375530523496518,0.7054762825995075,0.3705432664810604,0.3154784929617928,0.2416213964965861,0.28712572369308104,0.29905896856117287,-0.10017625718049661,-1.0,-1.0,1.0,-1.0,0.0,0.0,0.0,-1.25,2.0,-0.5,0,1,0,0,0,0,0,0,1,0,0,0,0,0,0,1
10356,0.7222222222222222,0.8304597701149425,-0.88,-0.7692307692307693,-0.25,0.1925925925925927,-0.3289278923238978,-0.9198276734736306,-0.8089445712674348,-0.5867514386500596,-0.7755238700769802,-1.1921710908689298,-1.007628303794069,-0.7755238700769802,-1.451179391371804,1.0,0.0,0.0,-0.5,-0.75,-0.5,-0.4,0.25,2.0,0.5,1,0,0,0,0,0,0,0,1,0,0,0,0,0,0,1
4676,1.0555555555555556,-0.6896551724137931,0.74,0.7692307692307693,1.25,-0.5007407407407407,0.5523893384880043,0.5369697505702308,0.7052968358681371,0.4170696400792967,0.8204690990142031,0.7778374228211149,1.1753454917692818,0.8770630192749421,0.8407261361399979,1.0,0.0,0.0,0.0,1.25,1.0,0.6,-0.25,1.0,-0.5,0,0,0,0,1,0,0,0,0,1,0,0,0,0,0,1
8852,-0.3333333333333333,0.8936781609195402,0.62,1.0,1.25,0.06878306878306886,0.2644577626441042,0.370421257276829,0.3296801458926651,0.26490467241360816,0.9342616272351748,0.6181554054590941,-1.007628303794069,0.5758185568959769,1.1374086063919266,0.0,0.0,0.0,1.5,1.0,0.5,1.2,0.0,0.0,-0.5,0,1,0,0,0,0,0,0,1,0,0,0,0,0,0,1
3565,0.8333333333333334,-0.7614942528735632,0.26,-0.46153846153846156,0.25,0.9629629629629629,-0.44334066956794205,-0.6262317586662209,-0.6760112674860832,-0.3732046439115666,-0.7755238700769802,-0.577371459454412,-1.007628303794069,-0.7755238700769802,-1.2182158819572526,1.0,1.0,0.0,0.5,-0.25,-0.5,-0.4,0.25,1.0,-0.5,0,1,0,0,0,0,0,0,0,1,0,0,0,0,0,1
5294,-1.0555555555555556,-0.3879310344827586,0.0,-0.38461538461538464,0.25,0.7703703703703704,-1.5747673369911694,-0.7112896646823601,-0.8764300231908637,-1.0709300510135173,0.0,-0.4674779179008721,0.10538624670896068,-0.20746290290324726,-0.9247165705944205,0.0,-1.0,0.0,0.5,-0.25,-0.5,-0.2,0.25,0.0,0.0,0,0,1,0,0,0,0,0,1,0,0,0,0,1,0,0
1958,-0.16666666666666666,-0.735632183908046,0.72,0.7692307692307693,1.0,0.4237037037037037,0.10473426430141086,0.18852572365940948,0.08006126355785084,0.40037534590726903,-0.7755238700769802,-0.01140372710202764,-1.007628303794069,-0.7755238700769802,-0.3331397665950483,0.0,0.0,0.0,2.0,1.0,0.0,0.8,-0.25,2.0,-0.5,0,0,0,1,0,0,0,0,1,0,0,0,0,0,0,1
7349,-0.16666666666666666,0.8017241379310345,-0.84,-0.3076923076923077,0.5,1.1380471380471382,-2.5475084864857687,-0.49535124455974716,-0.5802025128586167,-1.0709300510135173,0.2446505421182259,-0.5295595783247905,-0.24318664449800542,0.2244761299230198,0.31159714487129303,0.0,0.0,1.0,1.0,-0.25,-0.25,-0.4,0.5,-2.0,0.5,0,0,0,1,0,0,1,0,0,0,0,0,1,0,0,0
8799,-0.7777777777777778,-0.22126436781609196,-0.86,-0.3076923076923077,0.25,0.6127946127946128,-0.4544047247869563,-0.3501856301943667,-0.33322971445543603,-0.3001335189415751,-0.08870296647731721,0.011073137303157714,-0.576043627965019,-0.2862227858405282,-1.0529256415547674,0.0,0.0,0.0,0.5,-0.25,-0.25,-0.2,0.25,2.0,0.5,0,1,0,0,0,0,0,0,1,0,0,0,0,0,0,1
1351,0.7777777777777778,0.8362068965517241,-0.48,1.3076923076923077,1.0,-0.2407407407407407,0.20288807856006413,0.4154557045089022,0.32197509216172077,0.5673478082397053,0.1297907130420535,0.4024301889231394,0.10538624670896068,0.36059806427048563,-0.3757191474672522,0.0,0.0,1.0,1.0,0.75,1.5,1.6,0.0,1.0,0.5,0,0,0,1,0,0,0,0,1,0,0,0,0,0,0,1
1045,0.2777777777777778,0.9367816091954023,0.12,-0.15384615384615385,0.75,-0.07407407407407397,0.02200389021742642,-0.1291111474273687,-0.05490530818050777,-0.14552373380004507,0.07082795084356677,0.17672056099836142,0.3413974350728991,-0.7755238700769802,-0.10017625718049661,0.0,0.0,0.0,0.0,0.25,0.0,-0.2,0.25,0.0,0.0,0,0,0,1,0,0,0,0,0,1,0,0,0,0,0,1
7732,-0.4444444444444444,-0.5114942528735632,0.64,0.38461538461538464,0.75,-0.674074074074074,0.35564130170519037,0.23325993936610892,0.3066147828988236,0.17260431712066743,-0.7755238700769802,0.23256176660337322,1.0324003962332995,0.842768479240572,0.43173265849465925,0.0,0.0,0.0,-0.5,0.75,0.0,1.0,-0.25,0.0,-0.5,0,1,0,0,0,0,0,0,1,0,0,0,0,0,0,1
8070,-0.16666666666666666,-0.6781609195402298,0.98,-0.23076923076923078,-0.75,-0.48148148148148145,0.08259849060141193,-0.14947173358483143,-0.03881720199968276,0.04442631182305411,0.1297907130420535,-0.28793818182820424,-0.4630290774619893,0.1297907130420535,-0.6546718917377307,0.0,0.0,0.0,-0.5,-0.25,0.25,0.0,-0.75,2.0,-0.5,0,1,0,0,0,0,0,0,1,0,0,0,0,0,0,1
477,-0.8888888888888888,-0.9885057471264368,-0.36,0.5384615384615384,-1.0,-0.7003367003367003,0.7435599859528745,0.6260557478206122,0.9527498761588284,0.5995913081600744,0.6811734851375101,0.9584753766758476,0.7187103995221312,0.29905896856117287,0.8078852716255311,-1.0,-1.0,5.0,-0.5,0.0,1.25,1.0,-1.25,0.0,0.0,0,1,0,0,0,0,0,0,1,0,0,0,0,0,0,1
7832,0.6111111111111112,-0.14655172413793102,-0.38,0.6153846153846154,0.75,-0.7117552334943639,0.6296188328206672,0.49815375523741484,0.6908091692199466,0.5596589484183587,0.5680609671737329,0.6740055204993026,-1.007628303794069,0.8087678244220687,0.4933515120546405,0.0,0.0,4.0,-0.5,1.0,1.25,0.4,-0.5,1.0,0.5,0,1,0,0,0,0,0,0,0,1,0,0,0,0,0,1
2202,-0.4444444444444444,0.25862068965517243,0.98,-0.6923076923076923,-0.75,0.0,-0.33941536219066226,-0.6417497235944941,-0.4529188499624436,-0.4518519294624826,-0.3877619350384901,-0.6626115125441394,-0.576043627965019,-0.2862227858405282,-0.6546718917377307,0.0,0.0,0.0,-0.5,-0.75,-0.5,-0.2,-0.25,0.0,-0.5,0,0,0,1,0,0,0,0,1,0,0,0,0,0,0,1
7396,0.2222222222222222,0.6896551724137931,0.86,0.8461538461538461,-0.25,-0.7407407407407407,0.685405134857715,0.5149599307192734,0.6392400802293817,0.22389073026396827,0.6190917972785056,1.002043859818364,1.0891984526641594,0.48930108423645197,0.04421863650592419,-1.0,-1.0,1.0,-0.5,0.25,1.5,1.4,-0.75,0.0,-0.5,0,1,0,0,0,0,0,0,1,0,0,0,0,1,0,0
4055,-1.2222222222222223,-0.9339080459770115,-0.16,-0.5384615384615384,0.0,0.48148148148148157,-1.5427614957594304,-0.6691541525476836,-0.6760112674860832,-1.3528286983107507,0.07082795084356677,-0.6626115125441394,0.0,0.03718763921497886,-0.10017625718049661,0.0,-1.0,0.0,0.0,-0.25,-0.5,-0.4,0.0,-2.0,0.0,0,0,1,0,0,0,0,0,0,1,0,0,1,0,0,0
10340,-0.7777777777777778,0.6810344827586207,0.38,0.23076923076923078,1.25,0.9629629629629629,-0.5787412891765406,0.08381813349453773,0.10943448317711107,-0.2774919189452114,0.1297907130420535,0.28127140722671196,0.4789728140673139,0.5264887234514308,1.1592101973177604,0.0,0.0,0.0,2.0,0.5,-0.25,0.0,0.5,0.0,-0.5,0,0,0,1,0,0,0,0,0,1,0,0,1,0,0,0
10091,0.7777777777777778,0.14080459770114942,0.58,0.15384615384615385,0.5,-0.28322440087145967,0.2434126018954094,0.3659472358748506,0.6536813550941792,0.3629671563558302,0.29905896856117287,0.6450298099972086,0.4415306577412393,0.7798546743976487,0.28423203449009354,0.0,-1.0,0.0,0.0,0.5,0.25,0.2,-0.25,0.0,-0.5,0,0,1,0,0,0,0,0,0,1,0,0,0,0,0,1
7629,-0.3888888888888889,-0.8735632183908046,-0.06,-0.6153846153846154,0.0,0.6878306878306878,-1.2903257473302772,-0.9312067425426861,-1.0193374641828787,-1.1222164641568182,-0.2862227858405282,-0.7322577070632672,-0.24318664449800542,-0.3877619350384901,-0.731393516412085,1.0,1.0,0.0,0.0,-0.5,-0.5,-0.4,0.25,0.0,0.0,0,1,0,0,0,0,0,0,1,0,0,0,0,1,0,0
10640,-0.2222222222222222,-0.16954022988505746,0.44,-0.07692307692307693,0.5,1.1005291005291007,-0.2235108512179441,-0.2319881136804578,-0.28224716275763545,-0.22871648471376105,-0.14311139292026412,0.021834313389506158,-0.19072946429594947,0.1297907130420535,0.10475443845420482,1.0,1.0,0.0,1.5,0.0,-0.25,-0.2,0.25,0.0,-0.5,0,0,0,1,0,0,1,0,0,0,0,0,0,0,0,1
3498,-0.3333333333333333,0.646551724137931,-0.86,0.7692307692307693,1.0,-0.038518518518518445,0.11615269787384407,0.29350658570817045,0.26695109573196313,0.3237005393504024,0.6811734851375101,0.3823204675769008,-0.06562641226476575,0.6324124771567161,0.8407261361399979,0.0,0.0,2.0,1.0,0.75,0.75,0.8,0.0,2.0,0.5,0,1,0,0,0,0,0,0,1,0,0,0,0,0,0,1
6742,-0.5,0.5057471264367817,0.66,-0.8461538461538461,0.0,0.48148148148148157,-1.631661731132162,-1.2939081469693843,-1.2705562266487218,-1.3528286983107507,-0.3877619350384901,-1.347057338477785,-0.4630290774619893,-0.5308733279587541,-1.2182158819572526,0.0,0.0,0.0,-0.5,-0.75,-0.5,-0.6,0.5,0.0,-0.5,0,1,0,0,0,0,0,0,1,0,1,0,0,0,0,0
1172,-0.7222222222222222,0.19540229885057472,0.44,0.7692307692307693,0.25,-0.7318518518518518,0.8998409160501476,0.6043542009476639,0.827467208142571,0.5731698334398488,0.5680609671737329,1.0016359617670576,0.3285161072382096,0.37444125516027954,-0.047907629659445665,-1.0,-1.0,4.0,-0.5,0.75,0.75,1.4,-0.75,2.0,-0.5,0,1,0,0,0,0,0,0,1,0,0,0,0,0,0,1
569,-1.1666666666666667,-0.45689655172413796,-0.34,0.3076923076923077,-0.5,-0.6588693957115009,0.8626948104898887,0.5964567096616634,0.9974847105324872,0.4635924720879139,0.9425022223340124,0.966612887706086,0.8763754792645375,0.7483599993089757,0.8616214828560621,-1.0,-2.0,4.0,-0.5,0.25,1.0,0.4,-1.0,0.0,0.0,0,0,1,0,0,0,0,0,1,0,0,0,0,1,0,0
4686,0.4444444444444444,-0.7701149425287356,-0.42,0.6923076923076923,-0.25,-0.9629629629629629,0.7262183649033391,0.5350021934056707,0.7290598395018258,0.5304849202647833,0.4477288405141499,0.8047297584267289,0.6199827071600946,0.83549077555264,0.6682984286737267,-1.0,-2.0,1.0,-1.0,0.5,0.75,1.6,-1.0,2.0,0.5,0,0,0,0,1,0,0,0,1,0,0,0,0,0,0,1
1381,-0.6666666666666666,-0.5862068965517241,-0.58,0.15384615384615385,1.25,0.7363834422657953,-0.44091489075322404,-0.07399919628493155,-0.1317373255134833,-0.0038242159730642344,-0.2862227858405282,0.2040176343294115,0.10538624670896068,-0.7755238700769802,-0.15768008000897207,0.0,-1.0,1.0,1.5,0.5,-0.25,0.0,0.5,2.0,0.5,0,0,1,0,0,0,0,0,0,1,0,0,0,0,0,1
2634,-0.5,-0.8160919540229885,-0.78,-0.46153846153846156,-0.25,0.9629629629629629,-1.7239315113207234,-0.6417497235944941,-0.7016413337602555,-1.1222164641568182,-0.041572243722302185,-0.28793818182820424,0.08157014887009044,-0.20746290290324726,-0.6546718917377307,0.0,-1.0,1.0,0.5,-0.5,-0.25,-0.4,0.0,1.0,0.5,0,0,1,0,0,0,0,0,1,0,0,0,0,1,0,0
10905,0.8333333333333334,0.7241379310344828,-0.84,0.07692307692307693,0.75,0.8425925925925927,-0.28707124762488245,-0.16660795311919824,-0.25416218823674924,0.03600299794847313,-0.3877619350384901,-0.06740573948219951,-1.007628303794069,-0.7755238700769802,-1.849433141188841,1.0,1.0,1.0,1.5,0.0,-0.25,0.2,0.5,0.0,0.5,0,0,0,1,0,0,0,0,1,0,0,0,0,0,0,1
1744,0.2777777777777778,0.5229885057471264,0.36,-0.7692307692307693,-0.5,0.1925925925925927,-1.194996933728445,-0.7309291770348686,-0.4920557112529988,-0.9522631819915691,-0.041572243722302185,-0.6037264941113603,-0.4630290774619893,-0.3877619350384901,-0.10017625718049661,0.0,-1.0,0.0,-0.5,-0.75,-0.25,-0.6,0.0,-2.0,-0.5,0,0,1,0,0,0,0,0,1,0,0,0,1,0,0,0
1000,0.5,0.3505747126436782,-0.02,0.9230769230769231,1.25,-0.10699588477366255,0.5766140428056378,0.32844495589984296,0.2785904491955705,0.35324777599841445,0.7388200638697252,0.5281525915085524,0.41090383247321843,0.40059811775913484,0.45301504376350465,1.0,1.0,0.0,1.0,1.25,0.0,1.4,-0.25,1.0,0.0,0,0,0,1,0,0,0,0,1,0,0,0,0,0,0,1
3828,1.0555555555555556,0.4051724137931034,0.24,1.0,0.5,-0.5502645502645502,0.49747306887223025,0.446519537921236,0.46634878468747465,0.37116689014365284,0.07082795084356677,0.44502108004887764,1.0718216262742226,1.0474189678701489,1.1831536079987444,0.0,0.0,0.0,0.0,0.75,1.0,1.6,-0.5,0.0,-0.5,0,1,0,0,0,0,0,0,1,0,0,0,0,0,0,1
8605,0.3333333333333333,-0.7413793103448276,-0.26,-0.6153846153846154,-0.25,0.6878306878306878,-0.13907985925617883,-0.6470705429580874,-0.5576050663084442,-0.4235196603747745,-0.7755238700769802,-0.577371459454412,-1.007628303794069,-0.7755238700769802,-0.731393516412085,1.0,1.0,0.0,0.0,-0.5,-0.5,-0.4,0.0,2.0,0.0,0,0,0,1,0,0,0,0,1,0,0,0,0,0,0,1
10304,0.6111111111111112,0.5517241379310345,0.56,-0.7692307692307693,0.0,0.1925925925925927,-1.547339767252894,-0.6926408107857763,-0.426283430209447,-1.0709300510135173,-0.5308733279587541,-0.8174977601529947,0.24085521153310066,-0.20746290290324726,-0.12820907096034687,-1.0,-1.0,0.0,-0.5,-0.75,-0.25,-0.6,0.5,0.0,-0.5,0,1,0,0,0,0,0,0,1,0,1,0,0,0,0,0
4351,0.8333333333333334,0.20689655172413793,0.82,-0.7692307692307693,-0.25,0.1925925925925927,-0.4921884945906319,-0.7242661036901205,-0.4806417257539197,-0.7387163872530763,-0.3877619350384901,-0.6958495530356731,-1.007628303794069,-0.7755238700769802,0.022534602349784674,1.0,0.0,1.0,-0.5,-0.75,-0.25,-0.6,0.25,0.0,-0.5,1,0,0,0,0,0,0,0,1,0,0,0,1,0,0,0
10129,0.2222222222222222,-0.7097701149425287,-0.28,0.46153846153846156,-1.25,-0.6878306878306878,0.7235471766874174,0.48080114840298405,0.7202659818891367,0.3377704213480324,0.9882728042002115,0.7696858790233727,0.8206581533682332,0.8770630192749421,0.8407261361399979,-1.0,-1.0,1.0,-0.5,-0.25,0.75,1.4,-1.25,0.0,0.0,0,0,0,1,0,0,0,0,1,0,0,0,0,1,0,0
2499,0.6666666666666666,0.1810344827586207,-0.22,0.23076923076923078,0.0,-0.6419753086419753,0.5860066445448749,0.12984011308952256,0.19132492745472457,0.05264162123535398,0.842768479240572,0.1396043502550648,0.20667320090127414,0.9112970335226829,0.04421863650592419,0.0,-1.0,0.0,-0.5,0.25,0.0,1.0,-0.5,-1.0,0.0,0,0,1,0,0,0,0,0,1,0,0,0,0,0,0,1
10092,0.8888888888888888,0.40229885057471265,-0.06,0.8461538461538461,0.75,-0.07407407407407397,0.4744227363978501,0.4927873072001133,0.599166418757657,0.6036430122345402,-0.7755238700769802,0.4988664938737556,0.9711148601973378,0.18029903213524281,-0.2934993113628321,0.0,-1.0,0.0,1.0,0.75,2.0,0.0,-0.25,0.0,0.0,1,0,0,0,0,1,0,0,0,0,0,0,0,0,0,1
7500,0.16666666666666666,-0.8333333333333334,-0.32,0.3076923076923077,1.25,-0.35477582846003897,0.6613862325769848,0.13049518955100511,0.15694073902869538,0.11330057322403712,0.2244761299230198,0.4553926625382205,0.20667320090127414,0.5601290350800188,-0.22158573742309376,1.0,0.0,0.0,0.0,1.0,-0.25,0.6,0.0,0.0,0.0,0,0,1,0,0,0,0,0,0,1,0,0,0,0,0,1
5796,0.3888888888888889,-0.4051724137931034,0.42,0.6153846153846154,-1.0,-0.7117552334943639,0.6279794244024239,0.38550316219730824,0.4873539408256278,0.38757749400787217,0.3154784929617928,0.7158851284836907,0.3285161072382096,0.5680609671737329,0.10475443845420482,-1.0,-1.0,1.0,-0.5,0.0,0.75,1.6,-1.25,0.0,-0.5,0,1,0,0,0,0,0,0,1,0,0,0,0,0,0,1
10556,0.6111111111111112,-0.9195402298850575,0.04,0.15384615384615385,1.0,0.3965141612200436,0.103955153753758,-0.037206068123811935,-0.06719171655945504,-0.0019066133931049845,0.15594757564090878,0.2533760620603676,0.3659582635642842,-0.2862227858405282,-0.731393516412085,0.0,0.0,1.0,1.0,0.5,-0.25,0.2,0.25,0.0,0.0,0,1,0,0,0,0,0,0,0,1,0,0,0,0,0,1
1064,-0.05555555555555555,-0.4482758620689655,-0.62,-0.7692307692307693,0.0,0.1925925925925927,-0.29366153956654645,-0.8219468640823298,-0.6464798256432392,-0.6751517126322198,-0.5308733279587541,-0.6626115125441394,-1.007628303794069,-0.14311139292026412,-1.0529256415547674,0.0,0.0,0.0,-0.5,-0.75,-0.5,-0.4,0.5,2.0,0.5,0,1,0,0,0,0,0,0,1,0,0,0,0,0,0,1
48,0.3333333333333333,-0.8333333333333334,0.96,-0.38461538461538464,0.25,0.1925925925925927,0.12542960161538347,-0.28236484871521556,-0.15441713409770513,-0.08144740490444256,-0.5308733279587541,-0.6320354792626287,-1.007628303794069,-0.2862227858405282,0.15951573240067232,0.0,0.0,1.0,0.0,0.0,-0.25,-0.4,0.0,0.0,-0.5,0,0,0,1,0,0,0,0,0,1,0,0,0,0,0,1
7610,-0.7222222222222222,0.23275862068965517,-0.34,0.3076923076923077,1.25,0.557504873294347,-0.4902174820214113,0.05526954965023012,0.02350352304063471,0.15158449901715437,-0.7755238700769802,0.09412409277587154,-0.06562641226476575,0.346189691316188,0.56640962563556,0.0,0.0,0.0,1.5,0.5,0.25,0.0,0.5,0.0,0.0,0,0,0,1,0,0,0,0,0,1,0,0,0,0,0,1
263,1.3888888888888888,-0.9310344827586207,-0.8,-0.5384615384615384,0.5,-0.2407407407407407,-0.18322942056487984,-0.3699124705826581,-0.16411266238414868,-0.3732046439115666,0.28183818133320476,-0.31259167029201684,-0.576043627965019,0.18029903213524281,0.022534602349784674,-1.0,-2.0,1.0,-0.5,-0.25,-0.25,-0.4,0.5,2.0,0.5,0,0,1,0,0,0,0,0,0,1,0,0,0,0,0,1
10814,1.2777777777777777,0.49712643678160917,-0.86,0.7692307692307693,0.25,-0.7318518518518518,0.4804627949236917,0.4599182218727644,0.5659842909615052,0.1837325493626535,0.346189691316188,0.9180248940403963,0.7282924672799496,0.38776193503849,1.1713066169449684,-1.0,-1.0,1.0,-0.5,0.5,0.75,1.6,-0.5,0.0,0.5,0,0,0,1,0,0,0,0,1,0,0,0,0,1,0,0
9710,0.05555555555555555,0.48563218390804597,0.62,0.6153846153846154,2.5,-0.4605475040257649,0.18794398529719666,0.25585326336428815,0.25469658204972623,0.4654748144588491,-0.041572243722302185,-0.02917420973125466,-1.007628303794069,-0.7755238700769802,-0.25641814192069373,0.0,-1.0,0.0,0.0,1.75,0.25,0.4,0.5,2.0,-0.5,1,0,0,0,0,0,0,0,0,1,0,0,0,0,0,1
9292,1.0,0.7327586206896551,0.5,0.6153846153846154,-0.75,-0.7117552334943639,0.7117681765115521,0.46152600947422046,0.6245462724896443,0.20595628011372213,0.9505548025655839,0.8873641890332254,0.30141258183407427,0.9112970335226829,0.7295519805090722,-1.0,-1.0,0.0,-0.5,0.0,2.25,0.4,-1.0,0.0,-0.5,0,1,0,0,0,1,0,0,0,0,0,0,0,1,0,0
10250,1.2777777777777777,0.6609195402298851,0.0,-0.8461538461538461,-0.25,0.48148148148148157,-0.9076538893698726,-0.9676089527659227,-0.7559996293047285,-1.4877282074983278,-0.14311139292026412,-1.0822775493153898,-0.19072946429594947,-0.20746290290324726,-0.5869986227256642,-1.0,-1.0,0.0,-0.5,-0.75,-0.5,-0.6,0.25,-2.0,0.0,0,0,0,1,0,0,0,0,1,0,0,0,1,0,0,0
7881,1.3333333333333333,-0.23563218390804597,-0.56,0.6923076923076923,-0.25,-0.7222222222222222,0.40265455148668144,0.3539834148448489,0.40236513149306385,0.4213835173923088,0.38776193503849,0.4043841394174597,0.3890734775391832,0.2446505421182259,0.9979804593974564,-1.0,-1.0,0.0,-0.5,0.5,0.5,1.6,-1.0,1.0,0.5,0,1,0,0,0,0,0,0,1,0,0,0,0,0,0,1
5847,0.05555555555555555,0.11494252873563218,0.92,0.6153846153846154,0.75,-0.20933977455716585,0.47129522841026444,0.295606480992148,0.3258318463721632,0.19343932581707746,0.3154784929617928,0.4252427268901284,0.813103203192443,0.8242848780577742,1.0294710090486252,0.0,-1.0,0.0,0.5,0.75,0.25,1.0,-0.25,0.0,-0.5,1,0,0,0,0,0,0,0,1,0,0,0,0,0,0,1
737,1.1666666666666667,0.3649425287356322,0.14,0.0,-0.75,-0.19259259259259257,0.6846816466794433,0.6385236722427462,1.2334129973908396,0.7134573652670205,0.8007457490195096,0.7260949965183138,0.8495037893947499,0.5601290350800188,0.32480597280315754,-1.0,-1.0,3.0,0.0,0.0,0.5,0.0,-1.0,2.0,0.0,0,1,0,0,0,0,0,0,1,0,0,0,0,0,0,1
3571,0.5,0.7614942528735632,-0.02,0.3076923076923077,1.25,-0.050682261208576995,0.3205083009047224,0.37753609139407895,0.6003334858105088,0.5517881848204311,0.3154784929617928,0.2137712660416344,0.02911296866803439,0.07082795084356677,-0.07344777701387911,0.0,0.0,2.0,0.5,1.0,0.25,0.0,0.0,2.0,0.0,0,0,0,1,0,0,0,0,0,1,0,0,0,0,0,1
7807,-0.2222222222222222,0.8591954022988506,-0.46,0.07692307692307693,0.5,0.8425925925925927,-0.20306751862085037,-0.02604556063165271,-0.008148047613421179,-0.18952970049253937,-0.7755238700769802,0.17316707966436307,0.5291915534463482,0.07082795084356677,0.8353813654131744,0.0,0.0,0.0,1.5,0.25,-0.25,0.0,0.0,0.0,0.5,0,1,0,0,0,0,0,0,0,1,0,0,0,1,0,0
3878,-0.5555555555555556,-0.6724137931034483,-0.92,-0.7692307692307693,-0.25,0.1925925925925927,-0.7311805388040113,-0.7736447529211181,-0.5648878830301162,-1.2571159733443953,-0.20746290290324726,-0.8174977601529947,0.08157014887009044,0.0,-0.4217083823231789,0.0,-1.0,0.0,-0.5,-0.75,-0.5,-0.4,0.25,-1.0,0.5,0,0,1,0,0,0,0,0,1,0,1,0,0,0,0,0
5092,1.1666666666666667,0.41954022988505746,-0.2,0.3076923076923077,1.5,0.253411306042885,0.005827488013632787,0.06084238700467061,0.0333561581476839,0.2588474911031539,-0.7755238700769802,-0.13305193421934894,-0.24318664449800542,-0.7755238700769802,0.19332305418233545,0.0,-1.0,2.0,1.0,0.75,-0.25,0.4,0.5,2.0,0.0,0,0,0,0,1,0,0,0,0,1,0,0,0,0,0,1
2154,-0.05555555555555555,0.5603448275862069,-0.32,-0.5384615384615384,0.0,1.2037037037037037,-0.8043279118818476,-0.8051353070497679,-0.8970108754924192,-0.7958915050365306,-0.7755238700769802,-0.6320354792626287,-0.19072946429594947,-0.2862227858405282,-0.6546718917377307,1.0,0.0,0.0,0.5,-0.5,-0.5,-0.4,0.25,0.0,0.0,0,0,0,0,1,0,0,0,1,0,0,0,0,0,0,1
5394,-0.5,0.32471264367816094,-0.14,-0.38461538461538464,-1.25,1.3481481481481483,-1.783806610190497,-0.8580526489864454,-1.1029095607080344,-1.2571159733443953,0.03718763921497886,-0.9970374962256624,-0.19072946429594947,0.0,-0.6546718917377307,1.0,0.0,0.0,1.0,-0.75,-0.25,-0.2,-0.75,-2.0,0.0,0,0,1,0,0,0,0,0,1,0,0,1,0,0,0,0
3798,0.1111111111111111,-0.34770114942528735,0.62,-0.46153846153846156,-0.25,0.9629629629629629,-0.34068019057822735,-0.5832399791825652,-0.6044592396335859,-0.6474103906387431,-0.3877619350384901,-0.39783172338174416,-1.007628303794069,0.0,0.0,1.0,1.0,0.0,0.5,-0.5,-0.25,-0.4,0.0,0.0,-0.5,0,1,0,0,0,0,0,0,1,0,0,0,0,0,0,1
3524,-0.05555555555555555,-0.07758620689655173,-0.8,-0.38461538461538464,1.25,0.1925925925925927,-0.392034682985256,-0.3180096438661305,-0.2166978077021903,-0.25629346828622196,-0.5308733279587541,-0.04149774582273409,-0.37536818175688036,-0.08870296647731721,-0.22158573742309376,0.0,-1.0,1.0,0.0,0.25,-0.25,-0.6,0.75,1.0,0.5,0,0,1,0,0,0,0,0,0,1,0,0,0,0,0,1
5247,0.8333333333333334,-0.8793103448275862,0.06,-0.6153846153846154,-1.0,0.6878306878306878,-0.43251409321154927,-0.797007714698515,-0.8063275501062561,-0.5652792708825982,-0.7755238700769802,-0.8685062832737553,-0.576043627965019,-0.5308733279587541,-0.8199621321402158,1.0,1.0,0.0,0.0,-0.75,-0.5,-0.2,-0.5,2.0,0.0,0,1,0,0,0,0,0,0,1,0,0,0,0,0,0,1
5883,-0.1111111111111111,0.1235632183908046,0.58,0.46153846153846156,0.75,-0.13756613756613756,0.6386926339737696,0.19075674439838208,0.19846746473548985,-0.07662553606130001,0.9171797717641137,0.42153399398368163,0.10538624670896068,0.9342616272351748,0.5125052426754879,0.0,0.0,0.0,0.5,0.75,0.5,0.4,-0.25,0.0,-0.5,0,1,0,0,0,0,0,0,0,1,0,0,0,1,0,0
2118,0.3333333333333333,-0.1839080459770115,0.38,0.38461538461538464,0.5,-0.09629629629629628,0.30991378647932155,0.16663141490342573,0.1875741901281864,-0.015567898432838121,0.7530349832023729,0.1356864032043119,0.8731153335702893,0.8770630192749421,0.5030081882712415,0.0,0.0,0.0,0.5,0.75,0.0,0.6,-0.5,-1.0,-0.5,0,1,0,0,0,0,0,0,1,0,0,0,0,0,0,1
8812,-0.5,0.3448275862068966,-0.08,-0.6153846153846154,0.0,0.6878306878306878,-2.041399268922488,-0.7736447529211181,-0.7682362874070394,-0.864973770899795,-0.2862227858405282,-0.7725050540976793,-0.1444589521359689,-0.7755238700769802,-0.1887448729086275,0.0,-1.0,0.0,0.0,-0.5,-0.5,-0.4,0.25,-1.0,0.0,1,0,0,0,0,0,0,0,1,0,0,0,1,0,0,0
6616,-0.2777777777777778,-0.3074712643678161,-0.04,0.07692307692307693,-1.0,-0.2407407407407407,0.2242624597325034,0.0560708296296233,0.13736831374264347,0.00751903473909816,-0.2862227858405282,0.08970789921157245,0.6724398873621507,0.7085481389060245,0.4933515120546405,0.0,0.0,0.0,0.0,-0.25,0.25,0.6,-1.0,0.0,0.0,0,0,0,1,0,0,0,0,1,0,0,0,0,0,0,1
2797,-0.3888888888888889,-0.1235632183908046,-0.3,0.8461538461538461,1.25,-0.7407407407407407,0.5190570991526335,0.3680188971239626,0.3744692545158555,0.46500522634055,0.29905896856117287,0.35448768837396766,0.638257876730324,0.6754342347185844,0.40963152180849455,0.0,0.0,0.0,-0.5,1.25,1.25,0.8,-0.25,0.0,0.0,0,1,0,0,0,0,0,0,0,1,0,0,0,0,0,1
4328,-0.8888888888888888,-0.1752873563218391,0.64,-0.5384615384615384,-0.25,0.48148148148148157,-1.3009531034429016,-0.7242661036901205,-0.7666945928722464,-1.1222164641568182,-0.5308733279587541,-0.8174977601529947,0.12784066103007083,0.18029903213524281,-0.4217083823231789,0.0,0.0,0.0,0.0,-0.5,-0.25,-0.4,0.0,-1.0,-0.5,0,1,0,0,0,0,0,0,1,0,1,0,0,0,0,0
9167,0.7777777777777778,0.2988505747126437,0.46,0.8461538461538461,1.5,-0.2962962962962962,0.4094172056092814,0.3330150313570967,0.3117171070571644,0.32584932912279596,0.733951626354678,0.4988664938737556,0.7771837049801891,0.48930108423645197,0.5310410020510917,0.0,0.0,0.0,0.5,1.25,0.0,1.4,0.0,0.0,-0.5,0,1,0,0,0,0,0,0,1,0,0,0,0,0,0,1
10560,-0.5555555555555556,-0.985632183908046,-0.52,-0.7692307692307693,-0.75,0.1925925925925927,-0.5104585526084076,-1.0869675081168189,-1.0751866849165583,-0.7757215038103391,-0.5308733279587541,-1.1921710908689298,-1.007628303794069,-0.7755238700769802,-1.451179391371804,0.0,-1.0,0.0,-0.5,-0.75,-0.5,-0.4,-0.25,2.0,0.5,0,0,1,0,0,0,0,0,1,0,0,0,0,0,0,1
2631,-0.6666666666666666,0.1752873563218391,-0.4,0.15384615384615385,-1.5,-0.6230936819172113,0.5134446527337391,0.3933021978269893,0.7032033095113638,0.23905931168886282,0.8803160941357743,0.6900225160525236,0.9392450710820638,0.842768479240572,0.15951573240067232,-1.0,-1.0,0.0,-0.5,-0.5,1.5,0.2,-1.25,0.0,0.5,0,0,0,1,0,1,0,0,0,0,0,0,0,1,0,0
8312,0.5,-0.9827586206896551,0.62,-0.6923076923076923,-0.25,0.0,-0.9152192826167791,-0.8134455571304952,-0.7419967383448911,-1.4877282074983278,0.03718763921497886,-0.8174977601529947,-0.576043627965019,0.18029903213524281,-0.471701526830916,-1.0,-1.0,0.0,-0.5,-0.5,-0.5,-0.4,0.0,-2.0,-0.5,0,1,0,0,0,0,0,0,1,0,0,0,0,0,1,0
5534,-0.2777777777777778,-0.2988505747126437,-0.38,-0.38461538461538464,0.25,0.1925925925925927,-0.11006145734776149,-0.20998035078701574,-0.027108012778971985,-0.11461769376890923,-0.5308733279587541,-0.352839017326429,-0.576043627965019,-0.7755238700769802,0.6156877000947116,0.0,0.0,1.0,0.0,-0.25,0.0,-0.4,0.25,1.0,0.5,0,1,0,0,0,0,0,0,0,1,0,0,0,0,0,1
5093,-0.2222222222222222,0.8419540229885057,-0.68,-0.46153846153846156,0.75,0.9629629629629629,-1.07135188870865,-0.5025318695156433,-0.4681805293288756,-0.4828234042714047,-0.2862227858405282,-0.3000660731068272,-0.06562641226476575,-0.041572243722302185,-0.4217083823231789,0.0,-1.0,1.0,0.5,-0.25,-0.5,-0.4,0.75,2.0,0.5,1,0,0,0,0,0,0,0,0,1,0,0,0,0,0,1
7592,1.3333333333333333,0.23275862068965517,0.74,-0.38461538461538464,0.25,-0.38518518518518513,-0.010791703768222647,-0.2354932637705041,-0.0720990404885323,-0.17635161640709132,0.03718763921497886,-0.023158392665809147,-0.576043627965019,0.03718763921497886,0.0,-1.0,-1.0,0.0,-0.5,0.0,-0.25,-0.2,0.0,2.0,-0.5,0,1,0,0,0,0,0,0,0,1,0,0,0,0,0,1
8895,-0.8333333333333334,0.7931034482758621,0.38,0.46153846153846156,-1.0,-0.6878306878306878,0.486435753797714,0.32997459847723315,0.44789018411373527,0.22870562076082745,0.5680609671737329,0.7879667110788809,0.12784066103007083,-0.7755238700769802,0.04421863650592419,-1.0,-2.0,0.0,-0.5,-0.25,0.75,1.4,-1.0,0.0,-0.5,0,0,1,0,0,0,0,0,1,0,0,0,0,1,0,0
8584,1.0,0.08620689655172414,0.1,0.15384615384615385,-1.75,-0.6230936819172113,0.7783275403052797,0.39841164789885886,0.7124588687993871,0.25533607986391826,0.6324124771567161,0.7327530559402244,1.007628303794069,0.6324124771567161,0.4424723863229611,-1.0,-1.0,0.0,-0.5,-0.5,1.25,0.4,-1.5,2.0,0.0,0,0,0,1,0,1,0,0,0,0,0,0,0,1,0,0
2694,0.16666666666666666,-0.7270114942528736,-0.1,-0.7692307692307693,-0.5,0.1925925925925927,-0.28427087399373646,-1.0224932704349963,-0.9743922623210988,-0.689940953021626,-0.7755238700769802,-1.0822775493153898,-1.007628303794069,-0.7755238700769802,-1.849433141188841,0.0,0.0,0.0,-0.5,-0.75,-0.5,-0.4,0.0,0.0,0.0,0,1,0,0,0,0,0,0,1,0,0,0,0,0,0,1
8910,0.8333333333333334,0.7241379310344828,-0.84,0.07692307692307693,0.75,0.8425925925925927,-0.28707124762488245,-0.16660795311919824,-0.25416218823674924,0.03600299794847313,-0.3877619350384901,-0.06740573948219951,-1.007628303794069,-0.7755238700769802,-1.849433141188841,1.0,1.0,1.0,1.5,0.0,-0.25,0.2,0.5,0.0,0.5,0,0,0,1,0,0,0,0,1,0,0,0,0,0,0,1
7433,-0.8333333333333334,0.8994252873563219,0.76,-0.23076923076923078,0.5,0.9629629629629629,-0.8354789235760447,-0.32243832632945224,-0.3405153215818565,-0.32950874539303654,-0.20746290290324726,0.005576690118878176,-0.19072946429594947,-0.14311139292026412,-0.1887448729086275,0.0,-1.0,0.0,1.0,-0.25,-0.25,-0.2,0.5,0.0,-0.5,0,0,1,0,0,0,0,0,1,0,0,0,0,1,0,0
164,-0.3888888888888889,0.7701149425287356,0.2,-0.15384615384615385,1.0,-0.07407407407407397,-0.876492683414913,-0.14255955914221466,-0.07857028623359738,0.05587177405079915,-0.7755238700769802,-0.1410942626091846,-0.4630290774619893,-0.3877619350384901,-0.3757191474672522,-1.0,-1.0,0.0,0.0,0.25,-0.25,0.0,0.5,2.0,0.0,0,1,0,0,0,0,0,0,0,1,0,0,0,0,0,1
10477,-0.16666666666666666,-0.08333333333333333,-0.66,-0.6153846153846154,0.25,-0.13756613756613756,-0.4047105296500579,-0.4989241280625301,-0.3037108592098977,-0.2954802525074439,-0.7755238700769802,-0.48707177625345005,-1.007628303794069,-0.7755238700769802,-0.3331397665950483,0.0,0.0,0.0,-0.5,-0.25,-0.25,-0.6,0.25,2.0,0.5,0,0,0,1,0,0,0,0,0,1,0,0,0,0,0,1
2681,-0.7777777777777778,-0.06896551724137931,-0.96,0.3076923076923077,-1.5,-0.6588693957115009,0.36873682115132644,0.0560708296296233,0.024919824181536186,-0.2954802525074439,0.33116801477775093,0.19400842007791655,0.9308565964603749,0.8127115092919589,0.10475443845420482,-1.0,-1.0,0.0,-0.5,-0.5,0.25,1.6,-1.25,-1.0,0.5,0,1,0,0,0,0,0,0,1,0,1,0,0,0,0,0
5150,-0.5,0.5833333333333334,0.3,-0.6153846153846154,-0.25,0.6878306878306878,-1.428900123098673,-0.7812695708022587,-0.7806974838320838,-1.7183404416522603,-0.20746290290324726,-0.8174977601529947,-0.03144440163293923,0.07082795084356677,-0.25641814192069373,0.0,-1.0,0.0,0.0,-0.5,-0.5,-0.4,0.0,-2.0,-0.5,0,0,1,0,0,0,0,0,1,0,0,0,1,0,0,0
5283,-0.3333333333333333,-0.6436781609195402,0.46,-0.38461538461538464,-0.5,0.7703703703703704,-0.291137310096032,-0.37245399650317085,-0.3112288269557058,-0.20677206260642197,-0.5308733279587541,-0.43106976387327783,-1.007628303794069,-0.20746290290324726,0.022534602349784674,1.0,0.0,0.0,0.5,-0.5,-0.25,-0.2,-0.25,2.0,-0.5,0,0,1,0,0,0,0,0,1,0,0,0,0,0,0,1
9645,0.1111111111111111,0.7672413793103449,0.98,0.6923076923076923,1.5,-0.7222222222222222,0.3503668166290382,0.4495699460875344,0.5745343190861737,0.5525114527717552,0.9661289226725314,0.3477661691149228,0.41090383247321843,0.5834093037298083,0.12359411675246054,-1.0,-1.0,0.0,-0.5,1.25,0.5,1.0,0.0,0.0,-0.5,0,1,0,0,0,0,0,0,1,0,0,0,0,0,0,1
10678,0.6111111111111112,-0.4109195402298851,0.84,0.7692307692307693,2.25,-0.5007407407407407,0.5001609245385003,0.3099810501323373,0.2964184579228515,0.43860964414561326,0.2446505421182259,0.352260297289051,0.3890734775391832,0.38776193503849,-0.1887448729086275,0.0,0.0,0.0,0.0,1.75,0.0,1.0,0.25,0.0,-0.5,0,0,0,1,0,0,0,0,0,1,0,0,0,0,0,1
7261,-0.05555555555555555,0.5402298850574713,-0.82,0.15384615384615385,1.0,0.7363834422657953,-0.6048773221194967,-0.08088990310304343,-0.14379295838456915,0.04442631182305411,0.46912667204124586,-0.04149774582273409,-0.1444589521359689,-0.2862227858405282,-0.25641814192069373,1.0,1.0,1.0,1.5,0.25,0.0,0.0,0.5,0.0,0.5,0,0,0,1,0,0,0,0,0,1,0,0,0,0,0,1
9648,0.16666666666666666,0.7097701149425287,-0.58,-0.07692307692307693,1.0,0.6878306878306878,-0.13927560853505339,-0.16514921132299853,-0.16601761777324112,-0.042530562382883,-0.20746290290324726,-0.06740573948219951,-1.007628303794069,0.03718763921497886,0.14183560789634314,1.0,0.0,0.0,1.0,0.25,-0.25,-0.2,0.5,0.0,0.5,0,0,1,0,0,0,0,0,0,1,0,0,0,0,0,1
2870,-0.16666666666666666,0.8333333333333334,-0.86,0.38461538461538464,0.75,0.48148148148148157,-0.06944045892616091,0.08751237566519206,0.04705099006349085,0.25533607986391826,-0.7755238700769802,-0.21236944249137837,-0.03144440163293923,0.0,0.5915768039993726,0.0,0.0,0.0,1.5,0.5,0.25,0.2,0.0,0.0,0.5,0,1,0,0,0,0,0,0,0,1,0,0,0,0,0,1
8008,-0.7222222222222222,-0.4425287356321839,0.1,-0.6153846153846154,-0.25,-0.13756613756613756,-0.5409917470954182,-0.4424339026230696,-0.20528382220311123,-0.4373842967603544,-0.7755238700769802,-0.3000660731068272,0.0,-0.5308733279587541,0.12359411675246054,0.0,0.0,0.0,-0.5,-0.5,-0.5,-0.2,0.0,0.0,0.0,0,0,0,1,0,0,0,0,1,0,0,0,0,0,0,1
1513,-0.5,0.9022988505747126,0.46,1.0769230769230769,0.25,1.6270753512132825,0.2588085577789883,0.4244316443568048,0.4033171274268723,0.41049209880064813,0.3154784929617928,0.2445941468204277,1.1183114213321939,0.9953557734700369,0.9428144041028813,1.0,1.0,0.0,5.5,-0.5,0.0,1.4,0.5,-1.0,-0.5,0,0,0,1,0,0,1,0,0,0,0,0,0,0,0,1
6173,-0.5,-0.33620689655172414,-0.06,0.6923076923076923,0.0,-0.7222222222222222,0.6252299696529954,0.3303560225087831,0.35994799726614757,0.295990458553867,0.9022848982174715,0.5579688645108356,0.24085521153310066,0.48930108423645197,0.6682984286737267,0.0,0.0,0.0,-0.5,0.5,1.0,1.2,-0.75,0.0,0.0,0,0,0,1,0,0,0,0,1,0,0,0,0,0,0,1
1419,1.1111111111111112,-0.08045977011494253,-0.76,-0.46153846153846156,-0.5,0.9629629629629629,-0.6304777078587754,-0.6065049182779295,-0.6432764416332687,-0.7387163872530763,-0.08870296647731721,-0.5527179709905995,0.0,0.0,-0.1887448729086275,1.0,1.0,0.0,0.5,-0.5,-0.25,-0.4,-0.25,0.0,0.5,0,0,0,1,0,0,0,0,1,0,0,0,0,0,0,1
9150,0.3888888888888889,-0.7988505747126436,-0.56,-0.6153846153846154,-1.0,0.6878306878306878,-0.07493651118159846,-0.6807110482928288,-0.6142308636286554,-0.3974119085694327,-0.7755238700769802,-0.7322577070632672,-1.007628303794069,-0.7755238700769802,-1.451179391371804,1.0,0.0,0.0,0.0,-0.75,-0.5,-0.2,-0.5,2.0,0.5,0,0,1,0,0,0,0,0,1,0,0,0,0,0,0,1
7960,0.4444444444444444,-0.10919540229885058,0.8,0.8461538461538461,-1.25,-0.7407407407407407,0.7178740087105115,0.46152600947422046,0.5427335795722626,0.47745710847349365,0.33116801477775093,0.6269626310511223,0.9659795543721166,0.37444125516027954,0.8022245488919142,-1.0,-1.0,1.0,-0.5,-0.25,1.75,1.6,-1.25,-1.0,-0.5,0,0,0,1,0,0,0,0,1,0,0,0,0,0,0,1
1250,-0.3333333333333333,-0.6149425287356322,0.66,-0.6153846153846154,-0.25,-0.13756613756613756,-0.47368736482424806,-0.5699526611604441,-0.426283430209447,-0.5354650255067588,-0.08870296647731721,-0.43106976387327783,-0.03144440163293923,-0.20746290290324726,-0.5869986227256642,0.0,-1.0,0.0,-0.5,-0.5,-0.25,-0.4,0.0,0.0,-0.5,0,0,1,0,0,0,0,0,1,0,0,0,0,0,0,1
9905,1.0,-0.014367816091954023,0.4,-0.07692307692307693,0.0,1.1005291005291007,-0.6283204240946519,-0.16224887829199763,-0.16094956327542778,-0.08388480134854172,-0.5308733279587541,-0.18406045734010976,-0.06562641226476575,-0.5308733279587541,0.57492176221098,1.0,1.0,1.0,1.5,-0.25,0.25,-0.4,0.0,0.0,-0.5,0,0,0,1,0,0,1,0,0,0,0,0,0,0,0,1
10691,0.5555555555555556,0.06896551724137931,0.12,-0.7692307692307693,-0.5,0.1925925925925927,-0.9006085538895983,-0.8134455571304952,-0.6321821154250621,-0.8916042300028858,-0.7755238700769802,-0.6958495530356731,-1.007628303794069,-0.3877619350384901,-0.10017625718049661,1.0,1.0,0.0,-0.5,-0.75,-0.25,-0.6,0.0,1.0,0.0,0,1,0,0,0,0,0,0,1,0,0,0,1,0,0,0
7002,0.8333333333333334,-0.25,-0.72,-0.07692307692307693,-0.75,-0.5502645502645502,0.3008859050624234,0.0018582479596202903,0.12856578071077693,-0.021598935963539782,0.5981179371223457,0.111295365103796,-1.007628303794069,0.5758185568959769,0.43173265849465925,0.0,-1.0,0.0,-0.5,-0.25,0.0,0.6,-0.75,0.0,0.5,0,0,1,0,0,0,0,0,1,0,0,0,0,0,0,1
2952,-0.3888888888888889,-0.8103448275862069,0.62,-0.5384615384615384,0.0,0.48148148148148157,-0.5326154211026243,-0.6065049182779295,-0.5713250511400829,-0.5867514386500596,-0.2862227858405282,-0.3000660731068272,-0.4630290774619893,-0.3877619350384901,-0.5264628207773835,0.0,-1.0,0.0,0.0,-0.25,-0.5,-0.4,0.0,1.0,-0.5,0,0,1,0,0,0,0,0,0,1,0,0,0,1,0,0
8439,0.3333333333333333,-0.9568965517241379,0.96,0.0,0.25,-0.19259259259259257,0.3220054892611196,0.30388881076135155,0.6250616573464594,0.47745710847349365,0.38776193503849,0.016491618064316718,-0.03144440163293923,0.5680609671737329,-0.1887448729086275,1.0,1.0,1.0,0.0,0.5,0.25,-0.2,-0.5,0.0,-0.5,0,0,0,1,0,0,0,0,0,1,0,0,0,0,0,1
762,-0.6111111111111112,-0.8563218390804598,-0.44,0.46153846153846156,0.5,-0.6878306878306878,0.5947563727905875,0.2700337361881585,0.3402218619923275,0.22194509239992774,0.3154784929617928,0.2619606140880888,1.1753454917692818,0.18029903213524281,0.4735371792226165,0.0,0.0,0.0,-0.5,0.75,0.75,0.6,-0.5,-1.0,0.5,0,0,0,1,0,0,0,0,1,0,0,0,0,0,0,1
2831,-0.3333333333333333,-1.0172413793103448,1.0,0.8461538461538461,0.25,-0.5185185185185185,0.6472056262026521,0.4028252279315237,0.43700151690667494,0.3171696248699103,0.5175526480805436,0.5406327156279479,1.0515673829891448,0.5175526480805436,1.146853619791665,0.0,0.0,0.0,0.0,0.75,1.25,1.0,-0.75,0.0,-0.5,0,0,0,1,0,0,0,0,1,0,0,0,0,0,0,1
6977,-0.2222222222222222,0.7672413793103449,0.76,1.0769230769230769,1.75,-0.7637292464878672,0.5933015543452673,0.5832282477322177,0.6897349413118463,0.6036430122345402,-0.7755238700769802,0.8504052108456583,0.9501581423206529,0.5083844410841468,0.2405736698080648,0.0,0.0,1.0,-0.5,1.5,0.75,1.6,0.0,0.0,-0.5,0,0,0,1,0,0,0,0,1,0,0,0,0,0,0,1
6289,1.0555555555555556,0.20402298850574713,0.72,-0.38461538461538464,-0.25,0.1925925925925927,0.2217905522970617,-0.2803713637483695,-0.15092552665863845,-0.08388480134854172,-0.7755238700769802,-0.6958495530356731,-1.007628303794069,-0.20746290290324726,0.2252511961698712,1.0,1.0,0.0,0.0,-0.25,-0.25,-0.2,-0.25,1.0,-0.5,0,0,0,1,0,0,0,0,1,0,0,0,0,0,0,1
4168,0.2222222222222222,0.3160919540229885,-0.38,0.6153846153846154,0.75,1.2979066022544286,-0.49935477087716035,0.03295139144733134,-0.13966297747436227,0.09380611157325025,-0.041572243722302185,0.27035647928127343,-0.37536818175688036,0.20307829839592387,0.27004467885669003,1.0,0.0,1.0,3.5,0.25,-0.25,0.6,0.25,0.0,0.5,0,0,1,0,0,0,1,0,0,0,0,0,0,0,0,1
8397,1.0555555555555556,-0.5344827586206896,0.66,-0.6923076923076923,-0.25,0.9629629629629629,-0.21330641404073503,-0.8980690116780572,-0.8798171431843947,-0.7387163872530763,-0.7755238700769802,-0.9273913017065346,-1.007628303794069,-0.7755238700769802,-0.4217083823231789,1.0,1.0,1.0,0.0,-0.75,-0.25,-0.6,0.25,0.0,-0.5,0,1,0,0,0,0,0,0,1,0,0,0,0,0,0,1
9284,0.6666666666666666,0.08620689655172414,-0.56,0.9230769230769231,0.25,0.10699588477366255,0.07566804140915956,0.30593072962051854,0.23836090138352745,0.4213835173923088,0.2244761299230198,0.3409242580562097,-1.007628303794069,0.36059806427048563,0.6894502175765421,0.0,0.0,0.0,1.5,0.25,0.75,1.4,-0.25,0.0,0.5,0,0,0,1,0,0,0,0,1,0,0,0,0,0,0,1
6237,0.2222222222222222,-0.4367816091954023,0.86,0.7692307692307693,3.5,-0.9629629629629629,-3.018986361574135,0.018175184532814512,-0.21900380703474961,-0.25221117011747224,-0.20746290290324726,-0.26477978916239525,-0.3037440147989791,-0.3877619350384901,1.4121951997287854,1.0,0.0,0.0,-1.0,4.75,-0.25,-0.8,-1.5,2.0,-0.5,0,0,1,0,0,0,0,0,0,1,0,0,1,0,0,0
3130,0.3333333333333333,0.09770114942528736,0.92,-0.38461538461538464,-0.5,1.3481481481481483,-1.5464393823173463,-0.8051353070497679,-1.0229211988893891,-0.864973770899795,-0.20746290290324726,-1.1921710908689298,-0.06562641226476575,-0.08870296647731721,-0.471701526830916,1.0,0.0,0.0,1.0,-0.5,-0.5,-0.2,-0.25,0.0,-0.5,0,0,1,0,0,0,0,0,1,0,0,0,0,0,0,1
1619,0.7777777777777778,-0.8448275862068966,-0.94,0.15384615384615385,-1.0,-0.6230936819172113,0.8643213835109339,0.512871368473084,0.9202112549344807,0.17147074489430597,0.6190917972785056,1.01996256108899,1.1200612919384083,0.346189691316188,-0.1887448729086275,-1.0,-1.0,1.0,-0.5,0.0,1.0,0.2,-1.25,0.0,0.5,0,1,0,0,0,1,0,0,0,0,0,0,0,1,0,0
1990,-0.2222222222222222,0.7040229885057471,0.5,0.15384615384615385,-0.75,-0.6230936819172113,0.3160806191301085,0.5585664066222175,1.0033422671180754,0.5683826555019649,0.4793580006964157,0.8233999692423611,0.7601007830672596,0.8007457490195096,0.2405736698080648,-1.0,-2.0,1.0,-0.5,-0.25,0.75,0.6,-0.75,2.0,-0.5,0,0,1,0,0,0,0,0,1,0,0,0,0,0,0,1
5513,0.2222222222222222,0.7959770114942529,0.0,-0.6923076923076923,0.0,0.9629629629629629,-0.4712130427651606,-0.8395592672661281,-0.7849025508334636,-0.6097055827056526,-0.3877619350384901,-0.6958495530356731,-1.007628303794069,-0.7755238700769802,-1.451179391371804,1.0,1.0,0.0,0.0,-0.75,-0.5,-0.4,0.5,0.0,0.0,0,0,0,1,0,0,0,0,1,0,0,0,0,0,0,1
269,0.3888888888888889,0.6724137931034483,0.44,0.46153846153846156,1.0,0.6878306878306878,-0.14407930391434184,0.39136780510313235,0.5585340262425726,0.49637328574456946,0.436522943019284,0.33629394089395426,-1.007628303794069,0.6190917972785056,0.9154492937216816,0.0,-1.0,0.0,2.0,0.0,0.5,0.4,0.75,2.0,-0.5,0,0,1,0,0,0,0,0,1,0,0,0,0,0,0,1
8093,0.05555555555555555,-1.0201149425287357,0.46,-0.07692307692307693,-1.0,-0.5502645502645502,0.6727136379478384,0.3087706053009658,0.6800137885851233,0.3946190928649872,0.0,0.4704404216752095,0.24085521153310066,0.6868209035996629,-0.1887448729086275,-1.0,-1.0,1.0,-0.5,0.0,0.25,0.2,-1.25,1.0,-0.5,0,1,0,0,0,0,0,0,1,0,0,0,0,0,0,1
10513,-1.2222222222222223,0.48563218390804597,0.38,-0.23076923076923078,0.0,-0.48148148148148145,0.31724321821881707,0.49229556435397626,1.1171128964550272,0.3059915367654268,1.0371876392149788,0.8094835538590051,0.76873509330495,1.0371876392149788,0.5997267095804195,-1.0,-1.0,1.0,-0.5,-0.5,0.25,0.2,0.25,0.0,-0.5,0,0,0,1,0,0,0,0,1,0,0,0,0,1,0,0
10177,0.8888888888888888,0.41379310344827586,-0.9,0.38461538461538464,-0.5,-0.09629629629629628,0.5180806524648467,0.4495699460875344,0.6963544310820763,0.36991847169353154,0.7240085428146419,0.5682589544156021,0.9633865066633797,0.9661289226725314,1.0332886889407826,0.0,-1.0,0.0,0.5,0.25,0.5,0.6,-1.0,0.0,0.5,1,0,0,0,0,0,0,0,1,0,0,0,0,0,0,1
2549,-0.7222222222222222,-0.03735632183908046,0.62,-0.7692307692307693,0.25,0.1925925925925927,-1.308989850634931,-0.9805853917736835,-0.9075400189758707,-0.7567047208153088,-0.7755238700769802,-0.7322577070632672,-1.007628303794069,-0.7755238700769802,-1.451179391371804,0.0,0.0,0.0,-0.5,-0.75,-0.5,-0.4,0.75,2.0,-0.5,0,0,0,1,0,0,0,0,1,0,0,0,0,0,0,1
5782,-0.6666666666666666,-0.23563218390804597,-0.68,0.5384615384615384,1.25,-0.43771043771043766,0.20095619120606165,0.24207655591261446,0.2594146512621143,0.27752450867569095,0.48930108423645197,0.17316707966436307,0.8092705357040504,0.7622031901987696,0.31159714487129303,0.0,0.0,1.0,0.0,1.25,0.0,0.8,-0.25,-1.0,0.5,0,0,0,1,0,0,0,0,0,1,0,0,0,0,0,1
10057,1.0555555555555556,-0.031609195402298854,0.42,0.5384615384615384,0.75,-0.7003367003367003,0.5225544545286348,0.44763169083713866,0.629122706501701,0.35193013813129903,0.40059811775913484,0.6955189632368032,0.7644416592960634,0.9686590849328677,1.044591847762877,-1.0,-2.0,1.0,-0.5,0.25,1.25,0.8,0.25,0.0,-0.5,0,0,1,0,0,0,0,0,1,0,0,0,0,0,0,1
10307,0.7777777777777778,-0.15517241379310345,0.84,0.3076923076923077,0.5,-0.050682261208576995,-0.029657238137321375,0.1040460974199001,0.1099201360615196,0.24910049737684534,0.03718763921497886,0.09848981445151267,0.0,0.18029903213524281,0.19332305418233545,1.0,1.0,0.0,0.5,0.5,0.0,0.6,-0.25,0.0,-0.5,0,1,0,0,0,0,0,0,1,0,0,0,0,0,0,1
8566,0.5,-0.9827586206896551,-0.78,-0.8461538461538461,-0.25,0.48148148148148157,-0.6967930721895417,-1.3613289386141854,-1.3677383207753915,-1.1222164641568182,-0.7755238700769802,-1.0822775493153898,-1.007628303794069,-0.7755238700769802,-1.451179391371804,1.0,1.0,0.0,-0.5,-0.75,-0.5,-0.6,0.25,2.0,0.5,0,0,0,1,0,0,0,0,1,0,0,0,0,0,0,1
2415,0.4444444444444444,-0.7844827586206896,1.0,0.07692307692307693,0.0,0.12037037037037043,0.30169326113223494,0.32420551788395996,0.6186906096496457,0.24274581064265283,0.2446505421182259,0.6759251048842254,0.7187103995221312,0.48930108423645197,0.5218478665694974,0.0,0.0,1.0,0.5,0.25,0.25,0.0,-0.5,0.0,-0.5,0,0,0,1,0,0,0,0,0,1,0,0,0,1,0,0
5684,-0.05555555555555555,-0.27298850574712646,-0.48,-0.6153846153846154,0.0,0.6878306878306878,-0.21515671237528952,-0.6470705429580874,-0.5576050663084442,-0.3732046439115666,-0.7755238700769802,-0.7322577070632672,-1.007628303794069,-0.7755238700769802,-1.0529256415547674,1.0,0.0,0.0,0.0,-0.5,-0.5,-0.4,0.25,1.0,0.5,1,0,0,0,0,0,0,0,1,0,0,0,0,0,0,1
8334,-0.05555555555555555,-0.25287356321839083,-0.3,-0.38461538461538464,-0.25,0.7703703703703704,-0.6627478860890436,-0.407189097306505,-0.3711219220924307,-0.2604264795297721,-0.5308733279587541,-0.28793818182820424,-0.37536818175688036,-0.20746290290324726,-0.3757191474672522,1.0,0.0,0.0,0.5,-0.5,-0.25,-0.2,0.0,1.0,0.0,0,0,1,0,0,0,0,0,1,0,0,0,0,0,0,1
9166,0.1111111111111111,-0.09195402298850575,0.16,0.6153846153846154,-0.75,-0.20933977455716585,0.3355343017473179,0.295606480992148,0.3258318463721632,0.26490467241360816,0.7925370970967528,0.28127140722671196,0.6832034456392585,0.48930108423645197,1.0772254026197174,0.0,0.0,0.0,0.5,0.0,0.5,1.4,-1.0,0.0,0.0,0,1,0,0,0,0,0,0,1,0,0,0,0,0,0,1
1440,-0.4444444444444444,0.882183908045977,0.7,0.7692307692307693,1.75,-0.5007407407407407,0.03358789064181758,0.3933021978269893,0.4459372373167545,0.24729722398350992,0.2446505421182259,0.48491781073122936,0.8206581533682332,1.074582838638153,1.282508480178912,-1.0,-1.0,0.0,0.0,1.25,0.75,0.8,0.25,-1.0,-0.5,0,0,0,1,0,0,0,0,0,1,0,0,0,0,0,1
78,0.05555555555555555,-0.19827586206896552,0.04,-0.7692307692307693,0.0,0.1925925925925927,-1.0843650943456842,-0.8676581388004984,-0.7228654408112252,-0.7958915050365306,-0.7755238700769802,-0.6626115125441394,-1.007628303794069,-0.3877619350384901,-0.5264628207773835,0.0,0.0,0.0,-0.5,-0.75,-0.25,-0.6,0.5,0.0,0.0,0,1,0,0,0,0,0,0,1,0,0,0,0,0,0,1
5441,0.2777777777777778,-0.13793103448275862,0.96,0.0,0.25,-0.19259259259259257,0.07946246084329867,-0.007527803276653907,0.06671211333842607,0.1417984074440907,-0.08870296647731721,-0.08104992162115524,-0.1444589521359689,-0.2862227858405282,0.40963152180849455,0.0,-1.0,0.0,0.0,0.25,0.0,0.2,-0.25,2.0,-0.5,0,0,0,0,1,0,0,0,1,0,0,0,0,0,0,1
5302,-0.8888888888888888,0.4109195402298851,-0.72,0.07692307692307693,-0.75,-0.6018518518518519,0.6467762191018602,0.4736254999375608,0.889595276581506,0.17821495812024551,0.40059811775913484,0.8895595771952117,1.1058390943689627,0.36059806427048563,1.0911547808291013,-1.0,-1.0,1.0,-0.5,0.0,1.0,0.0,-1.0,0.0,0.5,0,0,0,1,0,1,0,0,0,0,0,0,0,1,0,0
4687,0.6666666666666666,0.13218390804597702,0.86,0.6923076923076923,-1.25,-0.7222222222222222,0.6918822287867824,0.5231981800776723,0.7076781173572158,0.44912483938578573,0.8242848780577742,0.9103282638540204,0.4415306577412393,-0.7755238700769802,0.7548113759840491,-1.0,-1.0,0.0,-0.5,-0.25,2.25,0.8,-1.25,1.0,-0.5,0,1,0,0,0,1,0,0,0,0,0,0,0,1,0,0
1087,-0.2777777777777778,0.13505747126436782,-0.38,-0.38461538461538464,1.0,0.7703703703703704,-1.2519782500140328,-0.30503320485836977,-0.1940585062846092,-0.7757215038103391,0.18029903213524281,-0.23247916383761685,0.4213803280400368,0.33116801477775093,0.3866461083646709,0.0,0.0,1.0,0.5,0.0,-0.25,-0.6,0.75,1.0,0.5,0,0,0,1,0,0,0,0,0,1,0,0,1,0,0,0
6859,-0.9444444444444444,-0.26436781609195403,-0.38,-0.46153846153846156,1.0,0.32098765432098764,-0.8626640432651945,-0.5098546942678703,-0.4806417257539197,-0.5081041530991438,-0.20746290290324726,-0.38223786481114475,0.10538624670896068,0.03718763921497886,-0.5264628207773835,0.0,-1.0,0.0,0.0,0.0,-0.5,-0.4,0.75,0.0,0.5,0,0,1,0,0,0,0,0,0,1,0,0,0,0,0,1
9860,0.6111111111111112,0.33045977011494254,-0.76,-0.23076923076923078,0.5,0.48148148148148157,-0.20572304848770082,-0.22507593923784103,-0.17155102974760705,-0.029814245375839658,-0.7755238700769802,-0.41408934665237235,-0.576043627965019,-0.5308733279587541,0.14183560789634314,0.0,0.0,0.0,0.5,0.0,-0.25,-0.2,0.25,0.0,0.5,0,0,0,1,0,0,0,0,0,1,0,0,0,0,0,1
7129,0.4444444444444444,0.4051724137931034,0.46,1.2307692307692308,0.75,0.5280764635603346,0.09583439969345,0.31478359251438226,0.16318716299631528,0.4549876012502556,0.2446505421182259,0.2839520953418783,0.24085521153310066,0.38776193503849,0.20950887690840939,0.0,0.0,0.0,3.0,0.5,0.5,1.6,0.0,2.0,-0.5,0,1,0,0,0,0,0,0,1,0,0,0,0,0,0,1
5866,-0.2222222222222222,-0.7327586206896551,-0.2,-0.23076923076923078,0.5,0.48148148148148157,-0.09800924598515137,-0.2182906008677429,-0.1596884372845635,-0.19290742622084192,-0.2862227858405282,-0.005659310750486772,0.0,-0.041572243722302185,0.19332305418233545,0.0,0.0,0.0,0.5,0.0,-0.25,-0.2,0.25,0.0,0.0,0,0,0,1,0,0,0,0,0,1,0,0,0,0,0,1
10521,-0.3888888888888889,-0.1867816091954023,-0.98,-0.23076923076923078,-0.75,0.9629629629629629,0.09907670569474354,-0.30291405541530486,-0.3068332378178767,-0.3346670367286659,-0.08870296647731721,-0.060762154832983736,0.02911296866803439,0.15594757564090878,-0.047907629659445665,1.0,1.0,1.0,1.0,-0.5,-0.25,0.0,-0.5,0.0,0.5,0,1,0,0,0,0,0,0,1,0,0,0,0,0,0,1
7393,-0.4444444444444444,0.603448275862069,-0.68,-0.46153846153846156,-0.5,0.9629629629629629,-0.32365577821894326,-0.5366906518319324,-0.526149781391704,-0.3732046439115666,-0.14311139292026412,-0.38223786481114475,-0.37536818175688036,-0.7755238700769802,-1.0529256415547674,1.0,1.0,0.0,0.5,-0.5,-0.25,-0.4,-0.25,0.0,0.5,0,0,0,1,0,0,0,0,1,0,0,0,0,0,0,1
7849,0.0,-0.1810344827586207,-0.74,0.7692307692307693,-1.5,-0.7318518518518518,0.6842245304873674,0.36071673048552516,0.38737207829802356,0.060658951988683145,0.28183818133320476,0.7277704224004029,0.9885775262689339,0.9761425339626003,0.56640962563556,-1.0,-1.0,0.0,-0.5,-0.5,1.75,1.6,-1.25,2.0,0.5,0,1,0,0,0,0,0,0,1,0,0,0,0,1,0,0
332,0.7222222222222222,0.3103448275862069,0.14,-0.07692307692307693,0.25,0.2751322751322751,-0.11214352544095685,-0.13443196679096206,-0.11224653899766829,0.04275862348623694,-0.3877619350384901,-0.16628997471088275,-1.007628303794069,0.1297907130420535,-0.10017625718049661,0.0,0.0,1.0,0.5,0.0,-0.25,0.2,0.0,0.0,0.0,0,1,0,0,0,0,0,0,1,0,0,0,0,0,0,1
9847,0.8333333333333334,0.9741379310344828,-0.2,0.07692307692307693,1.0,-0.2407407407407407,0.3115428851584339,0.14525028306999782,0.2965536188648681,0.19450058070920181,0.20307829839592387,-0.13305193421934894,0.18839803133104463,-0.7755238700769802,1.1742913442279217,0.0,0.0,0.0,0.0,0.75,0.5,-0.4,0.0,-1.0,0.0,0,1,0,0,0,0,0,0,0,1,0,0,0,0,0,1
531,0.8888888888888888,0.8304597701149425,0.12,1.3846153846153846,1.25,0.9629629629629629,0.1679756372829846,0.5297036110645925,0.5068093264615431,0.5600123240507114,0.18029903213524281,0.6749665184621185,0.6988152470312979,0.6636679410374086,1.1245687712862287,0.0,-1.0,1.0,4.5,1.0,0.75,0.8,0.0,2.0,0.0,1,0,0,0,0,0,1,0,0,0,0,0,0,0,0,1
9576,-0.6666666666666666,0.4224137931034483,0.22,-0.3076923076923077,1.0,0.6127946127946128,-0.7095269532414687,-0.33605178627993415,-0.308827706655007,-0.23251884754703742,-0.20746290290324726,-0.06740573948219951,-0.576043627965019,-0.20746290290324726,-0.6546718917377307,0.0,0.0,0.0,0.5,0.0,-0.5,-0.2,0.75,2.0,0.0,0,0,0,1,0,0,0,0,0,1,0,0,0,0,0,1
6906,0.9444444444444444,0.10057471264367816,0.48,0.23076923076923078,-1.0,-0.6419753086419753,0.7697409456761608,0.35075064525937616,0.5880282266524377,-0.013581605210210618,0.5981179371223457,0.8336727627920143,0.6261693752021701,0.7388200638697252,0.6156877000947116,-1.0,-2.0,4.0,-0.5,-0.25,2.0,-0.2,-1.0,1.0,-0.5,0,0,0,0,1,1,0,0,0,0,0,0,0,1,0,0
7419,0.1111111111111111,-0.8304597701149425,0.82,-0.6153846153846154,-0.25,0.6878306878306878,-0.980402966537408,-0.8876516871453942,-0.951369171036892,-0.9873169549692411,-0.2862227858405282,-0.4674779179008721,-1.007628303794069,-0.3877619350384901,-1.0529256415547674,0.0,-1.0,0.0,0.0,-0.5,-0.5,-0.4,0.0,1.0,-0.5,1,0,0,0,0,0,0,0,1,0,0,0,0,1,0,0
3170,0.7222222222222222,-0.15517241379310345,0.74,0.0,-0.75,-0.5777777777777777,0.4324272873617392,0.35718816777931983,0.7215521871048935,0.26661523210240556,0.7085481389060245,0.685380946324136,0.4213803280400368,0.6576343560992454,0.7098508946883296,-1.0,-1.0,0.0,-0.5,0.0,0.5,0.2,-1.0,1.0,-0.5,0,0,0,1,0,0,0,0,1,0,0,0,0,1,0,0
8527,0.2777777777777778,-0.4367816091954023,-0.24,0.3076923076923077,1.0,0.557504873294347,0.3772578873352065,-0.0009326374825146914,-0.07553512519969643,0.10508526381173755,-0.041572243722302185,0.21696790803277347,-0.37536818175688036,0.20307829839592387,-0.4217083823231789,1.0,1.0,0.0,1.5,0.5,0.0,0.2,0.25,1.0,0.0,0,0,0,1,0,0,0,0,0,1,0,0,0,0,0,1
7872,-0.2777777777777778,0.8591954022988506,-0.84,0.6153846153846154,0.5,-0.7117552334943639,0.8032909930482035,0.12588509607562048,0.023688425565056986,0.009372538845382304,0.3154784929617928,0.5323580999164202,-1.007628303794069,0.3154784929617928,0.5400893577133797,-1.0,-1.0,4.0,-0.5,0.5,2.0,0.2,-0.25,2.0,0.5,0,1,0,0,0,1,0,0,0,0,0,0,0,1,0,0
9931,0.3888888888888889,-1.0057471264367817,-0.4,0.0,2.5,4.814814814814815,-3.897626222713626,-1.3613289386141854,-1.8489949095418152,-1.1222164641568182,-0.7755238700769802,-1.347057338477785,-0.7353286906280291,-0.5308733279587541,-1.451179391371804,1.0,1.0,0.0,6.5,-1.0,-0.5,-1.0,3.25,2.0,0.5,0,1,0,0,0,0,1,0,0,0,0,0,0,0,0,1
10595,-1.1111111111111112,0.0,-0.6,-0.6923076923076923,0.0,0.0,-0.8184505130719097,-0.6417497235944941,-0.4529188499624436,-1.3528286983107507,-0.08870296647731721,-0.3255419439953788,0.02911296866803439,-0.20746290290324726,-0.22158573742309376,-1.0,-1.0,0.0,-0.5,-0.5,-0.5,-0.4,0.25,0.0,0.5,0,1,0,0,0,0,0,0,1,0,0,0,0,1,0,0
4609,0.2222222222222222,-0.5373563218390804,-0.7,0.23076923076923078,1.25,0.0,0.17787304389438702,0.07555850844856708,0.09477193587505288,0.2614569407667762,-0.7755238700769802,-0.0880592281640338,-0.24318664449800542,-0.20746290290324726,0.28423203449009354,0.0,0.0,0.0,0.5,1.0,-0.25,0.2,0.0,2.0,0.5,0,1,0,0,0,0,0,0,0,1,0,0,0,0,0,1
5010,-1.0,-0.6005747126436781,0.46,-0.6923076923076923,0.0,0.9629629629629629,-1.1017063863983165,-0.8980690116780572,-0.8798171431843947,-1.3528286983107507,0.0,-0.7725050540976793,-0.24318664449800542,-0.5308733279587541,-0.5264628207773835,0.0,-1.0,0.0,0.0,-0.75,-0.5,-0.4,0.5,0.0,-0.5,0,0,1,0,0,0,0,0,1,0,0,0,1,0,0,0
4427,-1.3888888888888888,0.8419540229885057,0.14,1.0,0.5,-0.7566137566137565,0.7388799863310006,0.4569523319498457,0.48513194249396957,0.3730307780806078,0.40059811775913484,0.8259941828715803,0.43158467582904997,0.8770630192749421,0.57492176221098,-1.0,-2.0,3.0,-0.5,0.25,2.0,1.4,0.0,-1.0,0.0,0,0,1,0,0,0,0,0,1,0,0,0,0,1,0,0
11148,-0.2777777777777778,0.14367816091954022,0.72,-0.8461538461538461,0.0,0.48148148148148157,-1.2784661127605124,-1.2369046798572463,-1.1855559147687382,-1.3528286983107507,-0.5308733279587541,-0.9970374962256624,-0.4630290774619893,-0.5308733279587541,-1.2182158819572526,0.0,0.0,0.0,-0.5,-0.75,-0.5,-0.6,0.5,0.0,-0.5,0,0,0,1,0,0,0,0,1,0,0,0,0,1,0,0
1168,-0.4444444444444444,0.7241379310344828,0.26,0.46153846153846156,-0.75,-0.6878306878306878,0.5199480936485755,0.46657170409391624,0.6944944257137455,0.2039025505888449,0.6324124771567161,0.9866537870561466,0.3890734775391832,0.5352041322794227,0.4424723863229611,-1.0,-1.0,0.0,-0.5,0.0,1.0,1.0,-1.0,2.0,-0.5,0,1,0,0,0,0,0,0,1,0,0,0,0,1,0,0
9595,0.5,0.5114942528735632,-0.96,-0.07692307692307693,-0.5,-0.5502645502645502,0.3425280171067126,0.5095988642326754,1.0448342439578475,0.37488428218689196,1.0371876392149788,0.9496934614359077,0.18839803133104463,-0.7755238700769802,0.12359411675246054,-1.0,-1.0,1.0,-0.5,0.0,0.75,-0.2,-0.75,0.0,0.5,0,0,0,1,0,1,0,0,0,0,0,0,0,1,0,0
10163,-0.7777777777777778,-0.1839080459770115,-0.42,0.38461538461538464,0.75,-0.674074074074074,0.7292178890913902,0.44540403008949625,0.6888114122075658,0.46734656694326626,0.6122380649615098,0.6964273976453236,0.638257876730324,0.5175526480805436,0.2554981117643361,-1.0,-2.0,1.0,-0.5,1.0,0.5,0.4,-0.5,2.0,0.5,0,0,1,0,0,0,0,0,0,1,0,0,0,0,0,1
2886,-0.05555555555555555,-0.10057471264367816,0.42,1.3076923076923077,1.75,-0.2407407407407407,0.564487825091525,0.4145460101613214,0.32034586430893675,0.6181897281618046,-0.7755238700769802,0.027103314012286557,-1.007628303794069,0.1297907130420535,-0.3757191474672522,0.0,-1.0,2.0,1.0,1.5,1.5,1.0,0.0,1.0,-0.5,1,0,0,0,0,0,0,0,0,1,0,0,0,0,0,1
6710,1.0555555555555556,0.6695402298850575,0.7,-0.6153846153846154,-0.25,-0.13756613756613756,0.19139144283490978,-0.49535124455974716,-0.2975088421240675,-0.3096399692907102,-0.5308733279587541,-0.6037264941113603,-0.4630290774619893,-0.14311139292026412,-0.3331397665950483,2.0,1.0,0.0,-0.5,-0.5,-0.5,-0.2,0.0,1.0,-0.5,0,0,1,0,0,0,0,0,1,0,0,0,0,0,0,1
5316,-0.3333333333333333,0.011494252873563218,0.8,-0.6153846153846154,0.0,-0.13756613756613756,-1.3672612567661806,-0.5699526611604441,-0.426283430209447,-0.5169767622838456,-0.20746290290324726,-0.48707177625345005,-0.24318664449800542,-0.3877619350384901,-0.15768008000897207,-1.0,-1.0,0.0,-0.5,-0.5,-0.5,-0.2,0.25,1.0,-0.5,0,0,0,1,0,0,0,0,1,0,0,0,0,0,0,1
9029,-0.1111111111111111,0.46839080459770116,0.48,0.6153846153846154,-1.5,-0.7117552334943639,0.4759950098474886,0.5005675403469941,0.6951793011016205,0.46500522634055,0.5680609671737329,0.8343057314351868,0.7854544378651803,0.6636679410374086,0.10475443845420482,-1.0,-1.0,0.0,-0.5,-0.5,1.5,1.4,-1.25,2.0,-0.5,0,1,0,0,0,0,0,0,1,0,0,0,0,0,0,1
521,-0.8333333333333334,0.8419540229885057,-0.14,0.23076923076923078,1.5,-0.32098765432098764,0.07649001981378652,0.1414575260700213,0.2120453325349519,0.0,0.7622031901987696,0.4196660367712502,-0.24318664449800542,0.36059806427048563,0.784899858181708,0.0,0.0,0.0,0.0,1.0,-0.25,0.4,0.25,0.0,0.0,0,0,0,1,0,0,0,0,0,1,0,0,0,1,0,0
1459,0.2222222222222222,0.6982758620689655,-0.66,-0.07692307692307693,-0.25,-0.5502645502645502,0.45283799697066307,0.314385754320224,0.6901825626512993,0.4451581381314933,0.48930108423645197,0.23256176660337322,0.6613730907052233,0.0,0.04421863650592419,0.0,0.0,0.0,-0.5,0.25,0.25,0.0,-0.75,2.0,0.5,0,1,0,0,0,0,0,0,0,1,0,0,0,0,0,1
10241,-0.2777777777777778,-0.45977011494252873,-0.66,-0.8461538461538461,-0.5,0.48148148148148157,-2.29743386414143,-1.211391766873758,-1.1467387127690556,-1.7183404416522603,-0.7755238700769802,-1.6118371276401802,-0.24318664449800542,-0.3877619350384901,-0.731393516412085,-1.0,-2.0,0.0,-0.5,-0.75,-0.5,-0.6,0.0,-1.0,0.5,1,0,0,0,0,0,0,0,1,0,1,0,0,0,0,0
1630,-0.5,-0.08620689655172414,0.14,0.0,-0.25,-0.5777777777777777,0.28341154816602465,0.02520229510230799,0.12481922745855256,-0.02363382381512742,0.6122380649615098,0.1511227049614788,0.5737121950001144,0.436522943019284,0.06511398322198858,0.0,-1.0,0.0,-0.5,0.0,0.0,0.6,-0.5,0.0,0.0,0,0,1,0,0,0,0,0,1,0,0,0,0,0,0,1
3254,-0.05555555555555555,-0.28160919540229884,0.32,-0.07692307692307693,-0.5,-0.5502645502645502,0.49270935789385223,0.32690895964865485,0.7128691365282421,0.2816269419929676,0.7290150965998392,0.4817476971951687,0.8168988394981195,0.8087678244220687,0.4424723863229611,0.0,0.0,0.0,-0.5,0.25,0.5,-0.2,-1.0,0.0,-0.5,0,1,0,0,0,0,0,0,0,1,0,0,0,0,0,1
9064,-0.6666666666666666,0.6925287356321839,-0.78,0.38461538461538464,0.25,-0.674074074074074,0.45385695747218313,0.5051107728904718,0.7970281326478125,0.515485086054706,0.37444125516027954,0.730269863086936,0.8891520623174972,0.42494957425346885,0.7730528671279314,-1.0,-1.0,2.0,-0.5,0.5,1.0,0.4,-0.5,0.0,0.5,0,1,0,0,0,0,0,0,1,0,0,0,0,0,0,1
3678,-0.16666666666666666,0.7873563218390804,-0.72,1.0769230769230769,1.5,1.2286079182630907,0.24285351698510968,0.18628116098175937,-0.02073315903760863,0.34187791952638225,0.346189691316188,0.021834313389506158,0.08157014887009044,-0.7755238700769802,0.5030081882712415,1.0,0.0,2.0,4.5,1.0,0.25,0.4,0.25,0.0,0.5,0,0,0,0,1,0,1,0,0,0,0,0,0,0,0,1
4227,0.1111111111111111,-0.1724137931034483,0.58,-0.46153846153846156,-0.5,0.9629629629629629,-0.6824882802159863,-0.7242661036901205,-0.8359879911233735,-0.5980305908885469,-0.7755238700769802,-0.6037264941113603,-0.37536818175688036,-0.3877619350384901,-0.5869986227256642,1.0,1.0,0.0,0.5,-0.5,-0.25,-0.4,-0.25,1.0,-0.5,0,0,0,1,0,0,0,0,1,0,0,0,0,0,0,1
9467,-0.7777777777777778,-0.882183908045977,0.04,-0.7692307692307693,-0.5,0.1925925925925927,-0.5987858585043533,-1.0869675081168189,-1.0751866849165583,-1.2571159733443953,-0.3877619350384901,-0.6958495530356731,-0.4630290774619893,-0.7755238700769802,-1.2182158819572526,0.0,-1.0,0.0,-0.5,-0.75,-0.5,-0.4,0.0,0.0,0.0,0,0,1,0,0,0,0,0,1,0,0,0,0,1,0,0
8486,-0.05555555555555555,0.8045977011494253,-0.44,0.15384615384615385,2.5,0.3965141612200436,-0.7959866427162453,-0.028049850447826298,-0.05108544028991,0.16226038159519202,-0.7755238700769802,-0.0951995573419654,-0.1444589521359689,-0.2862227858405282,-0.10017625718049661,0.0,0.0,0.0,1.0,1.25,-0.5,-0.2,1.0,1.0,0.5,0,0,0,1,0,0,0,0,0,1,0,0,0,0,0,1
2186,-0.3888888888888889,-0.7040229885057471,-0.38,0.5384615384615384,-0.5,-0.7003367003367003,0.7216708491314738,0.6428063725441978,0.9832222893616784,0.558951069158587,0.9761425339626003,0.9195457845249142,0.9861298840733189,0.7798546743976487,1.146853619791665,-1.0,-1.0,4.0,-0.5,0.25,2.0,0.2,-1.0,-1.0,0.5,0,0,0,1,0,1,0,0,0,0,0,0,0,0,0,1
3286,0.16666666666666666,-0.6781609195402298,0.44,-0.6153846153846154,-0.25,0.6878306878306878,-1.0048483457267847,-0.8219468640823298,-0.8466829546908915,-0.840317816859585,-0.3877619350384901,-0.5527179709905995,-0.576043627965019,-0.3877619350384901,-0.5869986227256642,0.0,-1.0,0.0,0.0,-0.5,-0.5,-0.4,0.0,2.0,-0.5,1,0,0,0,0,0,0,0,1,0,0,0,0,1,0,0
8602,0.3333333333333333,0.07471264367816093,0.96,0.8461538461538461,0.5,-0.5185185185185185,0.471973762460287,0.359661692492248,0.3594743605033108,0.2856794053299187,1.0433619562618106,0.3122610804931471,0.9633865066633797,0.8704655164602081,0.4835297564776514,0.0,-1.0,0.0,0.0,0.75,1.0,1.2,-0.5,0.0,-0.5,1,0,0,0,0,0,0,0,1,0,0,0,0,0,0,1
3722,-0.1111111111111111,-0.8103448275862069,0.68,-0.6153846153846154,-0.25,0.6878306878306878,-0.21968910423524976,-0.7736447529211181,-0.7682362874070394,-0.5652792708825982,-0.5308733279587541,-0.7725050540976793,-1.007628303794069,-0.7755238700769802,-0.5869986227256642,1.0,0.0,0.0,0.0,-0.5,-0.5,-0.4,0.0,0.0,-0.5,0,0,1,0,0,0,0,0,1,0,0,0,0,0,0,1
6715,1.2222222222222223,0.5373563218390804,-0.92,0.7692307692307693,0.75,0.4237037037037037,0.24265016273049128,0.2022537501821358,0.1044049505929966,0.3512693571264393,0.28183818133320476,0.2562590681129749,-1.007628303794069,-0.08870296647731721,0.04421863650592419,0.0,-1.0,0.0,2.0,0.5,0.0,1.2,0.0,2.0,0.5,0,0,1,0,0,0,0,0,1,0,0,0,0,0,0,1
4796,1.0,-0.8189655172413793,0.44,-0.7692307692307693,-1.5,0.1925925925925927,-0.05257638899152972,-0.8486903624470598,-0.691272946852515,-0.7387163872530763,0.07082795084356677,-1.0822775493153898,-0.4630290774619893,-0.14311139292026412,-1.849433141188841,0.0,-1.0,0.0,-0.5,-0.75,-0.5,-0.4,-1.0,0.0,-0.5,1,0,0,0,0,0,0,0,1,0,0,0,0,0,0,1
9612,-0.9444444444444444,-0.6149425287356322,-0.92,-0.7692307692307693,-0.25,0.1925925925925927,-1.175544349193933,-0.8134455571304952,-0.6321821154250621,-1.4877282074983278,0.0,-0.8685062832737553,-0.37536818175688036,0.0,-0.22158573742309376,-1.0,-2.0,0.0,-0.5,-0.75,-0.5,-0.4,0.25,-1.0,0.5,0,0,1,0,0,0,0,0,1,0,0,0,1,0,0,0
3766,0.6111111111111112,0.9367816091954023,-0.68,0.46153846153846156,2.25,-0.13756613756613756,-0.6749689422488796,0.27538019894594407,0.3498095433668466,-0.18287541614550173,0.733951626354678,0.48806183250205637,0.8353456696791427,0.8317948661396538,1.2495225433975785,-1.0,-2.0,1.0,0.5,1.25,-0.25,0.6,0.75,1.0,0.5,0,0,0,0,1,0,0,0,0,1,0,0,0,1,0,0
1399,0.6666666666666666,-0.5660919540229885,0.06,0.38461538461538464,-1.25,-0.674074074074074,0.5356880256463528,0.4954802659559683,0.7795579435271287,0.2816269419929676,0.8992289819514839,0.7184632923000632,1.0367412724621035,1.0287835249453385,1.206139021442568,-1.0,-1.0,1.0,-0.5,-0.25,1.25,0.8,-1.25,0.0,0.0,0,1,0,0,0,0,0,0,1,0,0,0,0,1,0,0
1570,1.0555555555555556,0.3994252873563218,-0.82,0.8461538461538461,0.5,-0.5185185185185185,0.46693229856617874,0.3561229997865678,0.35312743439080846,0.4441590288924253,0.03718763921497886,0.4833360424721543,0.5369709225380106,0.28183818133320476,0.4835297564776514,0.0,0.0,0.0,0.0,0.75,1.25,1.0,-0.5,2.0,0.5,0,0,0,1,0,0,0,0,1,0,0,0,0,0,0,1
3426,-0.2777777777777778,-0.020114942528735632,0.8,0.8461538461538461,1.0,-0.2962962962962962,0.4800057185520817,0.5147284499193501,0.6388215186439158,0.5948541166920742,0.6811734851375101,0.6136744568491668,0.6073091790136942,0.5834093037298083,0.36270269768368657,0.0,-1.0,0.0,0.5,0.25,0.75,1.6,0.5,0.0,-0.5,1,0,0,0,0,0,0,0,1,0,0,0,0,0,0,1
3074,-0.7777777777777778,0.764367816091954,0.34,0.23076923076923078,0.5,-0.6419753086419753,0.48745425822748906,0.5648877668062238,0.9764006228237475,0.6457768204506076,0.8770630192749421,0.5733018855917837,0.24085521153310066,0.978602168472904,0.1766680123939431,-1.0,-1.0,1.0,-0.5,0.25,1.5,-0.2,0.0,2.0,-0.5,0,1,0,0,0,1,0,0,0,0,0,0,0,0,0,1
8341,0.05555555555555555,-0.8505747126436781,-0.54,-0.6923076923076923,-0.25,0.9629629629629629,-0.8031191302279538,-0.8980690116780572,-0.8798171431843947,-0.7958915050365306,-0.7755238700769802,-0.8685062832737553,-1.007628303794069,-0.5308733279587541,-0.3757191474672522,0.0,0.0,2.0,0.0,-0.75,-0.25,-0.6,0.25,2.0,0.5,0,1,0,0,0,0,0,0,1,0,0,0,0,0,0,1
5180,0.1111111111111111,-0.8160919540229885,0.14,-0.38461538461538464,0.5,0.1925925925925927,-0.02271788185879958,-0.3599175225274432,-0.28952997947930736,-0.1014656601181599,-0.7755238700769802,-0.5295595783247905,-1.007628303794069,-0.5308733279587541,-0.9247165705944205,0.0,-1.0,0.0,0.0,0.0,-0.5,-0.2,0.25,2.0,0.0,1,0,0,0,0,0,0,0,0,1,0,0,0,0,0,1
6461,0.05555555555555555,0.14367816091954022,0.5,0.6153846153846154,-0.5,-0.7117552334943639,0.3066747568660478,0.32148216632148213,0.3722356276275723,0.39980418160118536,0.6052486063887117,0.3220563989505142,0.4789728140673139,0.0,0.8460216456064592,0.0,-1.0,1.0,-0.5,0.25,1.0,1.2,-1.0,1.0,-0.5,0,0,1,0,0,0,0,0,1,0,0,0,0,0,0,1
7679,-0.8333333333333334,-0.9051724137931034,-0.02,-0.6923076923076923,-1.25,0.0,-0.8080610104382873,-0.9676089527659227,-0.9901863730365746,-1.0709300510135173,-0.2862227858405282,-0.6320354792626287,-0.24318664449800542,-0.5308733279587541,-1.849433141188841,-1.0,-2.0,0.0,-0.5,-0.75,-0.25,-0.4,-0.75,2.0,0.0,0,0,1,0,0,0,0,0,1,0,0,0,0,1,0,0
10702,-0.7777777777777778,0.7097701149425287,0.36,0.15384615384615385,1.25,-0.28322440087145967,0.030670903138958112,0.04715978239675148,0.08180856165104643,0.020281815418667963,0.0,0.25912047841190844,0.580665390703047,0.6514958340044109,-0.3757191474672522,0.0,-1.0,0.0,0.0,0.75,-0.25,0.4,0.25,0.0,-0.5,0,0,1,0,0,0,0,0,0,1,0,0,0,0,0,1
7505,0.7222222222222222,-0.5603448275862069,-0.5,-0.7692307692307693,-1.0,0.1925925925925927,-0.23170288159507854,-0.7890549229015935,-0.5910109556060998,-0.6751517126322198,-0.5308733279587541,-0.7322577070632672,-1.007628303794069,-0.7755238700769802,-0.2934993113628321,1.0,1.0,0.0,-0.5,-0.75,-0.25,-0.6,-0.5,2.0,0.5,0,1,0,0,0,0,0,0,1,0,0,0,0,0,0,1
5113,-0.05555555555555555,-0.3505747126436782,0.36,0.07692307692307693,-0.5,-0.6018518518518519,0.8058090741723537,0.5384928677341994,1.0075874858008496,0.40151474128998277,0.853411178716044,0.9584753766758476,0.638257876730324,0.7883600527976249,0.20950887690840939,-1.0,-2.0,2.0,-0.5,0.25,0.75,0.0,-1.0,2.0,-0.5,1,0,0,0,0,0,0,0,0,1,0,0,0,1,0,0
10858,-0.2777777777777778,-0.1810344827586207,-0.22,0.7692307692307693,1.25,-0.038518518518518445,0.6099890383801975,0.26868495451362906,0.22261982449766426,0.23626738095607563,0.436522943019284,0.36758599404537184,0.7644416592960634,0.9661289226725314,0.12359411675246054,1.0,1.0,0.0,1.0,1.25,0.75,0.4,-0.25,0.0,0.0,0,0,0,1,0,0,0,0,0,1,0,0,0,0,0,1
2961,-0.6666666666666666,0.3793103448275862,0.74,0.0,0.75,-0.19259259259259257,-0.30532692405646666,-0.013275958899240254,0.05652518006676084,0.0018957494401711072,0.07082795084356677,0.18718687293363348,0.566633709772423,-0.08870296647731721,0.06511398322198858,0.0,0.0,1.0,0.0,0.5,0.25,-0.2,0.0,0.0,-0.5,0,1,0,0,0,0,0,0,0,1,0,0,0,0,0,1
2747,-1.0,0.8936781609195402,0.82,0.38461538461538464,-0.5,-0.674074074074074,0.4188485894492017,0.6207051258646591,1.0071129665192258,0.5316408095336941,0.955822902212223,0.9265642901500138,0.9633865066633797,0.5175526480805436,1.1114354289630752,-1.0,-1.0,0.0,-0.5,0.0,2.0,0.0,-0.75,2.0,-0.5,0,1,0,0,0,1,0,0,0,0,0,0,0,0,0,1
3010,-1.0555555555555556,-0.8563218390804598,0.76,0.38461538461538464,-1.0,-0.674074074074074,0.8309549935491185,0.6106601612122174,0.9888310499681444,0.565615877589532,1.002299396561456,0.8399557414177742,0.8014911666123883,0.83549077555264,1.044591847762877,-1.0,-1.0,3.0,-0.5,0.0,1.25,0.6,-1.25,1.0,-0.5,0,0,0,1,0,0,0,0,1,0,0,0,0,0,0,1
5790,-0.8333333333333334,0.46551724137931033,0.26,-0.6153846153846154,0.25,0.6878306878306878,-0.7652284329453444,-0.6262317586662209,-0.5223183684030078,-0.6343615367458626,-0.08870296647731721,-0.5295595783247905,0.18839803133104463,-0.7755238700769802,-0.8199621321402158,0.0,0.0,0.0,0.0,-0.5,-0.5,-0.4,0.5,0.0,-0.5,0,1,0,0,0,0,0,0,1,0,0,0,0,0,0,1
6892,0.1111111111111111,-0.9482758620689655,-0.52,1.0,2.25,0.6878306878306878,0.27959485846056,0.22675905882067743,0.0736578160542079,0.4324482990521281,-0.041572243722302185,-0.06740573948219951,-1.007628303794069,-0.7755238700769802,0.08527600666061479,0.0,-1.0,2.0,3.0,1.5,0.5,0.2,0.5,0.0,0.5,1,0,0,0,0,0,0,0,0,1,0,0,0,0,0,1
1743,-0.2222222222222222,-0.9252873563218391,1.0,-0.3076923076923077,-1.5,-0.43771043771043766,0.4673054974465886,0.26002649272419437,0.7531075109724137,0.14916482924948987,0.8007457490195096,0.42891579835105714,1.028011017590513,0.18029903213524281,0.32480597280315754,-1.0,-2.0,0.0,-0.5,-0.5,0.25,0.0,-1.25,0.0,-0.5,0,0,1,0,0,0,0,0,1,0,0,0,0,0,0,1
3578,1.1666666666666667,-0.2988505747126437,-0.4,-0.23076923076923078,0.0,0.0,-0.0673845174271746,-0.19076612952888583,-0.11146369608571288,-0.11731166092989533,0.3154784929617928,-0.16628997471088275,0.2722996131660399,0.07082795084356677,-0.25641814192069373,0.0,-1.0,0.0,0.0,-0.25,-0.25,0.2,0.0,0.0,0.5,1,0,0,0,0,0,0,0,1,0,0,0,0,0,0,1
8462,-0.4444444444444444,0.867816091954023,0.06,-0.7692307692307693,-0.5,0.1925925925925927,-1.109436153107477,-0.5877773436645394,-0.2441010242027937,-1.4877282074983278,-0.20746290290324726,-0.6958495530356731,0.3285161072382096,-0.7755238700769802,0.2252511961698712,0.0,0.0,1.0,-0.5,-0.75,-0.25,-0.6,0.0,-2.0,0.0,0,0,0,1,0,0,0,0,1,0,0,0,1,0,0,0
5558,0.8888888888888888,-0.764367816091954,0.82,0.0,-1.0,-0.5777777777777777,0.8738427427454837,0.5347829283142763,1.0442637977664566,0.5868057530941572,0.4477288405141499,0.7053948631708433,0.6199827071600946,0.6923793826323759,0.6682984286737267,-1.0,-2.0,1.0,-0.5,0.0,1.0,-0.2,-1.25,2.0,-0.5,0,0,1,0,0,1,0,0,0,0,0,0,0,0,0,1
4619,1.3888888888888888,-0.9310344827586207,-0.8,0.9230769230769231,4.75,-0.9629629629629629,1.216242981651616,-0.13176198720761292,-0.5239121643725511,-1.0709300510135173,-0.3877619350384901,-1.0822775493153898,-0.7353286906280291,1.1912020186978833,-1.0529256415547674,-1.0,-2.0,0.0,-1.0,5.75,-0.5,-1.0,-1.25,2.0,0.5,0,0,1,0,0,0,0,0,0,1,0,0,0,0,1,0
8780,1.1111111111111112,0.07183908045977011,0.44,0.23076923076923078,-0.75,-0.32098765432098764,0.21939207842842529,0.09117007676056434,0.12249481166652901,0.2570964179736899,0.18029903213524281,0.005576690118878176,0.16923104457519936,0.18029903213524281,-0.2934993113628321,0.0,0.0,0.0,0.0,-0.25,0.75,0.6,-0.75,2.0,-0.5,0,0,0,1,0,0,0,0,1,0,0,0,0,0,0,1
10789,0.3333333333333333,0.3879310344827586,-0.72,-0.6153846153846154,0.0,0.6878306878306878,-0.17709701654119708,-0.6470705429580874,-0.5576050663084442,-0.4669774034596694,-0.5308733279587541,-0.48707177625345005,-0.4630290774619893,-0.7755238700769802,-0.9247165705944205,1.0,1.0,0.0,0.0,-0.5,-0.5,-0.4,0.25,2.0,0.5,0,1,0,0,0,0,0,0,1,0,0,0,0,0,0,1
10779,-0.7222222222222222,-0.8017241379310345,-0.66,-0.7692307692307693,-0.25,0.1925925925925927,-1.2875594799402337,-0.7661739823514333,-0.5521937536064171,-0.7958915050365306,-0.14311139292026412,-0.577371459454412,-1.007628303794069,-0.20746290290324726,-0.4217083823231789,-1.0,-2.0,0.0,-0.5,-0.75,-0.5,-0.4,0.25,0.0,0.5,0,0,1,0,0,0,0,0,1,0,0,0,0,0,0,1
5896,-0.9444444444444444,-0.7270114942528736,0.9,0.0,-0.75,-0.5777777777777777,0.5459391918012964,0.000930291222218815,0.08171160738563493,0.14794836308045742,-0.041572243722302185,0.06682701944482146,0.18839803133104463,-0.041572243722302185,-0.4217083823231789,-1.0,-1.0,0.0,-0.5,0.0,0.5,0.2,-1.0,1.0,-0.5,0,1,0,0,0,0,0,0,1,0,0,0,0,0,0,1
2337,-0.05555555555555555,-0.3103448275862069,0.56,-0.46153846153846156,0.0,0.9629629629629629,-0.8324480334176673,-0.8486903624470598,-1.031357532855537,-0.9522631819915691,-0.5308733279587541,-0.38223786481114475,-0.576043627965019,-0.5308733279587541,-1.2182158819572526,0.0,-1.0,0.0,0.5,-0.25,-0.5,-0.4,0.0,0.0,-0.5,1,0,0,0,0,0,0,0,0,1,0,0,0,1,0,0
10951,0.1111111111111111,-0.5775862068965517,-0.58,-0.07692307692307693,-0.5,-0.13756613756613756,-0.1794733386421255,-0.09506891411634182,-0.043048468964450776,0.1563716769550384,-0.7755238700769802,-0.48707177625345005,-1.007628303794069,-0.7755238700769802,-0.5264628207773835,0.0,0.0,1.0,0.0,-0.25,-0.25,0.6,-0.5,0.0,0.5,0,1,0,0,0,0,0,0,1,0,0,0,0,0,0,1
544,0.8888888888888888,0.16666666666666666,0.04,-0.07692307692307693,-1.25,-0.5502645502645502,0.30784452072203944,0.3330150313570967,0.7239344102605222,0.2742057467271763,0.6811734851375101,0.5210388572753701,0.9308565964603749,0.6811734851375101,0.4424723863229611,-1.0,-1.0,0.0,-0.5,-0.25,0.5,0.2,-1.25,0.0,0.0,0,1,0,0,0,0,0,0,1,0,0,0,0,0,0,1
17,-0.05555555555555555,-0.1724137931034483,0.64,1.0,0.5,-0.13756613756613756,0.25002984357809044,0.35219092192256324,0.2970361170385713,0.43036889774208725,0.590840233434414,0.47855105520402963,0.0,0.28183818133320476,0.6463380979458401,0.0,0.0,0.0,1.0,0.5,2.25,0.4,-0.25,2.0,-0.5,0,1,0,0,0,1,0,0,0,0,0,0,0,0,0,1
10680,-0.8888888888888888,-0.6091954022988506,0.44,-0.6153846153846154,0.25,-0.13756613756613756,-0.6664730332012642,-0.636504379395119,-0.5397325571813726,-0.4445394784782874,-0.7755238700769802,-0.5295595783247905,-0.576043627965019,-0.5308733279587541,-0.731393516412085,0.0,0.0,0.0,-0.5,-0.25,-0.5,-0.4,0.25,0.0,-0.5,0,0,0,1,0,0,0,0,0,1,0,0,0,0,0,1
3265,0.6111111111111112,0.31896551724137934,-0.26,-0.7692307692307693,-0.5,0.1925925925925927,-0.5569398860659212,-0.7890549229015935,-0.5910109556060998,-0.689940953021626,-0.5308733279587541,-0.7322577070632672,-0.19072946429594947,-0.2862227858405282,-0.8199621321402158,-1.0,-1.0,0.0,-0.5,-0.75,-0.5,-0.4,0.0,0.0,0.0,0,1,0,0,0,0,0,0,1,0,0,0,0,0,0,1
5623,-0.5555555555555556,-0.22988505747126436,0.92,-0.7692307692307693,-0.25,0.1925925925925927,-0.7468232766360755,-0.7516705326433099,-0.5274958990790617,-0.7958915050365306,-0.20746290290324726,-0.6037264941113603,-1.007628303794069,-0.7755238700769802,-0.12820907096034687,0.0,0.0,1.0,-0.5,-0.75,-0.25,-0.6,0.25,1.0,-0.5,0,1,0,0,0,0,0,0,1,0,0,0,1,0,0,0
5832,0.5555555555555556,-0.8218390804597702,-0.34,0.46153846153846156,-1.5,-0.9629629629629629,0.9009160249672695,0.4282545629813753,0.6251674469176551,0.34526251765332155,1.065119641132429,0.6291330714853558,1.043163954510407,0.346189691316188,0.08527600666061479,-1.0,-1.0,0.0,-1.0,-0.25,0.75,1.6,-1.5,-1.0,0.0,0,0,0,1,0,0,0,0,1,0,0,0,0,0,0,1
5544,0.0,0.6896551724137931,-0.34,0.5384615384615384,0.75,-0.43771043771043766,0.4151738538420975,0.48933129544856224,0.7045785744041234,0.565615877589532,0.5352041322794227,0.3632696036139076,0.9836668960583874,0.6324124771567161,0.8407261361399979,0.0,-1.0,1.0,0.0,0.75,1.5,0.0,-0.25,0.0,0.0,0,0,1,0,0,1,0,0,0,0,0,0,0,0,0,1
6417,-0.05555555555555555,0.7672413793103449,0.72,0.6923076923076923,-0.75,-0.7222222222222222,0.6887325808397994,0.507243502347339,0.6787930150208754,0.5178989040907599,0.9661289226725314,0.7053948631708433,0.6073091790136942,0.8242848780577742,-0.25641814192069373,-1.0,-1.0,0.0,-0.5,0.0,1.0,1.6,-1.0,1.0,-0.5,0,0,0,1,0,0,0,0,1,0,0,0,0,0,0,1
5831,0.16666666666666666,0.9195402298850575,0.88,0.23076923076923078,1.0,0.0,0.6365127482968724,0.5622500177040811,0.9716011954212924,0.585826733869079,0.6122380649615098,0.7628845749298221,0.638257876730324,0.6122380649615098,0.9646633754525968,0.0,0.0,3.0,0.5,0.25,0.75,0.0,0.5,0.0,-0.5,0,1,0,0,0,0,0,0,0,1,0,0,0,0,0,1
7101,0.3888888888888889,0.47126436781609193,-0.5,1.2307692307692308,2.25,0.1553166069295102,0.026724129703632308,0.40873205444753036,0.3309443531704504,0.5642238122675188,-0.7755238700769802,0.021834313389506158,-1.007628303794069,-0.7755238700769802,1.1180396247767563,0.0,-1.0,0.0,2.0,1.5,0.75,1.0,0.5,2.0,0.5,0,0,0,0,1,0,0,0,0,1,0,0,0,0,0,1
10176,0.1111111111111111,0.9137931034482759,-0.1,0.6153846153846154,0.75,0.7954911433172305,0.1619312901726237,0.018175184532814512,-0.1654649066245424,-0.029814245375839658,-0.7755238700769802,0.22013802156883414,-1.007628303794069,-0.7755238700769802,0.9815633793891798,0.0,-1.0,3.0,2.5,0.0,0.5,0.6,0.5,0.0,0.0,0,0,1,0,0,0,0,0,1,0,0,0,0,0,0,1
2326,-1.1111111111111112,0.40804597701149425,-0.68,-0.6923076923076923,-0.5,0.0,-1.5278951571053059,-0.5656275759987671,-0.32159721386344664,-0.5550414438340489,-0.7755238700769802,-0.7725050540976793,0.24085521153310066,-0.20746290290324726,-0.15768008000897207,-1.0,-1.0,0.0,-0.5,-0.75,-0.5,-0.2,0.0,0.0,0.5,0,1,0,0,0,0,0,0,1,0,0,0,0,0,0,1
4385,-0.6111111111111112,0.10919540229885058,0.66,-0.5384615384615384,0.0,0.48148148148148157,-0.5425621170821001,-0.7812695708022587,-0.8589196127932026,-0.6609919958489534,-0.7755238700769802,-0.5527179709905995,-1.007628303794069,-0.3877619350384901,-0.6546718917377307,0.0,-1.0,0.0,0.0,-0.25,-0.5,-0.4,0.0,2.0,-0.5,0,0,1,0,0,0,0,0,0,1,0,0,0,0,0,1
2929,-0.3333333333333333,0.39655172413793105,-0.44,-0.5384615384615384,0.0,-0.2407407407407407,-1.4299614045976348,-0.3907512548745246,-0.20058403769584182,-0.7387163872530763,0.5520147438379108,-0.38223786481114475,0.08157014887009044,0.29905896856117287,-0.15768008000897207,-1.0,-2.0,0.0,-0.5,-0.5,-0.25,-0.2,0.25,0.0,0.5,0,0,1,0,0,0,0,0,1,0,0,1,0,0,0,0
10686,0.2777777777777778,0.5574712643678161,0.46,-0.8461538461538461,-0.25,0.48148148148148157,-0.6213301801551266,-1.0697648452140578,-0.9236462952454159,-0.7958915050365306,-0.7755238700769802,-0.9970374962256624,-1.007628303794069,-0.7755238700769802,-1.2182158819572526,1.0,1.0,0.0,-0.5,-0.75,-0.5,-0.6,0.25,2.0,-0.5,0,0,0,1,0,0,0,0,1,0,0,0,0,0,0,1
2546,-0.3888888888888889,-1.0028735632183907,-0.84,-0.6923076923076923,-1.25,0.0,-0.7302681620737697,-0.636504379395119,-0.44392380255390607,-0.6609919958489534,-0.20746290290324726,-0.9273913017065346,-0.06562641226476575,-0.14311139292026412,-0.02345463250614205,0.0,-1.0,0.0,-0.5,-0.75,-0.5,-0.2,-0.75,-1.0,0.5,0,0,1,0,0,0,0,0,1,0,0,0,0,0,0,1
3283,-0.1111111111111111,-0.5603448275862069,0.16,0.5384615384615384,0.0,-0.43771043771043766,0.49370212229995036,0.30674435055557037,0.3752552686671651,0.046085682477735444,1.0837989268153685,0.1511227049614788,0.5048840918141492,1.0689354201760002,1.153065125801086,0.0,0.0,0.0,0.0,0.5,0.0,1.4,-0.75,-1.0,0.0,0,1,0,0,0,0,0,0,1,0,0,0,0,0,0,1
3138,0.7777777777777778,0.75,0.7,0.5384615384615384,0.5,-0.9629629629629629,0.8791516252904369,0.5328036698917251,0.7833681430590171,0.6735181424440845,0.40059811775913484,0.21696790803277347,0.6724398873621507,0.8803160941357743,0.06511398322198858,-1.0,-2.0,5.0,-1.0,0.75,1.75,0.2,-0.5,0.0,-0.5,0,0,1,0,0,1,0,0,0,0,0,0,0,0,0,1
4994,1.5,-0.2442528735632184,0.08,0.8461538461538461,0.25,-0.7407407407407407,0.6311578826292512,0.5455899676144571,0.6946597211145663,0.638882600981679,0.46912667204124586,0.5433515633244612,0.9045597352032284,0.7085481389060245,0.1766680123939431,-1.0,-2.0,1.0,-0.5,0.75,0.75,1.6,-0.75,1.0,0.0,0,0,1,0,0,0,0,0,1,0,0,0,0,0,0,1
7966,0.6111111111111112,0.5201149425287356,-0.02,1.1538461538461537,1.75,-0.38518518518518513,0.6964811994945618,0.40656681701031727,0.3487773914218654,0.35324777599841445,0.9635804919344672,0.678786515183159,0.8206581533682332,0.33116801477775093,-0.047907629659445665,1.0,0.0,0.0,0.5,1.75,0.75,1.2,-0.25,0.0,0.0,0,0,1,0,0,0,0,0,0,1,0,0,0,0,0,1
3112,-0.3888888888888889,-0.16954022988505746,-0.94,-0.7692307692307693,-0.75,0.1925925925925927,-1.2498195715495488,-1.0224932704349963,-0.9743922623210988,-1.3528286983107507,-0.20746290290324726,-0.7322577070632672,-1.007628303794069,-0.20746290290324726,-0.8199621321402158,0.0,0.0,0.0,-0.5,-0.75,-0.5,-0.4,-0.25,1.0,0.5,0,1,0,0,0,0,0,0,1,0,0,0,0,1,0,0
10872,0.05555555555555555,0.6522988505747126,0.32,0.38461538461538464,0.75,-0.09629629629629628,0.11028783438331598,0.40376418035932027,0.6134844725645345,0.6128089673250193,-0.7755238700769802,-0.1493095574899771,-1.007628303794069,-0.7755238700769802,0.19332305418233545,0.0,0.0,2.0,0.5,0.0,0.0,1.2,0.5,2.0,-0.5,0,1,0,0,0,0,0,0,1,0,0,0,0,0,0,1
2181,0.0,0.04310344827586207,-0.08,-0.07692307692307693,-1.0,-0.5502645502645502,0.48689091401866125,0.43319486405790486,0.9057939273268626,0.23439299218661758,0.6811734851375101,0.9190394935445679,0.45123103458037667,0.5834093037298083,0.06511398322198858,-1.0,-1.0,0.0,-0.5,-0.25,0.25,0.4,-1.0,0.0,0.0,0,1,0,0,0,0,0,0,1,0,0,0,0,1,0,0
1867,0.7222222222222222,0.6810344827586207,-0.14,0.3076923076923077,1.25,-0.6588693957115009,0.3564910864470092,0.44901719476517993,0.7296866195656248,0.4381005344417064,0.5981179371223457,0.6269626310511223,0.7813408369111856,0.7925370970967528,0.8460216456064592,-1.0,-2.0,1.0,-0.5,1.25,0.25,0.2,-0.25,0.0,0.0,0,0,1,0,0,0,0,0,0,1,0,0,0,0,0,1
1518,0.2777777777777778,0.0603448275862069,-0.4,0.6923076923076923,1.75,0.24074074074074087,0.30477198152140306,0.2352374337353089,0.189862260184765,0.25797310656154726,-0.08870296647731721,0.3220563989505142,0.2722996131660399,0.8204690990142031,0.7485998699746281,1.0,1.0,0.0,1.5,1.25,0.25,0.4,0.25,1.0,0.5,0,1,0,0,0,0,0,0,0,1,0,0,0,0,0,1
5734,-0.2222222222222222,-0.3879310344827586,0.68,-0.6153846153846154,-0.5,-0.13756613756613756,0.28568711496646354,-0.540688426614952,-0.37595550940791944,-0.4373842967603544,-0.20746290290324726,-0.23247916383761685,-0.576043627965019,-0.3877619350384901,-1.451179391371804,1.0,1.0,0.0,-0.5,-0.5,-0.5,-0.2,-0.25,2.0,-0.5,0,1,0,0,0,0,0,0,1,0,0,0,0,0,0,1
2878,1.2777777777777777,-0.23563218390804597,0.88,0.0,-0.5,-0.19259259259259257,0.41717110118092376,0.01639734184973665,0.10917069752573862,-0.02363382381512742,0.4477288405141499,0.2416213964965861,-0.1444589521359689,0.2446505421182259,0.5915768039993726,0.0,0.0,0.0,0.0,0.0,0.0,0.4,-0.75,2.0,-0.5,0,1,0,0,0,0,0,0,1,0,0,0,0,0,0,1
1458,-0.6666666666666666,-0.5258620689655172,-0.18,-0.46153846153846156,0.0,0.9629629629629629,-1.3647157946084176,-0.8051353070497679,-0.964063300460591,-0.9873169549692411,-0.2862227858405282,-0.4674779179008721,-0.4630290774619893,-0.2862227858405282,-0.5869986227256642,0.0,0.0,0.0,0.5,-0.25,-0.5,-0.4,0.0,1.0,0.0,0,1,0,0,0,0,0,0,0,1,0,0,0,1,0,0
7007,0.1111111111111111,-0.7672413793103449,-0.04,-0.5384615384615384,0.25,0.48148148148148157,-0.8466783606470161,-0.6748874544591233,-0.6855095503018054,-0.7567047208153088,-0.2862227858405282,-0.48707177625345005,-0.4630290774619893,-0.20746290290324726,-0.15768008000897207,1.0,1.0,0.0,0.0,-0.25,-0.25,-0.6,0.25,1.0,0.0,0,1,0,0,0,0,0,0,0,1,0,0,0,1,0,0
6200,1.0555555555555556,0.2614942528735632,0.02,0.6153846153846154,0.0,-0.4605475040257649,0.5973594688231322,0.30347907048031436,0.3399419295271438,0.22194509239992774,0.8803160941357743,0.3843797528268186,0.9075700587577056,0.5175526480805436,0.8022245488919142,0.0,0.0,0.0,0.0,0.5,1.0,0.8,-0.75,0.0,0.0,0,1,0,0,0,0,0,0,1,0,0,0,0,0,0,1
1403,-0.2777777777777778,0.8764367816091954,-0.18,-0.6923076923076923,-0.25,0.9629629629629629,-0.5879869354438111,-0.8580526489864454,-0.8150904607321814,-0.9873169549692411,-0.20746290290324726,-0.5527179709905995,-0.4630290774619893,-0.14311139292026412,-1.0529256415547674,1.0,1.0,0.0,0.0,-0.75,-0.5,-0.4,0.25,-1.0,0.0,0,0,0,1,0,0,0,0,1,0,0,0,0,1,0,0
4827,0.7777777777777778,0.3448275862068966,-0.92,0.38461538461538464,-0.25,0.48148148148148157,0.10434475860824774,0.05123689719061772,-0.01702550933195495,-0.04037713657001547,0.33116801477775093,0.41778890037104593,0.4415306577412393,0.436522943019284,-0.5869986227256642,0.0,-1.0,1.0,1.5,0.0,0.0,0.8,-0.5,2.0,0.5,0,0,1,0,0,0,0,0,1,0,0,0,0,1,0,0
6250,1.1666666666666667,0.6637931034482759,0.26,0.6923076923076923,2.5,-0.2407407407407407,0.08637578655595032,0.2478396424131567,0.21232871086200114,0.4664120069844281,0.20307829839592387,-0.3000660731068272,0.18839803133104463,-0.7755238700769802,-1.849433141188841,0.0,-1.0,1.0,0.5,1.75,0.0,0.6,0.5,2.0,-0.5,0,0,0,0,1,0,0,0,0,1,0,0,0,0,0,1
9291,0.6111111111111112,-0.7413793103448276,-0.48,-0.8461538461538461,-1.0,0.48148148148148157,-0.6207937892765433,-1.187526030626249,-1.110020789569042,-0.9873169549692411,-0.3877619350384901,-0.9970374962256624,-1.007628303794069,-0.7755238700769802,-1.451179391371804,0.0,0.0,0.0,-0.5,-1.0,-0.5,-0.4,-0.25,1.0,0.5,0,1,0,0,0,0,0,0,1,0,0,0,0,0,0,1
2478,-0.16666666666666666,-0.15517241379310345,-0.02,-0.6923076923076923,-1.0,0.0,-1.077302542036298,-0.8580526489864454,-0.8150904607321814,-1.3528286983107507,-0.3877619350384901,-0.9970374962256624,0.02911296866803439,0.15594757564090878,-0.9247165705944205,0.0,0.0,0.0,-0.5,-0.75,-0.5,-0.2,-0.5,0.0,0.0,0,1,0,0,0,0,0,0,1,0,1,0,0,0,0,0
1139,-0.7777777777777778,-0.6120689655172413,0.14,0.5384615384615384,-0.5,-0.7003367003367003,0.5451257931252679,0.4947477654210386,0.7143886959560135,0.5964406868259569,0.18029903213524281,0.5952057730619398,-1.007628303794069,0.18029903213524281,0.8667287050162751,-1.0,-1.0,4.0,-0.5,0.25,2.25,0.0,-1.0,2.0,0.0,0,1,0,0,0,1,0,0,0,0,0,0,0,0,0,1
5138,1.1111111111111112,0.5028735632183908,0.38,-0.7692307692307693,0.0,0.1925925925925927,-0.9113778735866083,-0.8134455571304952,-0.6321821154250621,-0.7216509478376368,-0.5308733279587541,-0.577371459454412,-0.4630290774619893,-0.3877619350384901,-0.9247165705944205,0.0,0.0,0.0,-0.5,-0.75,-0.5,-0.4,0.5,0.0,-0.5,0,0,0,1,0,0,0,0,1,0,0,0,0,0,0,1
5393,-0.3888888888888889,0.9626436781609196,0.3,-0.7692307692307693,-0.25,0.1925925925925927,-1.1798529830571824,-0.8219468640823298,-0.6464798256432392,-0.6751517126322198,-0.7755238700769802,-0.8685062832737553,-0.24318664449800542,-0.3877619350384901,-0.731393516412085,0.0,-1.0,0.0,-0.5,-0.75,-0.5,-0.4,0.25,0.0,-0.5,0,0,1,0,0,0,0,0,1,0,0,0,0,0,0,1
10413,-0.7777777777777778,-0.8362068965517241,0.36,0.6153846153846154,-1.0,-0.7117552334943639,0.5286398442932618,0.3734872491309658,0.4657165518244677,0.15037686383795892,0.7883600527976249,0.44326477125959773,0.9659795543721166,0.9736656387180652,1.262434518463177,-1.0,-1.0,0.0,-0.5,0.0,1.0,1.4,-1.25,0.0,-0.5,0,1,0,0,0,0,0,0,1,0,0,0,0,0,0,1
5015,-0.3333333333333333,0.853448275862069,0.9,-0.46153846153846156,0.0,0.32098765432098764,-0.6080208078574607,-0.3291824141483557,-0.16856589900309757,-0.3096399692907102,-0.08870296647731721,-0.21236944249137837,-0.4630290774619893,-0.08870296647731721,0.29807749263654026,0.0,0.0,0.0,0.0,-0.5,0.0,-0.4,0.25,1.0,-0.5,0,1,0,0,0,0,0,0,1,0,0,0,0,0,0,1
10868,1.0555555555555556,0.4367816091954023,0.66,0.3076923076923077,-0.75,-0.35477582846003897,0.49067866054823206,0.43087823586547125,0.6968280311445296,0.22582505621604845,0.5758185568959769,0.8652707632113643,0.8206581533682332,0.10153914919796193,0.876808940934975,-1.0,-2.0,0.0,0.0,-0.25,0.5,1.0,-0.75,0.0,-0.5,0,0,0,0,1,0,0,0,1,0,0,0,0,1,0,0
10676,-0.6666666666666666,0.7126436781609196,-0.92,0.38461538461538464,-1.0,-0.38518518518518513,0.3173400616208548,0.4009401402512913,0.6083804440647546,-0.06027893695412789,1.0837989268153685,0.730269863086936,1.085402816358483,0.38776193503849,1.0139414499117485,-1.0,-1.0,1.0,0.0,-0.25,1.5,0.4,-1.0,0.0,0.5,0,1,0,0,0,1,0,0,0,0,0,0,0,1,0,0
2495,-0.2222222222222222,-0.9971264367816092,-0.5,0.5384615384615384,-1.0,-0.7003367003367003,0.7504894135083895,0.2668788919941094,0.3037842857638565,0.07309790080410362,0.5175526480805436,0.6269626310511223,0.846011808166154,0.7966652859561367,-0.25641814192069373,0.0,0.0,0.0,-0.5,0.0,1.25,1.0,-1.25,1.0,0.5,0,1,0,0,0,0,0,0,1,0,0,0,0,1,0,0
7842,0.1111111111111111,0.28448275862068967,0.1,-0.46153846153846156,0.5,0.9629629629629629,-0.5414160125357917,-0.6162368106110061,-0.6594466377250572,-0.7387163872530763,-0.041572243722302185,-0.2537066518592377,-0.06562641226476575,-0.3877619350384901,-1.0529256415547674,1.0,0.0,0.0,0.5,-0.25,-0.5,-0.4,0.5,0.0,0.0,0,0,1,0,0,0,0,0,0,1,0,0,0,1,0,0
9955,0.8888888888888888,0.41954022988505746,-0.58,-0.46153846153846156,0.25,0.32098765432098764,-0.38684783692387037,-0.39887884722577754,-0.29000471990473636,-0.3048527913528262,0.0,-0.352839017326429,0.0,-0.041572243722302185,-0.3757191474672522,0.0,0.0,0.0,0.0,-0.25,-0.5,-0.2,0.25,0.0,0.5,0,0,0,1,0,0,0,0,1,0,0,0,0,0,0,1
6663,1.6666666666666667,0.0,0.94,-0.46153846153846156,-0.25,-0.32098765432098764,-0.006926644615015628,-0.34070330126931325,-0.18871919244208485,-0.06256556538178842,-0.7755238700769802,-0.8174977601529947,-1.007628303794069,-0.7755238700769802,-0.731393516412085,-1.0,-2.0,0.0,-0.5,-0.25,-0.25,-0.2,-0.25,2.0,-0.5,0,0,1,0,0,0,0,0,1,0,0,0,0,0,0,1
2162,-0.3333333333333333,-0.20689655172413793,-0.6,0.23076923076923078,-0.75,-0.32098765432098764,0.15742262739077806,0.12852646849028598,0.1889831453035296,0.1278545214349081,0.4793580006964157,0.16230388822455682,0.7644416592960634,0.42494957425346885,0.3982537498170369,0.0,0.0,0.0,0.0,-0.25,0.25,1.0,-0.75,0.0,0.5,0,1,0,0,0,0,0,0,1,0,0,0,0,0,0,1
3434,1.0555555555555556,-0.8850574712643678,0.22,0.3076923076923077,-1.0,-0.6588693957115009,0.6944010728321451,0.44901719476517993,0.7296866195656248,0.3384585356090084,0.7388200638697252,0.8108309855515025,0.7813408369111856,0.1297907130420535,0.8460216456064592,-1.0,-2.0,0.0,-0.5,0.0,0.5,1.0,-1.25,0.0,0.0,0,0,1,0,0,0,0,0,1,0,0,0,0,1,0,0
7919,-0.3333333333333333,0.9454022988505747,-0.94,0.6153846153846154,2.25,-0.7117552334943639,0.5236761536168612,0.6147462863876779,0.9023166693445335,0.6635783591885431,0.8704655164602081,0.8646871168201281,0.31519804194714235,0.3154784929617928,-1.849433141188841,-1.0,-1.0,1.0,-0.5,1.5,0.5,0.6,0.5,2.0,0.5,0,0,0,1,0,0,0,0,0,1,0,0,0,0,0,1
5626,0.3333333333333333,-0.39655172413793105,-0.72,0.07692307692307693,-0.25,-0.6018518518518519,0.28274307604660714,0.05766819956832852,0.1402098080592934,0.2199880095414643,-0.20746290290324726,0.1070743664792335,-0.03144440163293923,0.0,-0.3331397665950483,-1.0,-2.0,0.0,-0.5,0.0,0.0,0.8,-0.5,2.0,0.5,0,0,1,0,0,0,0,0,1,0,0,0,0,0,0,1
6428,1.1111111111111112,-0.8591954022988506,-0.24,0.15384615384615385,-2.0,-0.6230936819172113,0.6161753345761134,0.3871415812081322,0.6920459406375414,0.41324856134994004,0.07082795084356677,0.621481956136659,0.7376463687461494,0.6388889180172997,0.15951573240067232,-1.0,-2.0,0.0,-0.5,-0.75,1.5,0.4,-1.5,2.0,0.0,0,0,0,0,1,1,0,0,0,0,0,0,0,0,0,1
8514,-0.3333333333333333,-0.5545977011494253,0.2,-0.7692307692307693,-0.5,0.1925925925925927,-0.850049044994626,-1.0869675081168189,-1.0751866849165583,-0.9873169549692411,-0.7755238700769802,-0.8174977601529947,-0.4630290774619893,-0.5308733279587541,-1.451179391371804,0.0,0.0,0.0,-0.5,-0.75,-0.5,-0.4,0.0,0.0,0.0,0,0,0,1,0,0,0,0,1,0,0,0,0,0,0,1
10448,0.7777777777777778,0.7442528735632183,0.12,0.23076923076923078,0.75,0.6419753086419755,-0.1362117427379504,-0.018135300385275596,-0.07072222065370141,-0.0038242159730642344,0.543709510679399,0.09412409277587154,0.49643548013891015,-0.08870296647731721,0.06511398322198858,0.0,-1.0,1.0,1.5,0.25,0.25,0.0,0.25,0.0,0.0,0,0,1,0,0,0,0,0,0,1,0,0,0,0,0,1
2109,-1.1111111111111112,0.21839080459770116,0.22,1.0,-0.25,-0.7566137566137565,0.9702061317180906,0.5024872880242119,0.5672296143256005,0.3134851672086603,0.733951626354678,1.0081106335288197,0.45123103458037667,0.2446505421182259,-0.1887448729086275,-1.0,-2.0,2.0,-0.5,0.5,2.25,1.0,-1.0,0.0,0.0,0,0,1,0,0,1,0,0,0,0,0,0,0,1,0,0
7530,1.1111111111111112,-0.8706896551724138,-0.02,-0.38461538461538464,-0.75,0.7703703703703704,0.1469587172808005,-0.3880812752911758,-0.3382171259844628,-0.31449703550247415,-0.20746290290324726,-0.2761835162644227,0.12784066103007083,-0.3877619350384901,-0.22158573742309376,1.0,0.0,0.0,0.5,-0.5,-0.25,-0.2,-0.5,2.0,0.0,0,0,0,0,1,0,0,0,1,0,0,0,0,0,0,1
8925,0.2777777777777778,0.014367816091954023,-0.22,0.8461538461538461,1.0,-0.2962962962962962,0.47461935893991586,0.3463958483277911,0.3356884009600446,0.3578188427714524,0.6324124771567161,0.14348252050682764,0.7235306477464166,1.057362051410185,0.7359716976857932,0.0,0.0,0.0,0.5,1.0,0.75,1.0,-0.25,1.0,0.0,0,1,0,0,0,0,0,0,1,0,0,0,0,0,0,1
3009,0.4444444444444444,-0.0028735632183908046,-0.82,0.0,0.5,-0.5777777777777777,0.5095420926198013,0.5521351042445066,1.0758744496682682,0.7064812578623685,0.2244761299230198,0.2445941468204277,-1.007628303794069,-0.7755238700769802,1.0701319951173105,-1.0,-2.0,4.0,-0.5,0.25,0.25,0.2,0.0,2.0,0.5,0,0,0,0,1,0,0,0,1,0,0,0,0,0,0,1
6355,-0.4444444444444444,-0.9885057471264368,-0.6,-0.46153846153846156,-1.0,0.9629629629629629,-0.22464888918202108,-0.797007714698515,-0.951369171036892,-0.7054183076720079,-0.7755238700769802,-0.577371459454412,-0.19072946429594947,-0.2862227858405282,-1.451179391371804,1.0,1.0,0.0,0.5,-0.5,-0.5,-0.2,-0.75,0.0,0.5,0,1,0,0,0,0,0,0,1,0,0,0,0,0,0,1
3517,1.0,0.1810344827586207,-0.34,-0.38461538461538464,0.75,0.7703703703703704,-0.3493762281074591,-0.3314580555809768,-0.24011792685559458,-0.41020976046882957,-0.20746290290324726,-0.15770542268316173,-0.06562641226476575,0.07082795084356677,0.32480597280315754,1.0,0.0,1.0,0.5,-0.25,-0.25,-0.4,0.75,0.0,0.0,0,0,1,0,0,0,0,0,0,1,0,0,0,0,0,1
1158,0.2222222222222222,-0.5201149425287356,-0.44,-0.5384615384615384,0.25,-0.2407407407407407,-0.07621968113451913,-0.37245399650317085,-0.16856589900309757,-0.17635161640709132,-0.5308733279587541,-0.5527179709905995,-0.576043627965019,-0.7755238700769802,0.0,0.0,-1.0,0.0,-0.5,-0.25,-0.5,-0.2,0.25,0.0,0.5,1,0,0,0,0,0,0,0,1,0,0,0,0,0,0,1
6203,1.2777777777777777,-0.13505747126436782,0.18,0.8461538461538461,0.0,-0.7407407407407407,0.5684994922661455,0.5453768932404821,0.694273969243405,0.3492791031758803,0.9930105414272017,0.9492256150960406,1.019082330942232,0.6052486063887117,0.3982537498170369,-1.0,-1.0,0.0,-0.5,0.5,1.25,1.4,-0.75,0.0,0.0,0,0,0,1,0,0,0,0,1,0,0,0,0,1,0,0
7165,-0.1111111111111111,-0.3045977011494253,0.2,0.5384615384615384,1.0,-0.43771043771043766,0.3476159338314121,0.2700337361881585,0.3094335317165933,0.25971958367741,0.48930108423645197,0.35670216697426377,0.580665390703047,0.8007457490195096,0.7609564475007234,0.0,0.0,0.0,0.0,1.0,0.0,1.0,-0.25,0.0,0.0,0,0,0,1,0,0,0,0,1,0,0,0,0,0,0,1
3595,0.3888888888888889,-0.6752873563218391,-0.4,1.0,0.0,-0.5502645502645502,0.6238038472670403,0.3897480453263359,0.3643303494335172,0.4272252227632064,0.5601290350800188,0.4817476971951687,0.9015261656768784,0.7576488544432298,-0.07344777701387911,0.0,0.0,0.0,0.0,0.5,1.5,1.4,-0.75,0.0,0.5,0,0,0,1,0,0,0,0,1,0,0,0,0,0,0,1
8537,1.1666666666666667,0.3764367816091954,0.22,0.46153846153846156,-1.0,-0.6878306878306878,0.5301784851113996,0.47388418519875875,0.7077366643765998,0.36677677576514706,0.7755238700769802,0.8012976015667549,0.8859966614049789,0.8317948661396538,0.4424723863229611,-1.0,-2.0,2.0,-0.5,-0.25,2.0,0.4,-1.0,0.0,0.0,0,0,0,0,1,1,0,0,0,0,0,0,0,1,0,0
4331,-0.4444444444444444,-0.5718390804597702,-0.16,0.46153846153846156,-1.25,-0.6878306878306878,0.7838170617410287,0.4585730382656987,0.6800137885851233,0.5499731059782613,0.38776193503849,0.6542597043821727,0.12784066103007083,0.38776193503849,-0.3331397665950483,-1.0,-1.0,2.0,-0.5,-0.25,1.0,1.2,-1.25,1.0,0.0,0,0,0,1,0,0,0,0,1,0,0,0,0,0,0,1
6281,0.2222222222222222,0.41379310344827586,-0.44,0.07692307692307693,0.25,-0.2407407407407407,0.12336986834117049,0.3352790623015237,0.6387168379268038,0.44863158039761136,-0.7755238700769802,0.4121015026760408,0.4213803280400368,0.590840233434414,0.04421863650592419,0.0,-1.0,1.0,0.0,0.5,0.25,0.0,-0.5,0.0,0.5,1,0,0,0,0,0,0,0,0,1,0,0,0,0,0,1
4338,-0.7222222222222222,-0.7471264367816092,-0.42,-0.7692307692307693,-1.0,0.1925925925925927,-0.41925419283012477,-0.8051353070497679,-0.6181792244652246,-0.6609919958489534,-0.7755238700769802,-0.7322577070632672,-1.007628303794069,-0.7755238700769802,-0.3757191474672522,0.0,-1.0,1.0,-0.5,-0.75,-0.5,-0.4,-0.5,0.0,0.5,0,0,1,0,0,0,0,0,1,0,0,0,0,0,0,1
2452,-0.05555555555555555,0.5402298850574713,-0.82,0.15384615384615385,1.0,0.7363834422657953,-0.6048773221194967,-0.08088990310304343,-0.14379295838456915,0.04442631182305411,0.46912667204124586,-0.04149774582273409,-0.1444589521359689,-0.2862227858405282,-0.25641814192069373,1.0,1.0,1.0,1.5,0.25,0.0,0.0,0.5,0.0,0.5,0,0,0,1,0,0,0,0,0,1,0,0,0,0,0,1
9507,-0.2777777777777778,0.26436781609195403,-0.62,0.07692307692307693,1.0,-0.2407407407407407,-0.3528610235359715,0.03380246332081946,0.0977969571391737,0.13426518463588072,0.346189691316188,0.03230062532477855,-0.37536818175688036,0.346189691316188,0.40963152180849455,0.0,0.0,0.0,0.0,0.5,0.25,0.0,0.25,0.0,0.5,0,1,0,0,0,0,0,0,0,1,0,0,0,0,0,1
8360,-0.05555555555555555,-0.3505747126436782,0.54,-0.23076923076923078,-0.75,0.48148148148148157,0.09575045575997329,-0.25538899686134403,-0.2244151197367768,-0.14848111439778783,0.2244761299230198,-0.2222919870910548,-0.19072946429594947,0.03718763921497886,-0.15768008000897207,1.0,1.0,0.0,0.5,-0.25,-0.25,0.0,-0.75,-1.0,-0.5,0,1,0,0,0,0,0,0,1,0,0,0,0,0,0,1
10311,0.05555555555555555,-0.2557471264367816,-0.98,0.7692307692307693,4.25,-0.9629629629629629,-3.7508679359029826,-0.036177442799079244,-0.3129950598132324,-0.7757215038103391,-0.20746290290324726,-0.6320354792626287,-0.576043627965019,-0.20746290290324726,1.4683857449343474,0.0,0.0,0.0,-1.0,5.25,-0.5,-1.0,-1.25,0.0,0.5,0,1,0,0,0,0,0,0,0,1,0,0,1,0,0,0
5117,0.3888888888888889,0.9770114942528736,-0.34,0.23076923076923078,0.0,-0.32098765432098764,-0.6944934251877258,0.1382669060535978,0.20635279165240816,-0.3346670367286659,0.997685525320599,0.27035647928127343,0.9711148601973378,0.28183818133320476,0.4424723863229611,-1.0,-1.0,0.0,0.0,0.0,0.5,0.6,-0.25,-1.0,0.0,0,1,0,0,0,0,0,0,1,0,1,0,0,0,0,0
4867,0.1111111111111111,-0.21264367816091953,-0.94,-0.3076923076923077,0.25,1.1380471380471382,-0.4519613588858494,-0.5529478001162654,-0.6760112674860832,-0.3617309853088242,-0.7755238700769802,-0.48707177625345005,-0.576043627965019,-0.7755238700769802,-0.471701526830916,1.0,0.0,0.0,1.0,-0.25,-0.5,-0.2,0.25,2.0,0.5,0,0,1,0,0,0,0,0,1,0,0,0,0,0,0,1
9289,-0.5,-0.7931034482758621,-0.66,-0.6923076923076923,0.25,0.0,-0.5113320383986109,-0.6748874544591233,-0.509544647282655,-0.5867514386500596,-0.5308733279587541,-0.5077252649352844,-1.007628303794069,-0.2862227858405282,-0.3331397665950483,0.0,0.0,1.0,-0.5,-0.5,-0.25,-0.6,0.5,0.0,0.5,0,1,0,0,0,0,0,0,0,1,0,0,0,0,0,1
10913,-0.7777777777777778,0.617816091954023,0.14,-0.8461538461538461,0.0,0.48148148148148157,-0.7541197902205361,-0.9805853917736835,-0.7775606831008489,-1.2571159733443953,-0.3877619350384901,-0.6320354792626287,-1.007628303794069,-0.5308733279587541,-0.5264628207773835,0.0,-1.0,2.0,-0.5,-0.75,-0.5,-0.6,0.5,1.0,0.0,0,0,1,0,0,0,0,0,1,0,0,0,0,1,0,0
3032,-0.7777777777777778,0.3764367816091954,0.96,-0.3076923076923077,1.0,0.6127946127946128,-1.1287462638108425,-0.264798933753969,-0.1850101927753408,-0.5980305908885469,0.4793580006964157,-0.02917420973125466,-0.03144440163293923,0.18029903213524281,0.33771794786875625,0.0,0.0,0.0,0.5,0.0,-0.5,-0.2,0.75,0.0,-0.5,0,1,0,0,0,0,0,0,0,1,0,0,0,1,0,0
8524,-0.2222222222222222,0.8419540229885057,-0.68,-0.46153846153846156,0.75,0.9629629629629629,-1.07135188870865,-0.5025318695156433,-0.4681805293288756,-0.4828234042714047,-0.2862227858405282,-0.3000660731068272,-0.06562641226476575,-0.041572243722302185,-0.4217083823231789,0.0,-1.0,1.0,0.5,-0.25,-0.5,-0.4,0.75,2.0,0.5,1,0,0,0,0,0,0,0,0,1,0,0,0,0,0,1
3334,1.0555555555555556,-0.6293103448275862,-0.28,0.46153846153846156,-0.75,-0.9629629629629629,0.9350237119062365,0.6351952018339407,1.0006628816850398,0.5373607749469298,0.978602168472904,0.9407048940466206,0.8280705487745917,0.978602168472904,1.0060163765424832,-1.0,-1.0,2.0,-1.0,0.25,1.25,0.8,-1.25,0.0,0.0,0,1,0,0,0,0,0,0,1,0,0,0,0,0,0,1
4470,0.4444444444444444,0.08045977011494253,-0.92,-0.5384615384615384,-0.75,-0.2407407407407407,0.20262715517059884,-0.3827984630776032,-0.1866767363133205,-0.3399065643304983,-0.5308733279587541,-0.15770542268316173,-0.24318664449800542,-0.14311139292026412,-0.047907629659445665,0.0,0.0,0.0,-0.5,-0.5,-0.25,-0.2,-0.5,1.0,0.5,0,1,0,0,0,0,0,0,1,0,0,0,0,0,0,1
1406,-0.2777777777777778,0.41954022988505746,0.0,0.5384615384615384,1.0,1.1380471380471382,0.053507447812973716,0.017287331607378584,-0.1383779891043797,0.15755778561443867,-0.041572243722302185,0.07151415173155903,0.18839803133104463,-0.7755238700769802,0.06511398322198858,1.0,0.0,0.0,3.0,0.5,0.25,0.0,0.25,0.0,0.0,0,0,1,0,0,0,1,0,0,0,0,0,0,0,0,1
8619,0.7222222222222222,0.5632183908045977,-0.9,-0.8461538461538461,-1.0,0.48148148148148157,-1.2982371533069936,-1.0533270027820778,-0.8970108754924192,-0.9522631819915691,-0.7755238700769802,-0.8685062832737553,-0.4630290774619893,-0.5308733279587541,-1.0529256415547674,0.0,0.0,0.0,-0.5,-1.0,-0.5,-0.4,-0.25,0.0,0.5,0,0,0,1,0,0,0,0,1,0,0,0,0,0,0,1
10821,-0.4444444444444444,0.4367816091954023,-0.08,0.07692307692307693,0.5,1.2037037037037037,0.16209206843196758,-0.15086980922294213,-0.22684487599923167,0.014871889284771489,-0.20746290290324726,-0.26477978916239525,-1.007628303794069,-0.3877619350384901,0.31159714487129303,1.0,1.0,0.0,2.0,0.0,-0.25,0.0,0.25,0.0,0.0,0,1,0,0,0,0,1,0,0,0,0,0,0,0,0,1
4552,-1.1666666666666667,0.04597701149425287,-0.24,-0.23076923076923078,-0.5,-0.48148148148148145,0.0,-0.0028049987778542176,0.22161447101883988,-0.24419383936414307,-0.3877619350384901,0.15488624760885494,0.6322601220371885,0.38776193503849,0.8916052618716774,-1.0,-1.0,0.0,-0.5,-0.25,0.75,-0.4,-0.5,0.0,0.0,0,1,0,0,0,1,0,0,0,0,0,0,1,0,0,0
898,-0.8888888888888888,-0.3017241379310345,-0.2,-0.38461538461538464,0.5,0.7703703703703704,-1.1983827047116076,-0.36488122881084195,-0.29812650123978696,-0.4994620275582855,0.20307829839592387,-0.08104992162115524,-0.4630290774619893,0.0,0.10475443845420482,0.0,0.0,0.0,0.5,-0.25,-0.5,-0.2,0.5,0.0,0.0,0,1,0,0,0,0,0,0,1,0,0,0,0,1,0,0
9797,0.7777777777777778,-0.8017241379310345,-0.22,0.07692307692307693,-1.0,-0.2407407407407407,0.18873416527077896,0.04137523101314837,0.1112452411666598,0.08947585790874629,0.28183818133320476,0.25047113179684655,-0.37536818175688036,0.10153914919796193,0.42078835216682153,0.0,0.0,0.0,0.0,-0.25,0.25,0.6,-1.0,0.0,0.0,0,1,0,0,0,0,0,0,1,0,0,0,0,0,0,1
10949,0.3888888888888889,-0.46264367816091956,-0.82,0.3076923076923077,-0.25,-0.6588693957115009,0.5370098858853913,0.5902793507901649,0.9862425009672752,0.6094773651638934,0.5083844410841468,0.827284712777247,0.9501581423206529,0.5083844410841468,0.46336773303902573,-1.0,-2.0,2.0,-0.5,0.25,0.75,0.6,-0.75,2.0,0.5,1,0,0,0,0,0,0,0,1,0,0,0,0,0,0,1
8212,-0.05555555555555555,0.29310344827586204,0.8,-0.38461538461538464,0.25,0.1925925925925927,-0.39095744677795424,-0.30291405541530486,-0.19035759167082508,-0.23636516930573712,0.20307829839592387,-0.33894670494896506,0.02911296866803439,0.15594757564090878,-0.07344777701387911,0.0,0.0,0.0,0.0,-0.25,-0.25,-0.2,0.25,1.0,-0.5,0,1,0,0,0,0,0,0,1,0,0,0,0,0,0,1
6248,1.2777777777777777,-0.29022988505747127,-0.04,0.9230769230769231,0.75,-0.9629629629629629,0.8868970364582555,0.6361968924666751,0.8336325766678612,0.6612417689062801,0.36059806427048563,0.9154765424363152,0.7813408369111856,0.42494957425346885,0.3866461083646709,-1.0,-2.0,2.0,-1.0,1.25,1.25,1.2,-0.75,1.0,0.0,0,0,1,0,0,0,0,0,1,0,0,0,0,0,0,1
10164,0.6666666666666666,-0.7729885057471264,0.52,0.07692307692307693,0.25,-0.6018518518518519,0.9322723571154844,0.5360965729135125,1.0032252648692945,0.585826733869079,0.46912667204124586,0.6936955875134524,0.8353456696791427,0.853411178716044,-0.22158573742309376,0.0,-1.0,2.0,-0.5,0.25,0.75,0.0,-0.25,0.0,-0.5,0,0,1,0,0,0,0,0,0,1,0,0,0,0,0,1
4547,0.5555555555555556,0.23563218390804597,0.74,-0.6923076923076923,0.0,0.9629629629629629,-2.025761897408925,-1.0079898207268727,-1.0529185866516575,-1.0709300510135173,-0.3877619350384901,-0.7322577070632672,-0.576043627965019,-0.5308733279587541,-0.8199621321402158,1.0,1.0,0.0,0.0,-0.75,-0.5,-0.4,0.5,0.0,-0.5,0,0,0,1,0,0,0,0,1,0,0,0,0,1,0,0
6815,-0.5555555555555556,-0.9166666666666666,-0.9,0.46153846153846156,0.0,-0.9629629629629629,0.9655214576846122,0.2636969006817753,0.32886242616602945,0.3134851672086603,0.3154784929617928,0.23560557943114058,0.5520822202293374,0.8568886070797357,0.5310410020510917,-1.0,-1.0,4.0,-1.0,0.75,1.0,0.6,-1.0,-1.0,0.5,0,1,0,0,0,0,0,0,1,0,0,0,0,0,0,1
4122,-0.2777777777777778,0.8994252873563219,0.48,0.07692307692307693,0.25,-0.6018518518518519,0.6625266177661271,0.30101104864413064,0.5767743963813846,0.35258960936125694,0.346189691316188,0.21054764784987304,1.0324003962332995,0.4129838139810195,0.33771794786875625,-1.0,-1.0,2.0,-0.5,0.5,0.75,-0.2,-0.5,0.0,-0.5,0,1,0,0,0,0,0,0,0,1,0,0,0,0,0,1
10841,-0.2777777777777778,0.5603448275862069,-0.06,0.23076923076923078,-0.25,0.0,0.14717519197671008,0.0740367344252202,0.09207166929198504,0.08655739071597787,0.33116801477775093,0.25912047841190844,0.4606976444970845,0.4477288405141499,0.14183560789634314,0.0,0.0,0.0,0.5,0.0,0.25,0.6,-0.5,2.0,0.0,0,0,0,1,0,0,0,0,1,0,0,0,0,0,0,1
5370,-0.16666666666666666,0.49712643678160917,-0.22,0.23076923076923078,1.5,0.32098765432098764,-0.6939307727005495,0.0155052049494654,-0.011488130887795111,0.10508526381173755,-0.2862227858405282,0.28127140722671196,-1.007628303794069,-0.041572243722302185,-0.02345463250614205,0.0,0.0,1.0,1.0,0.75,-0.25,0.2,0.5,2.0,0.0,0,1,0,0,0,0,0,0,0,1,0,0,0,0,0,1
176,-0.5555555555555556,-0.5114942528735632,0.48,-0.23076923076923078,-0.5,-0.48148148148148145,0.4179420673736368,-0.06611903824588972,0.10877482683489034,-0.21756338026105224,0.5175526480805436,0.0,0.3776858598750006,0.49897171996375944,0.57492176221098,0.0,-1.0,0.0,-0.5,0.0,-0.25,0.2,-0.75,-1.0,-0.5,0,0,1,0,0,0,0,0,1,0,0,0,0,0,0,1
4860,0.0,0.3505747126436782,0.34,-0.7692307692307693,-0.5,0.1925925925925927,-1.1515870626008826,-1.0079898207268727,-0.951369171036892,-1.026503739190463,-0.3877619350384901,-0.7725050540976793,-0.4630290774619893,-0.3877619350384901,-1.0529256415547674,0.0,-1.0,0.0,-0.5,-0.75,-0.5,-0.4,0.0,0.0,-0.5,0,0,1,0,0,0,0,0,1,0,0,0,0,1,0,0
10757,0.16666666666666666,-0.48563218390804597,-0.26,-0.8461538461538461,-0.5,0.48148148148148157,-0.9059837406883191,-1.2369046798572463,-1.1855559147687382,-1.1828754161455015,-0.3877619350384901,-0.9273913017065346,-0.576043627965019,-0.7755238700769802,-1.849433141188841,0.0,-1.0,0.0,-0.5,-0.75,-0.5,-0.6,0.0,2.0,0.0,1,0,0,0,0,0,0,0,1,0,0,0,0,1,0,0
4023,0.0,0.8764367816091954,-0.4,-0.38461538461538464,0.5,0.7703703703703704,-1.231193087719087,-0.45497037659879724,-0.4529188499624436,-0.7757215038103391,0.2446505421182259,-0.4674779179008721,0.18839803133104463,0.3154784929617928,-0.047907629659445665,0.0,0.0,1.0,0.5,-0.25,0.0,-0.6,0.5,0.0,0.5,0,1,0,0,0,0,0,0,0,1,0,0,1,0,0,0
6679,0.2222222222222222,-0.9741379310344828,-0.4,-0.8461538461538461,-1.5,0.48148148148148157,-0.664448371595966,-1.1651076174231962,-1.0751866849165583,-0.9205531871755583,-0.2862227858405282,-1.0822775493153898,-1.007628303794069,-0.7755238700769802,-1.849433141188841,-1.0,-2.0,0.0,-0.5,-1.0,-0.5,-0.4,-0.75,0.0,0.5,0,0,1,0,0,0,0,0,1,0,0,0,0,0,0,1
9923,-0.1111111111111111,-0.20689655172413793,-0.86,-0.46153846153846156,0.0,0.9629629629629629,-0.15505020074708745,-0.5366906518319324,-0.526149781391704,-0.3096399692907102,-0.7755238700769802,-0.5295595783247905,-1.007628303794069,-0.7755238700769802,-0.5869986227256642,1.0,0.0,0.0,0.5,-0.5,-0.5,-0.2,0.25,1.0,0.5,0,0,1,0,0,0,0,0,1,0,0,0,0,0,0,1
7181,-0.3888888888888889,-0.3505747126436782,0.96,-0.6153846153846154,0.25,0.6878306878306878,-0.8045294683485275,-0.7446266898475834,-0.7205594414786656,-0.5260924866613763,-0.7755238700769802,-0.6037264941113603,-0.576043627965019,-0.7755238700769802,-1.2182158819572526,0.0,0.0,0.0,0.0,-0.5,-0.5,-0.4,0.5,0.0,-0.5,0,1,0,0,0,0,0,0,1,0,0,0,0,0,0,1
3599,0.0,0.6436781609195402,0.24,0.6153846153846154,1.0,-0.20933977455716585,0.32874880020858827,0.482826016245659,0.663068025586721,0.39635644995435343,0.7755238700769802,0.7036181321131288,1.0910826064033001,0.8280598458480344,0.6754358957375127,0.0,0.0,0.0,0.5,1.0,0.5,0.6,-0.25,0.0,-0.5,0,1,0,0,0,0,0,0,0,1,0,0,0,0,0,1
405,0.3333333333333333,0.4166666666666667,0.38,0.15384615384615385,1.0,0.3965141612200436,-0.3215226046966801,0.039705744810431154,0.06859291140194848,0.19661298860927398,-0.7755238700769802,-0.28793818182820424,-0.37536818175688036,-0.7755238700769802,0.7485998699746281,0.0,-1.0,1.0,1.0,0.25,0.75,-0.4,0.5,0.0,-0.5,1,0,0,0,0,0,0,0,0,1,0,0,0,0,0,1
6870,0.6111111111111112,-0.20402298850574713,0.48,-0.23076923076923078,-1.0,-0.48148148148148145,0.44711034963895485,-0.12386580322799318,0.006394609821449327,0.014871889284771489,-0.3877619350384901,-0.11745807564874954,0.12784066103007083,0.15594757564090878,-0.10017625718049661,0.0,-1.0,0.0,-0.5,-0.25,-0.25,0.4,-1.0,2.0,-0.5,1,0,0,0,0,0,0,0,1,0,0,0,0,0,0,1
832,0.2222222222222222,-0.6810344827586207,0.82,0.6153846153846154,1.0,-0.20933977455716585,0.3790959436857753,0.23425000840680904,0.2161244156474776,0.3881700197683711,0.18029903213524281,0.19737404968019573,-0.06562641226476575,0.18029903213524281,0.20950887690840939,0.0,0.0,0.0,0.5,1.0,0.0,1.0,-0.25,2.0,-0.5,0,0,0,1,0,0,0,0,1,0,0,0,0,0,0,1
2002,0.6666666666666666,0.14080459770114942,0.64,0.15384615384615385,-0.25,-0.6230936819172113,0.5158069395832973,0.573283372696455,1.0301360578034326,0.4032165512745999,0.6190917972785056,1.0004096477483762,1.0345768300636031,0.4793580006964157,0.7164932658922031,-1.0,-2.0,0.0,-0.5,0.25,1.0,0.0,-0.75,0.0,-0.5,1,0,0,0,0,1,0,0,0,0,0,0,0,1,0,0
3657,-0.8888888888888888,0.41379310344827586,-0.96,-0.3076923076923077,0.75,0.6127946127946128,-0.415966865130751,-0.32243832632945224,-0.28527218402175625,-0.20325136174631764,-0.5308733279587541,-0.26477978916239525,0.02911296866803439,0.1297907130420535,-0.3757191474672522,0.0,-1.0,0.0,0.5,0.0,-0.5,-0.2,0.5,0.0,0.5,0,0,1,0,0,0,0,0,0,1,0,0,0,0,0,1
500,-0.3888888888888889,-0.08333333333333333,0.6,0.6923076923076923,0.0,-0.7222222222222222,0.9707275221700707,0.5870563416057618,0.8234562203427437,0.5481480705375172,0.5601290350800188,0.9098095991596039,0.45123103458037667,1.0856136152542766,-0.07344777701387911,-1.0,-1.0,4.0,-0.5,0.75,1.25,0.8,-1.0,0.0,-0.5,0,0,0,1,0,0,0,0,1,0,0,0,0,0,0,1
1951,-0.6111111111111112,0.46551724137931033,0.86,0.9230769230769231,2.75,0.32098765432098764,-0.6117482192412579,0.2771453123966216,0.18702547271431594,0.08947585790874629,0.9229660673179124,0.22640039934041398,1.0910826064033001,0.9425022223340124,0.12359411675246054,-1.0,-1.0,0.0,2.0,1.75,0.0,0.6,0.75,-2.0,-0.5,0,1,0,0,0,0,0,0,0,1,0,0,0,0,0,1
3262,0.6666666666666666,0.9626436781609196,-0.36,0.7692307692307693,-0.5,-0.7318518518518518,0.4354110519002861,0.5281437811165911,0.6893168950376913,0.5785578560794433,0.8930366104212158,0.6936955875134524,0.46994148984782846,0.5981179371223457,0.29807749263654026,-1.0,-2.0,1.0,-0.5,-0.5,1.75,1.6,-0.25,0.0,0.0,0,0,1,0,0,0,0,0,1,0,0,0,0,0,0,1
4102,-0.2777777777777778,0.29022988505747127,-0.06,-0.8461538461538461,-0.75,0.48148148148148157,-0.49054580787966356,-1.0375888588858215,-0.8713808092182469,-0.8916042300028858,-0.5308733279587541,-1.1921710908689298,-0.576043627965019,-0.5308733279587541,-0.731393516412085,1.0,1.0,0.0,-0.5,-1.0,-0.5,-0.4,0.0,-1.0,0.0,0,1,0,0,0,0,0,0,1,0,0,0,0,0,0,1
7042,-0.7222222222222222,0.3706896551724138,-0.7,-0.6923076923076923,0.5,0.0,-0.5109576262960668,-0.6579475202109681,-0.4806417257539197,-1.2571159733443953,-0.2862227858405282,-0.577371459454412,0.08157014887009044,0.3154784929617928,-0.471701526830916,-1.0,-1.0,1.0,-0.5,-0.5,-0.25,-0.6,0.75,0.0,0.5,0,1,0,0,0,0,0,0,0,1,0,0,0,0,1,0
10598,0.16666666666666666,0.2413793103448276,0.8,-0.5384615384615384,0.25,1.2037037037037037,-0.9318864425980378,-0.8676581388004984,-0.9951983230979132,-0.864973770899795,-0.5308733279587541,-0.5295595783247905,-0.37536818175688036,-0.5308733279587541,-1.0529256415547674,1.0,1.0,0.0,0.5,-0.5,-0.5,-0.4,0.5,0.0,-0.5,0,0,0,1,0,0,0,0,1,0,0,0,0,1,0,0
255,1.0555555555555556,-0.7614942528735632,-0.36,-0.6923076923076923,-0.5,0.9629629629629629,-1.2796342014297635,-1.0697648452140578,-1.1467387127690556,-0.7567047208153088,-0.7755238700769802,-1.1921710908689298,-1.007628303794069,-0.7755238700769802,-1.2182158819572526,1.0,0.0,0.0,0.0,-0.75,-0.5,-0.4,0.0,0.0,0.0,1,0,0,0,0,0,0,0,1,0,0,0,0,0,0,1
2375,-0.1111111111111111,0.8218390804597702,0.52,-0.8461538461538461,-0.25,0.48148148148148157,-0.8099309801505283,-1.0533270027820778,-0.8970108754924192,-0.9873169549692411,-0.7755238700769802,-0.9273913017065346,-1.007628303794069,-0.2862227858405282,-0.731393516412085,2.0,2.0,0.0,-0.5,-1.0,-0.5,-0.4,0.5,0.0,-0.5,0,0,0,1,0,0,0,0,1,0,0,0,0,0,0,1
9829,-0.4444444444444444,-0.6293103448275862,-0.14,-0.46153846153846156,-0.25,0.9629629629629629,-0.8970177120372175,-0.5970225893528761,-0.6274823309177929,-0.6751517126322198,-0.20746290290324726,-0.5077252649352844,0.0,0.07082795084356677,-0.3331397665950483,0.0,0.0,0.0,0.5,-0.5,-0.5,-0.2,0.0,0.0,0.0,0,0,0,1,0,0,0,0,1,0,0,0,0,0,0,1
6214,-0.6666666666666666,0.27011494252873564,0.08,-0.6923076923076923,-0.25,0.0,-0.24353227420209664,-0.592371074363497,-0.36791853808246017,-0.8173636728039921,0.07082795084356677,-0.31259167029201684,-0.37536818175688036,-0.041572243722302185,-0.25641814192069373,0.0,0.0,0.0,-0.5,-0.5,-0.5,-0.4,0.0,1.0,0.0,0,1,0,0,0,0,0,0,1,0,0,0,0,1,0,0
4954,0.7777777777777778,-0.5660919540229885,0.08,0.15384615384615385,0.25,1.076252723311547,-0.0977234422483598,-0.14807892378080717,-0.26075269224025066,-0.16367567844331396,0.40059811775913484,0.005576690118878176,0.5520822202293374,-0.041572243722302185,-0.8199621321402158,1.0,1.0,0.0,2.0,0.0,0.0,0.0,0.0,0.0,0.0,0,1,0,0,0,0,1,0,0,0,0,0,0,0,0,1
7861,1.0,-0.6091954022988506,-0.52,0.3076923076923077,0.75,-0.35477582846003897,0.6198552767426126,0.4015695711535607,0.6437835610261197,0.5142715778646875,0.6576343560992454,0.48649305621607164,0.49643548013891015,-0.7755238700769802,-0.4217083823231789,0.0,0.0,0.0,0.0,1.0,0.25,0.2,-0.5,1.0,0.5,0,1,0,0,0,0,0,0,0,1,0,0,0,0,0,1
4837,0.2777777777777778,0.40804597701149425,0.16,1.0,0.75,-0.5502645502645502,0.5020932616651639,0.4403421790497375,0.4552320518463501,0.4859483140178507,0.5601290350800188,0.46047473069397143,0.6613730907052233,0.07082795084356677,1.2089486050845142,0.0,0.0,0.0,0.0,1.0,0.75,1.6,-0.5,2.0,0.0,0,1,0,0,0,0,0,0,1,0,0,0,0,0,0,1
9423,-0.5,-0.6609195402298851,0.0,-0.5384615384615384,-0.5,0.48148148148148157,-0.6882688894607871,-0.7890549229015935,-0.8713808092182469,-0.840317816859585,-0.2862227858405282,-0.5077252649352844,-0.19072946429594947,-0.2862227858405282,-1.0529256415547674,0.0,0.0,0.0,0.0,-0.5,-0.5,-0.2,-0.25,1.0,0.0,0,1,0,0,0,0,0,0,1,0,0,0,0,1,0,0
4198,0.2777777777777778,0.3390804597701149,-0.86,-0.8461538461538461,-0.75,0.48148148148148157,-0.8400107562007391,-1.0079898207268727,-0.8228518726499564,-0.9522631819915691,-0.5308733279587541,-1.0822775493153898,-1.007628303794069,-0.20746290290324726,-0.5869986227256642,1.0,1.0,0.0,-0.5,-1.0,-0.5,-0.4,0.0,0.0,0.5,0,0,0,1,0,0,0,0,1,0,0,0,0,0,0,1
153,0.9444444444444444,-0.29022988505747127,-0.4,-0.7692307692307693,-1.0,0.1925925925925927,-1.2118039116201516,-0.7890549229015935,-0.5910109556060998,-0.7216509478376368,-0.2862227858405282,-0.8685062832737553,-0.37536818175688036,-0.3877619350384901,-0.3757191474672522,-1.0,-2.0,0.0,-0.5,-0.75,-0.5,-0.4,-0.5,0.0,0.5,1,0,0,0,0,0,0,0,1,0,0,0,0,0,0,1
9323,1.1666666666666667,0.8735632183908046,-0.88,0.8461538461538461,2.25,-0.07407407407407397,-0.04415221162650747,0.2922409008474469,0.23880820332686442,0.3629671563558302,0.0,0.4553926625382205,0.3659582635642842,0.6052486063887117,0.31159714487129303,0.0,0.0,2.0,1.0,1.5,0.75,0.4,0.5,1.0,0.5,0,0,0,1,0,0,0,0,0,1,0,0,0,0,0,1
10001,-0.8333333333333334,0.9798850574712644,0.98,-0.38461538461538464,0.5,1.3481481481481483,-2.944574468496162,-0.5061751557917569,-0.5397325571813726,-1.1222164641568182,0.2446505421182259,-0.5077252649352844,0.02911296866803439,0.18029903213524281,0.19332305418233545,0.0,0.0,0.0,1.0,-0.5,-0.25,-0.4,0.75,-1.0,-0.5,0,0,0,1,0,0,1,0,0,0,0,0,1,0,0,0
3945,1.2777777777777777,0.3448275862068966,0.62,0.7692307692307693,2.0,-0.5007407407407407,0.4317309866508744,0.31518100315532116,0.30572646864408226,0.42031028056944775,0.5680609671737329,0.44150035016075667,-1.007628303794069,0.2446505421182259,0.2252511961698712,0.0,-1.0,2.0,0.0,1.75,1.5,-0.2,0.0,2.0,-0.5,0,0,0,0,1,0,0,0,0,1,0,0,0,0,0,1
3799,0.8333333333333334,-0.4051724137931034,-0.9,0.6153846153846154,0.75,-0.20933977455716585,0.41155856827211973,0.2896964603100034,0.3152440749997885,0.19661298860927398,0.48930108423645197,0.5952057730619398,0.5048840918141492,-0.041572243722302185,1.0060163765424832,0.0,0.0,0.0,0.5,0.75,0.0,1.2,-0.25,0.0,0.5,0,1,0,0,0,0,0,0,1,0,0,0,0,1,0,0
8625,-0.3333333333333333,-0.3649425287356322,0.42,-0.46153846153846156,0.5,0.9629629629629629,-1.6350395500165091,-0.797007714698515,-0.951369171036892,-0.7958915050365306,-0.5308733279587541,-0.39783172338174416,-1.007628303794069,-0.14311139292026412,-1.451179391371804,0.0,0.0,0.0,0.5,-0.25,-0.5,-0.4,0.5,0.0,-0.5,0,1,0,0,0,0,0,0,0,1,0,0,0,1,0,0
3491,-0.2777777777777778,0.20114942528735633,-0.34,1.0769230769230769,2.25,-0.1660280970625798,0.12962288096745597,0.42737585231253294,0.4086062207573,0.2623222289699432,0.6754342347185844,0.6419029454268044,0.8731153335702893,0.8568886070797357,1.282508480178912,0.0,0.0,0.0,1.0,1.75,1.0,0.6,0.25,0.0,0.0,0,0,0,1,0,0,0,0,0,1,0,0,0,0,0,1
983,-0.7777777777777778,-0.23563218390804597,0.66,-0.23076923076923078,1.25,-0.48148148148148145,-0.3806849394772387,0.01639734184973665,0.25594534026413895,-0.1514650189423361,0.42494957425346885,0.11959996366442333,0.31519804194714235,0.07082795084356677,1.0139414499117485,0.0,0.0,1.0,-0.5,0.5,0.0,-0.4,0.5,0.0,-0.5,0,1,0,0,0,0,0,0,0,1,0,0,1,0,0,0
9119,1.1111111111111112,-0.43103448275862066,-0.44,0.0,-1.0,-0.19259259259259257,0.2604678203201109,-0.003744746591875144,0.0734194878710566,0.05907086722362558,0.2446505421182259,0.047481291330751844,0.41090383247321843,0.2446505421182259,0.2554981117643361,0.0,0.0,0.0,0.0,-0.25,0.25,0.4,-1.0,0.0,0.5,0,0,0,1,0,0,0,0,1,0,0,0,0,0,0,1
4786,-0.3888888888888889,0.7959770114942529,0.9,1.0769230769230769,1.75,-0.1660280970625798,0.5857628809976031,0.3802108991923376,0.32399215938074155,0.3845989322465649,0.7841329828271124,0.509373935982823,0.7771837049801891,0.6811734851375101,0.5218478665694974,1.0,1.0,0.0,1.0,1.5,0.25,1.4,0.0,0.0,-0.5,0,1,0,0,0,0,0,0,1,0,0,0,0,0,0,1
5872,1.0555555555555556,0.10632183908045977,-0.52,0.5384615384615384,-0.5,0.08754208754208763,0.2550308025647387,0.1765867898871916,0.14265429433364415,0.10646864678855844,0.8166116166417164,0.44326477125959773,0.6261693752021701,-0.08870296647731721,0.0,0.0,-1.0,0.0,1.0,0.0,0.5,1.0,-0.75,0.0,0.5,0,0,1,0,0,0,0,0,1,0,0,0,0,0,0,1
6568,-0.7777777777777778,0.29310344827586204,0.96,-0.6923076923076923,0.0,0.0,-0.4342934300019082,-0.592371074363497,-0.36791853808246017,-0.8916042300028858,-0.7755238700769802,-0.23247916383761685,0.08157014887009044,-0.14311139292026412,-0.3757191474672522,0.0,0.0,0.0,-0.5,-0.5,-0.5,-0.4,0.25,0.0,-0.5,0,1,0,0,0,0,0,0,1,0,0,0,0,1,0,0
5628,-0.6666666666666666,0.43103448275862066,-0.48,0.6923076923076923,1.75,-0.7222222222222222,0.27325400976359265,0.5303701006997487,0.720668182760188,0.5254291354889512,1.004583910193017,0.5963865977696116,1.0776997205029695,0.6811734851375101,0.6610711797971361,-1.0,-1.0,1.0,-0.5,1.5,0.25,1.0,0.0,0.0,0.5,0,0,0,1,0,0,0,0,0,1,0,0,0,0,0,1
5631,-1.1666666666666667,0.1925287356321839,0.86,0.23076923076923078,0.0,-0.6419753086419753,-0.04860448430111935,0.20600800137005074,0.3274973681166362,0.04937979975019586,0.590840233434414,0.4082623096692229,0.5737121950001144,0.5520147438379108,1.0294710090486252,-1.0,-2.0,0.0,-0.5,0.25,0.5,0.6,-0.5,0.0,-0.5,0,0,1,0,0,0,0,0,1,0,0,0,0,0,0,1
4974,0.0,0.8218390804597702,0.98,1.0769230769230769,0.5,1.0293742017879952,0.7391740545681915,0.4641902181583471,0.474816055771862,0.30218046271590127,0.8127115092919589,0.8629308080308479,0.10538624670896068,0.8603321087721983,0.8134907669154694,2.0,1.0,0.0,4.0,0.0,1.0,0.8,0.25,0.0,-0.5,0,0,1,0,0,0,1,0,0,0,0,0,0,1,0,0
8416,-0.6111111111111112,-0.41379310344827586,-0.6,-0.6153846153846154,-0.25,0.6878306878306878,-0.8745923919536472,-0.8051353070497679,-0.8195146858317665,-1.0709300510135173,-0.08870296647731721,-0.5527179709905995,-0.06562641226476575,-0.14311139292026412,-1.2182158819572526,0.0,0.0,0.0,0.0,-0.5,-0.5,-0.4,0.0,0.0,0.5,0,1,0,0,0,0,0,0,1,0,0,0,0,1,0,0
5454,-0.5,-0.41954022988505746,0.62,-0.6923076923076923,-0.5,0.0,-0.20075619500960643,-0.7588511575992061,-0.6513134129587279,-0.5081041530991438,-0.7755238700769802,-0.8174977601529947,-0.4630290774619893,-0.7755238700769802,-1.0529256415547674,0.0,0.0,0.0,-0.5,-0.5,-0.5,-0.4,-0.25,1.0,-0.5,0,1,0,0,0,0,0,0,1,0,0,0,0,0,0,1
4095,-0.05555555555555555,0.8620689655172413,0.62,0.46153846153846156,0.5,1.2380952380952381,-0.4960557631375531,0.06084238700467061,-0.031823153045949015,-0.013581605210210618,0.5083844410841468,-0.01723584784811107,0.5291915534463482,0.4793580006964157,0.8867153709959247,0.0,0.0,0.0,3.0,0.0,0.25,0.2,0.25,0.0,-0.5,0,1,0,0,0,0,1,0,0,0,0,0,0,0,0,1
5474,0.0,-0.4166666666666667,0.6,-0.23076923076923078,0.25,0.48148148148148157,-0.27155434870333545,-0.21162752752299507,-0.14802950456879108,-0.4445394784782874,-0.041572243722302185,0.14732171351364587,-0.37536818175688036,0.37444125516027954,0.32480597280315754,0.0,-1.0,0.0,0.5,0.0,-0.25,-0.2,0.0,0.0,-0.5,0,0,1,0,0,0,0,0,0,1,0,0,0,1,0,0
4268,0.6111111111111112,-0.9655172413793104,0.02,-0.46153846153846156,-0.5,-0.32098765432098764,0.052154884387718384,-0.33837023002359323,-0.18464040449998018,-0.09889651123910408,-0.7755238700769802,-0.43106976387327783,-1.007628303794069,-0.5308733279587541,-0.6546718917377307,0.0,0.0,0.0,-0.5,-0.25,-0.25,-0.2,-0.5,0.0,0.0,0,1,0,0,0,0,0,0,1,0,0,0,0,0,0,1
10701,-0.16666666666666666,-0.1867816091954023,0.22,1.0,0.5,-0.7566137566137565,0.3672846813525865,0.4127198801993589,0.4055700272519243,0.46781286432384567,-0.7755238700769802,0.5196000740725523,0.8763754792645375,0.7755238700769802,0.19332305418233545,-1.0,-1.0,2.0,-0.5,0.75,1.5,1.4,-0.5,0.0,0.0,0,1,0,0,0,0,0,0,1,0,0,0,0,0,0,1
3507,0.0,0.9339080459770115,-0.1,-0.07692307692307693,-0.25,-0.13756613756613756,0.6086887342397597,0.5098335773892715,1.045261764369146,0.45010916888065877,1.0201744121952059,0.7018330985436908,1.0948240185075218,0.5680609671737329,0.4933515120546405,0.0,-1.0,1.0,0.0,-0.5,0.75,0.0,0.0,0.0,0.0,0,0,1,0,0,1,0,0,0,0,0,0,0,0,0,1
2079,1.2777777777777777,-0.4942528735632184,-0.98,0.5384615384615384,-0.75,-0.7003367003367003,0.697652389806872,0.4118034223181321,0.5643960240494871,0.3149638502052972,0.38776193503849,0.7886800567366989,0.6832034456392585,0.8463518209205468,0.04421863650592419,-1.0,-1.0,0.0,-0.5,0.25,1.0,1.0,-1.25,-1.0,0.5,0,1,0,0,0,0,0,0,1,0,0,0,0,1,0,0
626,1.0555555555555556,0.34770114942528735,-0.42,-0.7692307692307693,-1.0,0.1925925925925927,-0.6833260473815522,-0.8134455571304952,-0.6321821154250621,-0.6751517126322198,-0.3877619350384901,-0.6320354792626287,-1.007628303794069,-0.3877619350384901,-0.8199621321402158,1.0,1.0,0.0,-0.5,-0.75,-0.5,-0.4,-0.5,0.0,0.5,0,1,0,0,0,0,0,0,1,0,0,0,0,0,0,1
4426,-0.2777777777777778,-0.21839080459770116,-0.28,0.46153846153846156,1.25,0.6878306878306878,0.12652699355238486,0.10544947886062073,0.04692707506434752,0.24729722398350992,-0.20746290290324726,-0.10247590093783825,-0.24318664449800542,-0.20746290290324726,0.7730528671279314,1.0,0.0,1.0,2.0,0.75,0.0,0.2,0.25,0.0,0.0,0,0,1,0,0,0,0,0,0,1,0,0,0,0,0,1
2591,0.6111111111111112,-1.0028735632183907,0.0,0.0,-0.25,-0.19259259259259257,0.6057439653773663,0.31597454544654235,0.6469235070440567,0.36677677576514706,0.48930108423645197,0.43972774146369503,0.6613730907052233,0.6324124771567161,0.20950887690840939,0.0,-1.0,0.0,0.0,0.5,0.25,-0.2,-1.0,0.0,0.0,0,0,0,0,1,0,0,0,0,1,0,0,0,0,0,1
10509,0.8333333333333334,-0.9454022988505747,-0.06,-0.5384615384615384,0.5,0.48148148148148157,-0.5052695231419165,-0.6313323990618314,-0.6130016937891707,-0.40374930259193015,-0.7755238700769802,-0.5295595783247905,-1.007628303794069,-0.7755238700769802,-0.9247165705944205,1.0,0.0,0.0,0.0,-0.25,-0.5,-0.4,0.5,1.0,0.0,0,0,1,0,0,0,0,0,0,1,0,0,0,0,0,1
6382,0.9444444444444444,-1.014367816091954,0.96,-0.7692307692307693,-1.0,0.1925925925925927,-0.07882061615174094,-0.7309291770348686,-0.4920557112529988,-0.6343615367458626,-0.7755238700769802,-0.6626115125441394,-0.4630290774619893,-0.7755238700769802,-0.25641814192069373,1.0,1.0,0.0,-0.5,-0.75,-0.5,-0.4,-0.5,0.0,-0.5,0,0,0,1,0,0,0,0,1,0,0,0,0,0,0,1
6673,0.2777777777777778,0.31896551724137934,0.04,-0.6153846153846154,0.5,-0.13756613756613756,-1.1983175230407,-0.41283486446412077,-0.15341769881663084,-0.5980305908885469,-0.08870296647731721,-0.33894670494896506,0.0,0.2446505421182259,0.27004467885669003,-1.0,-2.0,0.0,-0.5,-0.25,-0.5,-0.4,0.5,0.0,0.0,0,0,1,0,0,0,0,0,0,1,0,0,1,0,0,0
7441,-0.16666666666666666,0.7902298850574713,0.62,0.9230769230769231,0.0,-0.32098765432098764,0.4979249586800439,0.5191019965424943,0.6215140583795298,0.5659629857343004,1.0157898076878829,0.7201724517006157,0.18839803133104463,-0.7755238700769802,0.14183560789634314,0.0,-1.0,0.0,0.5,-0.5,2.0,1.4,0.25,0.0,-0.5,1,0,0,0,0,0,0,0,1,0,0,0,0,0,0,1
1071,-0.3333333333333333,-0.03735632183908046,-0.78,0.8461538461538461,0.75,-0.2962962962962962,0.47736942529002957,0.35434087312865464,0.3499315877828315,0.3705432664810604,0.8087678244220687,0.3477661691149228,0.6613730907052233,0.5680609671737329,0.9646633754525968,0.0,-1.0,0.0,0.5,0.75,0.25,1.6,-0.25,2.0,0.5,1,0,0,0,0,0,0,0,1,0,0,0,0,0,0,1
10061,1.1111111111111112,0.5287356321839081,-0.4,0.7692307692307693,1.75,-0.5007407407407407,0.2237735448627651,0.3731478360132391,0.4097011960293314,0.47289946012497025,0.2446505421182259,0.2866141025519014,-1.007628303794069,0.0,1.186077577209429,0.0,0.0,0.0,0.0,1.25,0.0,1.4,0.25,0.0,0.5,0,1,0,0,0,0,0,0,1,0,0,0,0,0,0,1
7187,0.05555555555555555,0.14655172413793102,0.06,0.7692307692307693,-0.5,0.6548148148148151,0.0,0.22116761727594073,0.13799446337504173,0.25445240570144295,0.5520147438379108,-0.12517543890733063,0.7813408369111856,0.7085481389060245,0.7790068966777998,1.0,1.0,0.0,2.5,0.0,2.0,-0.2,-0.75,1.0,0.0,0,0,0,1,0,1,0,0,0,0,0,0,0,0,0,1
8775,0.05555555555555555,-0.4942528735632184,0.5,-0.38461538461538464,0.25,0.7703703703703704,-0.44696661607381255,-0.3907512548745246,-0.3428213209144161,-0.4910387136837044,-0.7755238700769802,-0.06740573948219951,0.18839803133104463,0.0,-0.2934993113628321,0.0,0.0,0.0,0.5,-0.25,-0.25,-0.4,0.25,0.0,-0.5,0,0,0,1,0,0,0,0,0,1,0,0,0,1,0,0
1612,-0.6111111111111112,0.10919540229885058,0.66,-0.5384615384615384,0.0,0.48148148148148157,0.0,-0.7812695708022587,-0.8589196127932026,-0.6609919958489534,-0.7755238700769802,-0.5527179709905995,-1.007628303794069,-0.3877619350384901,-0.6546718917377307,0.0,-1.0,0.0,0.0,-0.25,-0.5,-0.4,0.0,2.0,-0.5,0,0,1,0,0,0,0,0,0,1,0,0,0,0,0,1
2345,-0.6666666666666666,-0.3132183908045977,0.1,0.15384615384615385,-0.75,-0.6230936819172113,0.4742916406671927,0.42265380167372696,0.7563957401327288,0.4032165512745999,0.6388889180172997,0.6247797880328165,0.6724398873621507,0.6388889180172997,0.9516539432228468,-1.0,-1.0,0.0,-0.5,0.0,0.5,0.6,-1.0,2.0,0.0,0,0,0,1,0,0,0,0,1,0,0,0,0,0,0,1
322,-0.4444444444444444,0.5086206896551724,0.88,-0.6153846153846154,-0.75,0.6878306878306878,-0.28822160288624254,-0.8306482200332561,-0.860685845650729,-0.5867514386500596,-0.5308733279587541,-0.6626115125441394,-1.007628303794069,-0.7755238700769802,-1.849433141188841,1.0,1.0,0.0,0.0,-0.5,-0.5,-0.4,-0.5,0.0,-0.5,0,0,0,1,0,0,0,0,1,0,0,0,0,0,0,1
10897,-0.2222222222222222,0.9482758620689655,0.28,1.3076923076923077,1.5,-0.06018518518518513,0.41655858651988664,0.4012549896239107,0.2965536188648681,0.4877086521276223,0.7755238700769802,0.44502108004887764,0.3285161072382096,0.7755238700769802,-0.4217083823231789,0.0,0.0,0.0,1.5,1.25,1.0,1.4,0.0,0.0,-0.5,0,1,0,0,0,0,0,0,1,0,0,0,0,0,0,1
123,1.0555555555555556,0.5258620689655172,0.86,0.0,-0.75,-0.19259259259259257,0.40747828393726165,0.3393941237081351,0.6893168950376913,0.37795069215692983,0.48930108423645197,0.25912047841190844,0.24085521153310066,0.997685525320599,0.8407261361399979,0.0,-1.0,0.0,0.0,0.0,0.75,-0.2,-1.0,0.0,-0.5,0,0,0,0,1,1,0,0,0,0,0,0,0,0,0,1
6103,1.2222222222222223,-0.1724137931034483,-0.18,-0.6153846153846154,-0.75,-0.13756613756613756,-0.3012955759530105,-0.5061751557917569,-0.3162874436482892,-0.4828234042714047,0.20307829839592387,-0.5527179709905995,0.12784066103007083,-0.08870296647731721,-0.6546718917377307,-1.0,-1.0,0.0,-0.5,-0.5,-0.25,-0.4,-0.5,0.0,0.0,0,1,0,0,0,0,0,0,1,0,0,0,0,0,0,1
7899,1.0,0.7241379310344828,0.42,0.15384615384615385,0.5,-0.28322440087145967,0.631394522206064,0.5336846484282441,0.9580639869271452,0.6530655374408861,0.46912667204124586,0.606852909704884,0.20667320090127414,0.46912667204124586,-0.22158573742309376,0.0,0.0,0.0,0.0,0.0,1.25,-0.2,0.25,2.0,-0.5,0,1,0,0,0,1,0,0,0,0,0,0,0,0,0,1
10500,-0.7777777777777778,-0.7787356321839081,0.94,-0.46153846153846156,-0.25,0.32098765432098764,-0.7358951396939992,-0.5135712136496404,-0.4869591308530974,-0.7216509478376368,-0.5308733279587541,-0.448840246502505,0.10538624670896068,0.18029903213524281,0.08527600666061479,0.0,0.0,0.0,0.0,-0.25,-0.5,-0.2,-0.25,0.0,-0.5,0,1,0,0,0,0,0,0,1,0,0,0,1,0,0,0
1655,-0.5,-0.2959770114942529,0.64,-0.7692307692307693,-0.25,0.1925925925925927,-0.6159747128128801,-0.7736447529211181,-0.5648878830301162,-0.7757215038103391,-0.2862227858405282,-0.5527179709905995,-0.576043627965019,-0.5308733279587541,-0.4217083823231789,0.0,0.0,0.0,-0.5,-0.75,-0.5,-0.4,0.25,0.0,-0.5,0,0,0,1,0,0,0,0,1,0,0,0,0,0,0,1
2406,1.1666666666666667,-0.08045977011494253,0.28,0.3076923076923077,0.5,-0.050682261208576995,0.0929777196600853,0.09980371170300495,0.10238827160272236,0.25533607986391826,-0.20746290290324726,0.1277278551610678,0.0,0.03718763921497886,0.0,0.0,0.0,0.0,0.5,0.5,0.0,0.6,-0.25,0.0,-0.5,0,0,0,1,0,0,0,0,1,0,0,0,0,0,0,1
2712,0.7777777777777778,-0.4885057471264368,0.72,0.38461538461538464,0.0,-0.674074074074074,0.5137215055560336,0.21808172538353512,0.2794465140396985,0.018488263222912898,1.0553957169436532,0.36972603599405635,0.8168988394981195,0.5264887234514308,0.1766680123939431,0.0,0.0,0.0,-0.5,0.5,0.25,1.0,-0.75,0.0,-0.5,0,1,0,0,0,0,0,0,1,0,0,0,0,0,0,1
5517,0.05555555555555555,-0.19827586206896552,0.04,-0.7692307692307693,0.0,0.1925925925925927,-1.0843650943456842,-0.8676581388004984,-0.7228654408112252,-0.7958915050365306,-0.7755238700769802,-0.6626115125441394,-1.007628303794069,-0.3877619350384901,-0.5264628207773835,0.0,0.0,0.0,-0.5,-0.75,-0.25,-0.6,0.5,0.0,0.0,0,1,0,0,0,0,0,0,1,0,0,0,0,0,0,1
10643,-0.9444444444444444,0.514367816091954,-0.52,0.38461538461538464,0.25,-0.38518518518518513,-0.308275435289869,0.18458875269220404,0.21959928808342533,-0.11194536513198428,0.7883600527976249,0.5239002675743037,0.7422411030138681,0.6696001163716948,0.20950887690840939,-1.0,-2.0,1.0,0.0,0.25,0.0,1.2,-0.25,2.0,0.5,0,0,1,0,0,0,0,0,1,0,0,0,0,1,0,0
2254,-0.7222222222222222,0.0028735632183908046,0.92,0.46153846153846156,1.25,-0.6878306878306878,0.46293116213555724,0.4805472585435069,0.7198060318878641,0.42511281486313424,0.9171797717641137,0.690944100308332,0.8796087921797341,0.7755238700769802,0.7609564475007234,-1.0,-1.0,0.0,-0.5,1.25,1.0,0.0,-0.25,0.0,-0.5,0,1,0,0,0,0,0,0,0,1,0,0,0,0,0,1
10281,0.0,-0.6149425287356322,-0.76,0.3076923076923077,0.0,-0.35477582846003897,0.3532783096660628,0.1545653994370125,0.19982277835111237,0.011215774178178995,0.6754342347185844,0.48491781073122936,0.02911296866803439,0.6388889180172997,0.45301504376350465,0.0,-1.0,1.0,0.0,0.25,0.75,0.4,-0.5,0.0,0.5,1,0,0,0,0,0,0,0,1,0,0,0,0,1,0,0
6958,-0.3888888888888889,0.008620689655172414,-0.14,-0.7692307692307693,-0.5,0.1925925925925927,-0.9348466421257735,-0.9940338034885297,-0.9291010727719912,-0.8173636728039921,-0.7755238700769802,-0.9970374962256624,-1.007628303794069,-0.7755238700769802,-0.5869986227256642,0.0,0.0,0.0,-0.5,-0.75,-0.25,-0.6,0.0,1.0,0.0,0,1,0,0,0,0,0,0,1,0,0,0,0,0,0,1
954,0.5555555555555556,-0.7528735632183908,0.56,-0.6153846153846154,-0.5,-0.13756613756613756,-1.2892878110029888,-0.4989241280625301,-0.3037108592098977,-1.2571159733443953,-0.2862227858405282,-0.38223786481114475,0.3890734775391832,-0.041572243722302185,0.14183560789634314,-1.0,-2.0,0.0,-0.5,-0.5,-0.25,-0.4,-0.25,-2.0,-0.5,0,0,0,0,1,0,0,0,1,0,1,0,0,0,0,0
5079,-0.05555555555555555,0.3649425287356322,0.66,-0.38461538461538464,0.25,1.3481481481481483,0.0,-0.517325464837555,-0.5585111587055946,-0.2954802525074439,-0.5308733279587541,-0.5295595783247905,-1.007628303794069,-0.7755238700769802,-0.5264628207773835,1.0,1.0,0.0,1.0,-0.5,-0.25,-0.4,0.5,0.0,-0.5,0,1,0,0,0,0,1,0,0,0,0,0,0,0,0,1
10339,0.8888888888888888,0.04310344827586207,0.68,-0.3076923076923077,0.25,0.08754208754208763,0.0,-0.23903195647618428,-0.1399338114364445,-0.02568123413228979,-0.7755238700769802,-0.41408934665237235,-1.007628303794069,-0.7755238700769802,0.0,0.0,0.0,0.0,0.0,0.0,-0.25,-0.2,0.0,1.0,-0.5,0,0,0,1,0,0,0,0,0,1,0,0,0,0,0,1
4643,-0.16666666666666666,0.9080459770114943,-0.18,-0.46153846153846156,0.5,0.32098765432098764,-0.9395728869844615,-0.29871184467436385,-0.11512470846082287,-0.9873169549692411,0.38776193503849,-0.1410942626091846,0.43158467582904997,0.03718763921497886,0.3982537498170369,0.0,0.0,0.0,0.0,-0.25,-0.5,-0.2,0.5,0.0,0.0,0,1,0,0,0,0,0,0,1,0,0,0,1,0,0,0
3117,0.8333333333333334,-0.29310344827586204,0.92,0.0,1.0,0.1925925925925927,0.0,0.04715978239675148,0.16389420746509561,0.1380531169373258,-0.7755238700769802,-0.43106976387327783,0.0,-0.08870296647731721,1.0217586958039446,0.0,-1.0,0.0,0.5,0.5,-0.25,0.0,0.25,0.0,-0.5,0,0,1,0,0,0,0,0,0,1,0,0,0,0,0,1
6497,0.5555555555555556,0.6982758620689655,-0.34,0.15384615384615385,1.25,0.3965141612200436,0.008258950123104134,0.03295139144733134,0.05662579732021115,0.17260431712066743,-0.08870296647731721,-0.39783172338174416,0.02911296866803439,-0.08870296647731721,0.7548113759840491,0.0,0.0,0.0,1.0,0.5,0.0,0.0,0.5,0.0,0.0,0,1,0,0,0,0,0,0,0,1,0,0,0,0,0,1
5396,-1.0,0.5057471264367817,-0.02,1.1538461538461537,1.0,-0.7703703703703704,0.44002106897404203,0.45722294342610237,0.439738758224776,0.48814728518599165,0.1297907130420535,0.6632718350746011,0.3776858598750006,0.8127115092919589,0.7359716976857932,-1.0,-1.0,0.0,-0.5,1.25,1.25,1.6,-0.5,0.0,0.0,0,1,0,0,0,0,0,0,1,0,0,0,0,0,0,1
5250,1.5,-0.3275862068965517,0.52,0.5384615384615384,-0.75,-0.7003367003367003,0.0,0.507243502347339,0.7370279973735949,0.3705432664810604,0.9342616272351748,0.7551827719265947,0.9982183856014728,0.9342616272351748,0.9338367416070775,-1.0,-2.0,2.0,-0.5,0.25,0.75,1.2,-1.25,1.0,-0.5,0,0,0,0,1,0,0,0,1,0,0,0,0,0,0,1
1052,0.05555555555555555,0.40804597701149425,-0.5,0.9230769230769231,1.5,-0.32098765432098764,0.15357440351785112,0.34235839261354883,0.3034840708476372,0.4401323155749587,0.5175526480805436,0.33160680860721636,0.6199827071600946,0.590840233434414,0.2405736698080648,0.0,0.0,0.0,0.5,1.0,1.75,0.4,0.25,0.0,0.5,0,1,0,0,0,1,0,0,0,0,0,0,0,0,0,1
2802,-1.2222222222222223,0.5890804597701149,0.24,0.23076923076923078,-0.75,-0.6419753086419753,0.8061785136539008,0.32729355725566,0.5456747541604424,0.0393979572696202,0.37444125516027954,0.8368271695585262,0.6499854730410405,0.2446505421182259,0.3982537498170369,-1.0,-1.0,0.0,-0.5,0.0,1.0,0.4,-1.0,-1.0,-0.5,0,1,0,0,0,0,0,0,1,0,0,0,0,1,0,0
6343,0.6111111111111112,-0.764367816091954,-0.86,0.6153846153846154,-0.25,-0.7117552334943639,0.674420877949098,0.49621131838345967,0.687292702329195,0.5202953355314904,0.7436222620819857,0.6582913670170643,0.856395989010059,0.7436222620819857,0.32480597280315754,0.0,0.0,1.0,-0.5,0.5,1.75,0.4,-1.0,0.0,0.5,0,1,0,0,0,1,0,0,0,0,0,0,0,0,0,1
6507,-0.5555555555555556,-0.25287356321839083,-0.66,-0.5384615384615384,-1.25,0.48148148148148157,-0.7815227532927068,-0.7177209670600709,-0.7559996293047285,-0.7757215038103391,0.10153914919796193,-0.5527179709905995,-0.576043627965019,-0.7755238700769802,-0.3757191474672522,0.0,-1.0,0.0,0.0,-0.75,-0.25,-0.2,-0.75,0.0,0.5,0,0,1,0,0,0,0,0,1,0,0,0,0,0,0,1
7901,-0.05555555555555555,-0.34770114942528735,-0.2,-0.8461538461538461,-1.25,0.48148148148148157,-0.6267493196050915,-1.0533270027820778,-0.8970108754924192,-0.9522631819915691,-0.5308733279587541,-0.9273913017065346,-0.576043627965019,-0.5308733279587541,-0.9247165705944205,0.0,0.0,0.0,-0.5,-1.0,-0.5,-0.4,-0.5,1.0,0.0,0,1,0,0,0,0,0,0,1,0,0,0,0,0,0,1
4865,-0.2222222222222222,-0.15517241379310345,-0.94,0.46153846153846156,0.75,0.9629629629629629,0.0582750422626153,0.0037072046406314814,-0.13211677301653546,0.09092554702847123,-0.041572243722302185,0.2785717741620659,-0.06562641226476575,-0.2862227858405282,-0.4217083823231789,1.0,0.0,1.0,2.5,0.25,-0.25,0.6,0.25,1.0,0.5,1,0,0,0,0,0,0,0,1,0,0,0,0,0,0,1
2686,0.05555555555555555,-0.3017241379310345,0.0,-0.8461538461538461,-0.25,0.48148148148148157,-1.2709293646920532,-0.9940338034885297,-0.7998287813657498,-1.7183404416522603,-0.5308733279587541,-0.9970374962256624,0.08157014887009044,-0.5308733279587541,-0.8199621321402158,-1.0,-1.0,0.0,-0.5,-0.75,-0.5,-0.6,0.25,-2.0,0.0,0,0,0,1,0,0,0,0,1,0,1,0,0,0,0,0
3107,-0.3333333333333333,-0.8563218390804598,-0.36,-0.15384615384615385,-0.75,-0.5185185185185185,0.5020932616651639,-0.04553972933846514,0.0929036646804825,-0.12002761990280572,0.36059806427048563,0.23256176660337322,0.25689194028030826,0.20307829839592387,0.31159714487129303,0.0,0.0,0.0,-0.5,0.0,-0.25,0.4,-1.0,0.0,0.0,0,0,0,1,0,0,0,0,1,0,0,0,0,1,0,0
7734,-1.2777777777777777,0.5775862068965517,0.18,0.5384615384615384,-1.0,-0.7003367003367003,0.663279965460389,0.4142422807267491,0.5687987373686839,0.3301057171529728,0.8603321087721983,0.23560557943114058,1.098530133745074,0.6811734851375101,1.3137030435387185,-1.0,-2.0,3.0,-0.5,0.0,2.0,0.4,-1.25,0.0,0.0,0,0,1,0,0,1,0,0,0,0,0,0,0,0,0,1
1146,1.1666666666666667,0.8735632183908046,-0.88,0.8461538461538461,2.25,-0.07407407407407397,-0.04415221162650747,0.2922409008474469,0.23880820332686442,0.3629671563558302,0.0,0.4553926625382205,0.3659582635642842,0.6052486063887117,0.31159714487129303,0.0,0.0,2.0,1.0,1.5,0.75,0.4,0.5,1.0,0.5,0,0,0,1,0,0,0,0,0,1,0,0,0,0,0,1
11031,1.1111111111111112,0.13793103448275862,0.82,-0.7692307692307693,-0.75,0.1925925925925927,-0.08180302535691286,-0.8395592672661281,-0.6760112674860832,-0.6218052116277316,-0.5308733279587541,-0.6958495530356731,-0.576043627965019,-0.7755238700769802,-1.451179391371804,1.0,1.0,0.0,-0.5,-0.75,-0.5,-0.4,-0.25,2.0,-0.5,0,1,0,0,0,0,0,0,1,0,0,0,0,0,0,1
7428,-0.2777777777777778,-0.2413793103448276,-0.04,0.3076923076923077,-1.25,-0.6588693957115009,0.6805626772035676,0.4574933570146077,0.7450485300813674,0.10646864678855844,0.9505548025655839,0.7184632923000632,1.1630199222829647,1.0819748600999959,0.8460216456064592,-1.0,-1.0,0.0,-0.5,-0.25,1.25,0.6,-1.25,0.0,0.0,0,0,0,1,0,0,0,0,1,0,0,0,0,1,0,0
975,0.7777777777777778,0.11781609195402298,-0.48,0.0,0.25,0.9629629629629629,0.08344496423568092,-0.14947173358483143,-0.1830157239382102,0.00751903473909816,-0.20746290290324726,-0.352839017326429,-0.1444589521359689,-0.20746290290324726,0.33771794786875625,1.0,0.0,0.0,1.5,0.0,-0.25,0.0,0.0,0.0,0.5,0,0,1,0,0,0,0,0,1,0,0,0,0,0,0,1
1103,-0.3333333333333333,0.8103448275862069,0.22,0.38461538461538464,0.25,-0.38518518518518513,0.7142732073441743,0.6077907728807512,0.9836095641714616,0.7118948519045911,0.645248659877361,0.5392660004356735,0.5291915534463482,-0.7755238700769802,1.153065125801086,0.0,0.0,3.0,0.0,0.0,0.5,1.0,0.0,1.0,0.0,0,1,0,0,0,0,0,0,1,0,0,0,0,0,0,1
3422,-0.2777777777777778,0.6350574712643678,0.36,-0.38461538461538464,-0.25,-0.38518518518518513,0.6006825695863844,0.4599182218727644,1.1809418707118557,0.6164057929141098,0.1297907130420535,0.2445941468204277,0.3776858598750006,0.1297907130420535,0.6463380979458401,0.0,0.0,2.0,-0.5,-0.5,0.25,-0.2,0.0,0.0,-0.5,0,1,0,0,0,0,0,0,1,0,0,0,0,0,0,1
1055,-0.3333333333333333,-0.7327586206896551,-0.18,-0.7692307692307693,-1.0,0.1925925925925927,0.05359374107529256,-0.797007714698515,-0.6044592396335859,-0.5867514386500596,-0.7755238700769802,-0.7725050540976793,-0.576043627965019,-0.7755238700769802,-0.731393516412085,1.0,1.0,0.0,-0.5,-0.75,-0.5,-0.4,-0.5,1.0,0.0,0,1,0,0,0,0,0,0,1,0,0,0,0,0,0,1
6544,1.1666666666666667,-0.9137931034482759,0.28,0.9230769230769231,0.0,-0.32098765432098764,0.4270958911544471,0.3330150313570967,0.2867644634335965,0.36866535109125825,-0.7755238700769802,0.6334373028128846,0.6261693752021701,0.4129838139810195,-1.849433141188841,0.0,0.0,0.0,0.5,0.5,1.25,1.2,-0.75,2.0,-0.5,0,0,0,1,0,0,0,0,1,0,0,0,0,0,0,1
1241,-0.7777777777777778,0.8448275862068966,-0.96,-0.6923076923076923,0.25,0.9629629629629629,-1.9048607364948005,-0.7516705326433099,-0.6392933442860695,-0.840317816859585,-0.2862227858405282,-0.7725050540976793,-0.19072946429594947,-0.20746290290324726,-0.22158573742309376,0.0,0.0,1.0,0.0,-0.75,-0.5,-0.4,0.75,-1.0,0.5,0,1,0,0,0,0,0,0,1,0,0,0,1,0,0,0
2909,-0.2222222222222222,-0.6494252873563219,0.8,0.38461538461538464,0.5,-0.38518518518518513,0.6415747389110958,0.4285470031435539,0.6583016354111584,0.5575307761731214,0.36059806427048563,0.467147328102002,0.10538624670896068,0.36059806427048563,0.2252511961698712,0.0,0.0,2.0,0.0,1.0,0.5,0.2,-0.75,2.0,-0.5,0,1,0,0,0,0,0,0,0,1,0,0,0,0,0,1
5802,-0.1111111111111111,0.3735632183908046,-0.18,-0.6153846153846154,-0.25,-0.13756613756613756,-1.969071055688832,-0.6113388507169355,-0.49700676222888923,-1.3528286983107507,-0.041572243722302185,-0.6626115125441394,0.10538624670896068,0.1297907130420535,0.06511398322198858,-1.0,-1.0,0.0,-0.5,-0.5,-0.5,-0.2,0.0,-2.0,0.0,0,1,0,0,0,0,0,0,1,0,0,0,1,0,0,0
1407,-0.8888888888888888,0.7241379310344828,-0.88,-0.6153846153846154,0.0,0.6878306878306878,-1.4114944075075813,-0.7112896646823601,-0.6653163039185653,-1.1828754161455015,0.1297907130420535,-0.9273913017065346,-0.4630290774619893,0.2244761299230198,-0.1887448729086275,0.0,0.0,0.0,0.0,-0.5,-0.5,-0.4,0.25,-2.0,0.5,0,1,0,0,0,0,0,0,1,0,0,0,1,0,0,0
6183,0.4444444444444444,0.08045977011494253,-0.92,-0.5384615384615384,-0.75,-0.2407407407407407,0.20262715517059884,-0.3827984630776032,-0.1866767363133205,-0.3399065643304983,-0.5308733279587541,-0.15770542268316173,-0.24318664449800542,-0.14311139292026412,-0.047907629659445665,0.0,0.0,0.0,-0.5,-0.5,-0.25,-0.2,-0.5,1.0,0.5,0,1,0,0,0,0,0,0,1,0,0,0,0,0,0,1
340,0.0,0.5890804597701149,-0.96,0.3076923076923077,0.75,-0.35477582846003897,0.5369889128921108,0.08381813349453773,0.07403395350548524,-0.03190016522792321,0.48930108423645197,0.3718541556416287,-1.007628303794069,-0.7755238700769802,0.9292947518681286,0.0,-1.0,2.0,0.0,0.75,0.0,0.6,-0.25,0.0,0.5,1,0,0,0,0,0,0,0,1,0,0,0,0,1,0,0
5991,1.1666666666666667,0.08620689655172414,-0.5,-0.15384615384615385,0.75,0.3703703703703705,-0.09915299498410139,-0.14669134029227515,-0.08583362981154095,-0.0019066133931049845,-0.3877619350384901,-0.20269812873847687,-0.4630290774619893,-0.3877619350384901,0.3747991173108948,0.0,0.0,0.0,0.5,0.25,-0.25,-0.2,0.25,1.0,0.5,0,1,0,0,0,0,0,0,0,1,0,0,0,0,0,1
3104,0.5,0.8448275862068966,0.8,0.46153846153846156,-0.5,-0.6878306878306878,0.7217823784302142,0.5992308454461892,0.9352360323522765,0.5182995099508196,0.6696001163716948,1.0148718098331901,0.5445992263320798,0.7711392655696567,-0.12820907096034687,-1.0,-2.0,2.0,-0.5,0.25,0.25,1.4,-1.0,0.0,-0.5,0,0,1,0,0,0,0,0,1,0,0,0,0,1,0,0
9729,0.8333333333333334,0.10344827586206896,-0.02,0.6153846153846154,1.5,0.5442834138486312,0.1929153212015913,0.16245294597275872,0.08841510801727027,0.027360872407614818,0.07082795084356677,0.503405119408209,0.580665390703047,0.5601290350800188,0.5489974231271681,1.0,0.0,0.0,2.0,1.0,0.0,0.4,0.25,0.0,0.0,0,0,0,0,1,0,0,0,0,1,0,0,0,1,0,0
1008,-0.6111111111111112,0.5718390804597702,-0.36,0.6923076923076923,1.0,-0.7222222222222222,-0.20429257523181202,0.3496667444370331,0.3946111045235641,0.47473001839679707,0.2446505421182259,0.25912047841190844,-0.03144440163293923,0.0,0.9247165705944209,-1.0,-1.0,1.0,-0.5,0.75,0.25,1.6,0.0,2.0,0.0,0,0,0,1,0,0,0,0,1,0,0,0,0,0,0,1
11091,0.9444444444444444,-0.896551724137931,0.38,-0.6923076923076923,-1.0,0.9629629629629629,-0.605452407246216,-1.0533270027820778,-1.1220408582417003,-1.026503739190463,-0.3877619350384901,-0.7322577070632672,-0.576043627965019,-0.7755238700769802,-1.2182158819572526,1.0,1.0,0.0,0.0,-0.75,-0.5,-0.4,-0.5,0.0,-0.5,0,0,0,1,0,0,0,0,1,0,0,0,0,1,0,0
3969,-0.2222222222222222,-0.3333333333333333,-0.06,-0.6153846153846154,-0.5,-0.13756613756613756,-0.27162549551228377,-0.4016282321274053,-0.13373179435061394,-0.5260924866613763,-0.20746290290324726,-0.5077252649352844,-0.19072946429594947,-0.08870296647731721,0.5489974231271681,0.0,0.0,0.0,-0.5,-0.5,0.0,-0.6,-0.25,1.0,0.0,0,0,0,1,0,0,0,0,0,1,0,0,1,0,0,0
1916,0.8888888888888888,-0.04597701149425287,0.86,0.3076923076923077,1.25,0.557504873294347,-0.17786640704635417,0.036343989241332246,-0.009914280470947452,0.025605179011011343,-0.2862227858405282,0.37397048509216785,0.18839803133104463,-0.2862227858405282,0.32480597280315754,0.0,0.0,0.0,1.5,0.75,-0.25,0.2,0.25,1.0,-0.5,0,1,0,0,0,0,0,0,0,1,0,0,0,0,0,1
9907,0.05555555555555555,-0.4281609195402299,0.62,0.8461538461538461,0.25,-0.5185185185185185,0.39441224368696326,0.3467607132471823,0.33634234049147915,0.48105880130993933,0.4129838139810195,0.3097724952177102,0.2722996131660399,0.03718763921497886,0.4835297564776514,0.0,0.0,0.0,0.0,0.5,1.5,1.0,-0.5,1.0,-0.5,0,0,0,1,0,0,0,0,1,0,0,0,0,0,0,1
87,-0.6111111111111112,-0.14080459770114942,-0.66,-0.6153846153846154,0.0,0.6878306878306878,-0.9434306350826522,-0.7112896646823601,-0.6653163039185653,-1.7183404416522603,-0.041572243722302185,-0.9273913017065346,0.28712572369308104,-0.3877619350384901,-0.1887448729086275,0.0,0.0,0.0,0.0,-0.5,-0.5,-0.4,0.25,-1.0,0.5,0,1,0,0,0,0,0,0,1,0,1,0,0,0,0,0
8659,1.0,-0.5660919540229885,0.02,0.9230769230769231,-0.25,-0.5349794238683128,0.469192051245044,0.3557672608790923,0.3274973681166362,0.48462192105873514,0.733951626354678,0.3610929795552803,0.02911296866803439,0.07082795084356677,-0.10017625718049661,0.0,0.0,0.0,0.0,0.5,1.5,1.2,-1.0,2.0,0.0,0,0,0,1,0,0,0,0,1,0,0,0,0,0,0,1
6262,0.4444444444444444,0.2557471264367816,0.88,0.5384615384615384,-1.0,-0.7003367003367003,0.5211776624286473,0.5093640020045186,0.7408708528701025,0.5126466509395147,0.5520147438379108,0.722721937173671,0.5737121950001144,0.6514958340044109,1.0483106873468813,-1.0,-2.0,0.0,-0.5,-0.25,2.0,0.6,-1.0,1.0,-0.5,0,0,1,0,0,1,0,0,0,0,0,0,0,0,0,1
6147,-0.05555555555555555,0.7557471264367817,0.04,-0.8461538461538461,-0.5,0.48148148148148157,-1.0529260716698279,-0.9676089527659227,-0.7559996293047285,-1.1222164641568182,-0.3877619350384901,-0.7725050540976793,-0.576043627965019,-0.3877619350384901,-0.5264628207773835,0.0,-1.0,0.0,-0.5,-1.0,-0.25,-0.6,0.25,0.0,0.0,1,0,0,0,0,0,0,0,1,0,0,0,1,0,0,0
8832,-0.3333333333333333,0.8591954022988506,-0.5,-0.46153846153846156,0.25,0.32098765432098764,-0.481338406122531,-0.43030853548879694,-0.34436301544920916,-0.5081041530991438,-0.14311139292026412,-0.06740573948219951,0.0,0.0,-0.8199621321402158,0.0,0.0,0.0,0.0,-0.25,-0.5,-0.2,0.25,1.0,0.5,0,0,0,1,0,0,0,0,1,0,0,0,0,1,0,0
10067,-0.3333333333333333,-0.09482758620689655,0.6,-0.8461538461538461,-0.25,0.48148148148148157,-1.0914603910656757,-1.2369046798572463,-1.1855559147687382,-1.1828754161455015,-0.7755238700769802,-0.9970374962256624,-1.007628303794069,-0.7755238700769802,-0.8199621321402158,1.0,1.0,0.0,-0.5,-0.75,-0.5,-0.6,0.25,-1.0,-0.5,0,0,0,1,0,0,0,0,1,0,0,0,1,0,0,0
7532,-0.5555555555555556,0.896551724137931,-0.46,-0.38461538461538464,0.5,0.7703703703703704,-0.2515515651165272,-0.40439821186437,-0.3663224946899757,-0.18618592233087805,-0.3877619350384901,-0.6626115125441394,-0.37536818175688036,-0.7755238700769802,-0.22158573742309376,0.0,0.0,0.0,0.5,-0.25,-0.5,-0.2,0.5,0.0,0.5,0,1,0,0,0,0,0,0,1,0,0,0,0,0,0,1
4915,0.7777777777777778,0.9741379310344828,0.74,0.6153846153846154,0.25,0.0418679549114332,0.05434141226090324,0.22675905882067743,0.20276432279613235,0.0037807580326851397,0.7388200638697252,0.14348252050682764,0.9251630866362227,0.3154784929617928,1.275062690752012,0.0,0.0,0.0,1.0,0.25,0.0,1.4,-0.25,-1.0,-0.5,0,1,0,0,0,0,0,0,1,0,0,0,1,0,0,0
2115,0.7222222222222222,-0.9971264367816092,0.38,-0.6153846153846154,-0.75,0.6878306878306878,-0.0379101747117251,-0.6579475202109681,-0.5759606742650076,-0.3850881616687997,-0.7755238700769802,-0.6958495530356731,-1.007628303794069,-0.7755238700769802,-1.2182158819572526,1.0,1.0,1.0,0.0,-0.75,-0.5,-0.2,-0.25,0.0,-0.5,0,0,0,1,0,0,0,0,1,0,0,0,0,0,0,1
2088,-0.1111111111111111,-0.25287356321839083,0.98,0.6923076923076923,-0.5,-0.7222222222222222,0.7688940497875985,0.5227452828186081,0.7068579286694531,0.5792252647818541,0.20307829839592387,0.690944100308332,0.8014911666123883,0.436522943019284,0.6463380979458401,-1.0,-1.0,3.0,-0.5,0.25,1.0,1.4,-1.0,0.0,-0.5,0,0,0,1,0,0,0,0,1,0,0,0,0,0,0,1
2493,0.2222222222222222,-0.07183908045977011,-0.3,0.23076923076923078,0.75,-0.32098765432098764,0.2700112809811781,0.15822672207775854,0.24198673034307575,0.23720063016991322,-0.7755238700769802,0.17672056099836142,0.16923104457519936,0.03718763921497886,0.8916052618716774,0.0,0.0,0.0,0.0,0.75,-0.25,0.6,-0.25,0.0,0.0,0,1,0,0,0,0,0,0,1,0,0,0,0,0,0,1
6292,-0.8888888888888888,0.28735632183908044,0.22,0.23076923076923078,-0.75,-0.6419753086419753,0.7218009658564765,0.5636726817070331,0.9741897164187588,0.6702377664982573,-0.7755238700769802,0.636633944804024,0.5048840918141492,0.8127115092919589,-0.1887448729086275,-1.0,-1.0,2.0,-0.5,0.0,0.25,1.0,-1.0,2.0,0.0,0,1,0,0,0,0,0,0,1,0,0,0,0,0,0,1
1631,0.2777777777777778,0.8850574712643678,-0.92,0.6153846153846154,1.25,0.0418679549114332,0.36522121100709726,0.43377176053341493,0.5744042326666746,0.5414937861904796,0.6923793826323759,0.5579688645108356,-1.007628303794069,0.37444125516027954,-0.3757191474672522,-1.0,-1.0,1.0,1.0,1.0,0.5,0.4,0.0,2.0,0.5,0,0,0,1,0,0,0,0,0,1,0,0,0,0,0,1
10104,-0.2222222222222222,-0.3390804597701149,0.32,-0.8461538461538461,-0.25,0.48148148148148157,-0.6502135661937315,-1.4002902633125198,-1.4220966163198643,-1.1828754161455015,-0.7755238700769802,-1.1921710908689298,-1.007628303794069,-0.7755238700769802,-1.2182158819572526,2.0,2.0,0.0,-0.5,-0.75,-0.5,-0.6,0.25,0.0,-0.5,0,0,0,1,0,0,0,0,1,0,0,0,0,0,0,1
3006,-0.3333333333333333,0.22126436781609196,0.68,-0.7692307692307693,-0.25,0.1925925925925927,-0.7734032839191677,-0.8134455571304952,-0.6321821154250621,-0.7567047208153088,-0.7755238700769802,-0.577371459454412,-0.19072946429594947,-0.2862227858405282,-1.2182158819572526,0.0,-1.0,0.0,-0.5,-0.75,-0.5,-0.4,0.25,0.0,-0.5,1,0,0,0,0,0,0,0,1,0,0,0,0,0,0,1
3919,-0.3333333333333333,0.34195402298850575,0.3,0.38461538461538464,-0.25,-0.674074074074074,0.5231259888726886,0.5851472482287291,0.9424179290031067,0.566656117498712,-0.7755238700769802,0.9798016483775513,0.5369709225380106,0.5175526480805436,-1.849433141188841,-1.0,-2.0,2.0,-0.5,0.25,1.0,0.6,-0.75,1.0,-0.5,0,0,1,0,0,0,0,0,1,0,0,0,0,0,0,1
11181,1.1666666666666667,-0.14942528735632185,0.72,-1.1538461538461537,-2.25,-0.9629629629629629,1.7088635035597544,-1.4002902633125198,-2.168181965153645,-1.3528286983107507,-0.5308733279587541,-1.1921710908689298,-0.7353286906280291,-0.5308733279587541,-1.451179391371804,-1.0,-1.0,0.0,-1.0,-1.0,-0.5,-1.0,-1.5,2.0,-0.5,0,1,0,0,0,0,0,1,0,0,0,0,0,0,0,1
642,-0.5555555555555556,0.9425287356321839,0.4,-0.5384615384615384,0.25,1.2037037037037037,-1.7846668775840326,-0.49535124455974716,-0.38204627804548397,-1.4877282074983278,-0.2862227858405282,-1.1921710908689298,0.18839803133104463,0.436522943019284,0.3747991173108948,0.0,0.0,0.0,0.5,-0.5,-0.25,-0.6,0.5,-2.0,-0.5,0,1,0,0,0,0,1,0,0,0,0,0,1,0,0,0
4369,0.7222222222222222,-0.5344827586206896,-0.02,0.15384615384615385,-1.0,0.05664488017429206,0.37147340155239267,0.39967805518385985,0.7147531823022323,0.10646864678855844,0.7137772141594719,0.7628845749298221,1.0737907797784279,-0.7755238700769802,1.0807395341241672,-1.0,-2.0,0.0,0.5,-0.25,0.75,0.2,-1.0,1.0,0.0,0,0,1,0,0,0,0,0,1,0,0,0,0,1,0,0
10127,0.2777777777777778,-0.7816091954022989,-0.56,0.0,1.5,-0.5777777777777777,0.20382703458382856,-0.0009326374825146914,0.07840689940008336,0.1815364811478414,0.10153914919796193,-0.03528628394443194,-0.37536818175688036,-0.041572243722302185,-0.4217083823231789,0.0,0.0,0.0,-0.5,1.0,0.0,-0.2,0.25,0.0,0.5,0,1,0,0,0,0,0,0,0,1,0,0,0,0,0,1
271,0.05555555555555555,-0.2471264367816092,-0.38,0.0,0.0,0.9629629629629629,-0.3605329989938688,-0.1579405899582765,-0.19777969998378017,-0.04037713657001547,-0.7755238700769802,-0.10989354155354014,-0.24318664449800542,0.10153914919796193,0.2405736698080648,1.0,0.0,1.0,1.5,-0.25,0.5,-0.4,0.0,0.0,0.5,0,0,0,0,1,0,1,0,0,0,0,0,0,0,0,1
4973,0.0,-0.882183908045977,-0.2,-0.7692307692307693,-0.25,0.1925925925925927,-1.3994048340612655,-1.0079898207268727,-0.951369171036892,-1.3528286983107507,-0.2862227858405282,-0.8685062832737553,-0.37536818175688036,-0.5308733279587541,-0.5264628207773835,0.0,-1.0,0.0,-0.5,-0.75,-0.25,-0.6,0.25,0.0,0.0,0,0,1,0,0,0,0,0,1,0,0,0,1,0,0,0
2948,0.8888888888888888,-0.6781609195402298,0.54,-0.38461538461538464,-1.25,-0.38518518518518513,0.30337999419095335,-0.2803713637483695,-0.15092552665863845,-0.1699532821652493,0.1297907130420535,-0.12517543890733063,-0.37536818175688036,0.1297907130420535,-0.8199621321402158,0.0,-1.0,0.0,-0.5,-0.5,0.0,0.0,-1.0,1.0,-0.5,1,0,0,0,0,0,0,0,1,0,0,0,0,0,0,1
2715,0.2222222222222222,0.9655172413793104,-0.76,-0.3076923076923077,0.75,1.1380471380471382,-0.8522829694509543,-0.29044802444689616,-0.2297276590911033,-0.3001335189415751,-0.2862227858405282,-0.2222919870910548,-0.37536818175688036,-0.3877619350384901,0.5489974231271681,1.0,0.0,1.0,1.0,-0.25,0.0,-0.6,0.75,1.0,0.5,1,0,0,0,0,0,1,0,0,0,0,0,0,0,0,1
10432,-0.2222222222222222,-0.5919540229885057,-0.46,-0.7692307692307693,0.0,0.1925925925925927,-1.494549354334723,-1.0533270027820778,-1.0229211988893891,-1.3528286983107507,-0.7755238700769802,-0.7322577070632672,-0.4630290774619893,-0.08870296647731721,-1.2182158819572526,0.0,-1.0,0.0,-0.5,-0.75,-0.5,-0.4,0.5,0.0,0.5,1,0,0,0,0,0,0,0,1,0,0,0,0,1,0,0
9216,-0.05555555555555555,-0.5718390804597702,-0.3,-0.6153846153846154,-0.25,0.6878306878306878,-0.5532151635257532,-0.8051353070497679,-0.8195146858317665,-0.6609919958489534,-0.3877619350384901,-0.6626115125441394,-0.4630290774619893,-0.5308733279587541,-0.9247165705944205,1.0,1.0,0.0,0.0,-0.5,-0.5,-0.4,0.0,0.0,0.0,0,1,0,0,0,0,0,0,1,0,0,0,0,0,0,1
7124,0.1111111111111111,0.4511494252873563,0.46,-0.23076923076923078,-0.5,1.4444444444444444,-0.5023713335407364,-0.528822470621309,-0.6887053969097824,-0.4593287188676936,-0.20746290290324726,-0.6320354792626287,-0.1444589521359689,-0.7755238700769802,0.06511398322198858,1.0,0.0,0.0,1.5,-0.5,-0.25,-0.2,-0.25,0.0,-0.5,1,0,0,0,0,0,1,0,0,0,0,0,0,0,0,1
9727,0.7222222222222222,-0.6752873563218391,-0.72,-0.6153846153846154,-0.25,-0.13756613756613756,-1.1943466818129178,-0.5832399791825652,-0.4490492317952098,-1.1828754161455015,0.36059806427048563,-0.6626115125441394,0.10538624670896068,-0.5308733279587541,0.022534602349784674,-1.0,-1.0,0.0,-0.5,-0.5,-0.5,-0.2,0.0,0.0,0.5,0,1,0,0,0,0,0,0,1,0,0,0,1,0,0,0
5136,-0.16666666666666666,-0.5545977011494253,0.18,1.0,1.5,0.48148148148148157,0.3678703873907379,0.2586406426357105,0.13021212370111582,0.43911797598870694,-0.041572243722302185,0.11959996366442333,-1.007628303794069,0.20307829839592387,0.12359411675246054,0.0,-1.0,2.0,2.5,1.25,0.5,0.6,0.0,0.0,0.0,0,0,1,0,0,0,0,0,0,1,0,0,0,0,0,1
9790,0.7222222222222222,-0.39655172413793105,-0.74,0.3076923076923077,1.5,-0.6588693957115009,0.6488245781866931,0.44846361597047696,0.7286834936063976,0.5496088989067706,0.7388200638697252,0.352260297289051,0.5131548246991405,0.49897171996375944,0.784899858181708,-1.0,-2.0,2.0,-0.5,1.75,0.25,-0.2,-0.5,0.0,0.5,0,0,1,0,0,0,0,0,0,1,0,0,0,0,0,1
1818,-0.05555555555555555,-0.7471264367816092,-0.52,-0.7692307692307693,0.5,0.1925925925925927,-0.8369194151633809,-0.8580526489864454,-0.7068854999807795,-0.6343615367458626,-0.7755238700769802,-0.7725050540976793,-1.007628303794069,-0.5308733279587541,-0.9247165705944205,0.0,0.0,0.0,-0.5,-0.5,-0.5,-0.6,0.75,2.0,0.5,0,0,0,1,0,0,0,0,0,1,0,0,0,0,0,1
1100,0.5555555555555556,-0.7442528735632183,-0.32,-0.3076923076923077,-0.25,1.1380471380471382,-0.3349225222619939,-0.6866278235723599,-0.892278339609439,-0.6474103906387431,-0.20746290290324726,-0.41408934665237235,-1.007628303794069,-0.3877619350384901,-0.5264628207773835,2.0,2.0,0.0,1.0,-0.25,-0.25,-0.4,-0.25,1.0,0.0,0,0,0,1,0,0,1,0,0,0,0,0,0,0,0,1
7873,-0.16666666666666666,0.005747126436781609,-0.38,0.07692307692307693,0.0,0.48148148148148157,0.3247063802780921,-0.1023676490626388,-0.14227424850619871,-0.06952128478764265,0.10153914919796193,0.20071028476214547,0.08157014887009044,0.18029903213524281,-0.8199621321402158,1.0,1.0,0.0,1.0,0.0,-0.25,0.4,-0.25,2.0,0.5,0,0,0,1,0,0,0,0,1,0,0,0,0,0,0,1
10609,0.4444444444444444,-0.27586206896551724,-0.68,-0.5384615384615384,-1.0,0.48148148148148157,-0.28050921410675844,-0.5529478001162654,-0.4806417257539197,-0.2954802525074439,-0.7755238700769802,-0.6037264941113603,-0.4630290774619893,-0.5308733279587541,-1.849433141188841,0.0,0.0,0.0,0.0,-0.75,-0.25,-0.2,-0.5,2.0,0.5,0,1,0,0,0,0,0,0,1,0,0,0,0,0,0,1
6950,0.6666666666666666,-0.45977011494252873,-0.48,-0.6153846153846154,0.0,0.6878306878306878,-0.05461251957393616,-0.7309291770348686,-0.6979201400610848,-0.5260924866613763,-0.5308733279587541,-0.5295595783247905,-1.007628303794069,-0.5308733279587541,-1.451179391371804,1.0,1.0,0.0,0.0,-0.5,-0.5,-0.4,0.25,1.0,0.5,0,1,0,0,0,0,0,0,1,0,0,0,0,0,0,1
7233,-0.1111111111111111,0.8448275862068966,-0.9,0.07692307692307693,0.0,-0.2407407407407407,0.4560697511777874,0.5554684502252414,1.0384968546858122,0.34727687169716787,0.4585898858820568,0.9648194736666404,1.1286956021760988,0.5981179371223457,0.9428144041028813,-1.0,-1.0,1.0,0.0,0.25,0.25,0.2,-0.5,0.0,0.5,0,1,0,0,0,0,0,0,1,0,0,0,0,1,0,0
9481,-0.3333333333333333,-0.5862068965517241,0.62,-0.3076923076923077,0.5,1.1380471380471382,-1.6791079012618009,-0.6470705429580874,-0.8292687659125266,-0.9522631819915691,0.03718763921497886,-0.6626115125441394,0.02911296866803439,0.07082795084356677,-0.22158573742309376,0.0,0.0,0.0,1.0,-0.25,-0.25,-0.4,0.5,0.0,-0.5,0,1,0,0,0,0,1,0,0,0,0,0,1,0,0,0
7699,0.05555555555555555,-0.2471264367816092,-0.38,0.0,0.0,0.9629629629629629,-0.3605329989938688,-0.1579405899582765,-0.19777969998378017,-0.04037713657001547,-0.7755238700769802,-0.10989354155354014,-0.24318664449800542,0.10153914919796193,0.2405736698080648,1.0,0.0,1.0,1.5,-0.25,0.5,-0.4,0.0,0.0,0.5,0,0,0,0,1,0,1,0,0,0,0,0,0,0,0,1
2711,-0.3333333333333333,0.031609195402298854,-0.86,-0.7692307692307693,-0.25,0.1925925925925927,-0.7948845774338,-0.9312067425426861,-0.8275516571572257,-0.9522631819915691,-0.5308733279587541,-0.9273913017065346,-0.37536818175688036,-0.14311139292026412,-0.6546718917377307,0.0,0.0,0.0,-0.5,-0.75,-0.5,-0.4,0.25,1.0,0.5,0,0,0,1,0,0,0,0,1,0,0,0,0,0,0,1
8933,-0.7222222222222222,-0.8850574712643678,-0.66,-0.5384615384615384,-0.25,0.48148148148148157,-0.7174564611433578,-0.6579475202109681,-0.6574041815962924,-0.6218052116277316,-0.2862227858405282,-0.39783172338174416,-0.37536818175688036,-0.041572243722302185,-1.0529256415547674,0.0,0.0,0.0,0.0,-0.5,-0.5,-0.2,0.0,-1.0,0.5,0,1,0,0,0,0,0,0,1,0,0,0,0,0,0,1
8726,0.3333333333333333,-0.8477011494252874,0.16,-0.15384615384615385,0.0,1.2592592592592595,-0.31876859175202044,-0.30291405541530486,-0.3575501511747194,-0.26884979340435305,0.0,-0.15770542268316173,-0.06562641226476575,0.07082795084356677,0.022534602349784674,1.0,0.0,0.0,1.5,-0.25,-0.25,-0.2,0.0,-1.0,0.0,1,0,0,0,0,0,1,0,0,0,0,0,0,0,0,1
1515,-0.2777777777777778,-0.5689655172413793,-0.8,-0.7692307692307693,-1.25,0.1925925925925927,-0.6237462683791374,-0.9676089527659227,-0.8866424885846788,-0.8916042300028858,-0.3877619350384901,-0.8174977601529947,-0.37536818175688036,-0.3877619350384901,-1.2182158819572526,0.0,0.0,0.0,-0.5,-0.75,-0.5,-0.4,-0.75,1.0,0.5,0,0,0,1,0,0,0,0,1,0,0,0,0,0,0,1
5186,0.8333333333333334,-0.7097701149425287,0.2,0.5384615384615384,1.0,-0.43771043771043766,0.19834165200185178,0.2262542252053394,0.23115086253808323,0.3969335587314628,-0.041572243722302185,0.2040176343294115,0.16923104457519936,-0.041572243722302185,-0.6546718917377307,0.0,0.0,1.0,0.0,0.75,0.5,0.8,0.0,2.0,0.0,0,1,0,0,0,0,0,0,1,0,0,0,0,0,0,1
10157,0.2777777777777778,-0.5775862068965517,0.58,-0.23076923076923078,-0.25,-0.48148148148148145,0.22952768341985136,-0.13577422077211654,-0.014646816353927566,-0.22123969530855014,0.20307829839592387,0.1070743664792335,0.3890734775391832,0.5520147438379108,-0.8199621321402158,0.0,-1.0,0.0,-0.5,0.0,-0.25,0.2,-0.5,0.0,-0.5,0,0,1,0,0,0,0,0,1,0,0,0,0,0,0,1
5667,0.3333333333333333,0.7758620689655172,0.82,0.8461538461538461,1.5,-0.2962962962962962,0.26024166315211866,0.538275663284018,0.6814196520253742,0.5845168773481123,0.436522943019284,0.676881291838436,0.6073091790136942,0.5834093037298083,1.044591847762877,0.0,0.0,1.0,0.5,1.25,2.0,-0.2,0.0,2.0,-0.5,0,1,0,0,0,1,0,0,0,0,0,0,0,0,0,1
902,-0.5555555555555556,-0.6867816091954023,0.5,-0.15384615384615385,0.75,-0.5185185185185185,0.3120774350959746,-0.08791145391541316,0.017808595320528385,0.08361309604427607,0.1297907130420535,-0.12517543890733063,-0.37536818175688036,0.1297907130420535,-0.3757191474672522,0.0,0.0,0.0,-0.5,0.5,0.0,-0.2,0.0,0.0,-0.5,0,0,0,1,0,0,0,0,0,1,0,0,0,0,0,1
977,0.7222222222222222,-0.06896551724137931,-0.78,0.38461538461538464,0.5,0.7703703703703704,-0.12576262557517892,0.01639734184973665,-0.07832950759220987,0.046085682477735444,0.28183818133320476,0.19061287337582528,0.5369709225380106,0.20307829839592387,-0.12820907096034687,0.0,0.0,0.0,2.0,0.25,-0.25,0.6,0.0,0.0,0.5,0,0,0,1,0,0,0,0,1,0,0,0,0,0,0,1
7313,1.1666666666666667,0.10057471264367816,0.28,0.6153846153846154,0.0,-0.7117552334943639,0.5761643614448171,0.5074797147896105,0.7076959365496105,0.39345579403443115,0.7436222620819857,0.8412000307549318,0.9164650493643182,0.8603321087721983,0.6235049459869083,-1.0,-2.0,1.0,-0.5,0.5,0.75,1.2,-0.75,-1.0,-0.5,0,0,0,0,1,0,0,0,1,0,0,0,0,1,0,0
7600,-1.2222222222222223,-0.3218390804597701,-0.72,-0.6923076923076923,-0.25,0.9629629629629629,-1.8583110686602644,-0.9550724787901951,-0.9705004685705578,-1.4877282074983278,-0.2862227858405282,-1.0822775493153898,-0.1444589521359689,-0.5308733279587541,-0.3331397665950483,0.0,-1.0,0.0,0.0,-0.75,-0.5,-0.4,0.25,-2.0,0.5,0,0,1,0,0,0,0,0,1,0,0,0,1,0,0,0
9706,-0.2222222222222222,0.040229885057471264,0.98,-0.5384615384615384,0.25,0.48148148148148157,-0.7456105660949625,-0.528822470621309,-0.4394705659349575,-0.3399065643304983,-0.5308733279587541,-0.448840246502505,-0.37536818175688036,-0.7755238700769802,-0.6546718917377307,0.0,-1.0,0.0,0.0,-0.5,-0.25,-0.4,0.5,2.0,-0.5,0,0,1,0,0,0,0,0,1,0,0,0,0,0,0,1
2429,0.8888888888888888,0.41379310344827586,-0.9,0.38461538461538464,-0.5,-0.09629629629629628,0.5180806524648467,0.4495699460875344,0.6963544310820763,0.36991847169353154,0.7240085428146419,0.5682589544156021,0.9633865066633797,0.9661289226725314,1.0332886889407826,0.0,-1.0,0.0,0.5,0.25,0.5,0.6,-1.0,0.0,0.5,1,0,0,0,0,0,0,0,1,0,0,0,0,0,0,1
3520,-1.1111111111111112,0.2959770114942529,0.9,-0.07692307692307693,-0.5,-0.9629629629629629,0.8778597012213095,0.37450362329110004,0.7991806420597458,-0.02363382381512742,0.4129838139810195,0.9506274386462971,-1.007628303794069,0.4129838139810195,0.4735371792226165,-1.0,-2.0,5.0,-1.0,0.0,0.25,0.4,-0.75,1.0,-0.5,0,0,1,0,0,0,0,0,1,0,0,0,0,1,0,0
10394,-0.7777777777777778,-0.4827586206896552,0.84,0.23076923076923078,-1.0,-0.6419753086419753,0.8580597724070181,0.486593015535473,0.8340863796589673,0.4496173681605351,0.9810447811547524,0.25912047841190844,0.7813408369111856,1.0819748600999959,1.304283837344046,-1.0,-1.0,3.0,-0.5,0.0,1.5,0.0,-1.25,0.0,-0.5,0,1,0,0,0,1,0,0,0,0,0,0,0,0,0,1
4548,-0.6111111111111112,-0.39655172413793105,0.34,-0.7692307692307693,-1.0,0.1925925925925927,-0.3094783111603819,-0.7309291770348686,-0.4920557112529988,-0.6609919958489534,-0.20746290290324726,-0.6958495530356731,-1.007628303794069,-0.3877619350384901,-0.25641814192069373,1.0,0.0,0.0,-0.5,-0.75,-0.5,-0.4,-0.5,0.0,-0.5,0,0,1,0,0,0,0,0,1,0,0,0,0,0,0,1
9362,0.2777777777777778,-0.6896551724137931,-0.7,0.23076923076923078,1.5,-0.6419753086419753,0.457263330747068,0.13310395215750595,0.19714429597610356,0.3445883469533741,-0.14311139292026412,-0.2761835162644227,0.02911296866803439,-0.14311139292026412,-0.07344777701387911,0.0,-1.0,1.0,-0.5,1.25,-0.25,0.4,0.0,0.0,0.5,0,0,1,0,0,0,0,0,0,1,0,0,0,0,0,1
3968,0.0,0.028735632183908046,0.56,0.9230769230769231,2.25,-0.7489711934156378,0.3765826034682066,0.4090403417232454,0.4231047241213574,0.5517881848204311,0.07082795084356677,0.24754394131428417,0.02911296866803439,-0.7755238700769802,0.947251172944205,-1.0,-2.0,4.0,-0.5,1.75,0.25,1.4,0.25,-1.0,-0.5,1,0,0,0,0,0,0,0,1,0,0,0,0,0,0,1
4084,-0.2777777777777778,-0.5545977011494253,-0.16,0.6153846153846154,0.25,-0.4605475040257649,0.26119632170770707,0.29181804137792416,0.3190443991359517,0.08361309604427607,1.0068537323169957,0.3171901358334121,1.0597948104338064,0.8280598458480344,0.45301504376350465,0.0,0.0,0.0,0.0,0.5,0.5,1.2,-0.5,0.0,0.0,0,0,0,1,0,0,0,0,1,0,0,0,0,0,0,1
6721,1.0555555555555556,-0.0603448275862069,-0.56,0.15384615384615385,0.0,0.05664488017429206,0.5158282048820908,0.4133295927295768,0.7394919363538804,0.3946190928649872,0.28183818133320476,0.5500652069355887,0.5369709225380106,0.5175526480805436,1.3206674768081301,0.0,0.0,0.0,0.5,0.5,0.25,0.0,-0.75,0.0,0.5,0,1,0,0,0,0,0,0,0,1,0,0,0,0,0,1
2829,0.8333333333333334,-0.7040229885057471,-0.48,0.5384615384615384,1.5,-0.43771043771043766,0.36498654959530197,0.2262542252053394,0.23115086253808323,0.42458261056513524,-0.7755238700769802,0.016491618064316718,-1.007628303794069,-0.041572243722302185,0.08527600666061479,0.0,0.0,2.0,0.0,1.25,0.25,0.6,0.0,0.0,0.5,0,1,0,0,0,0,0,0,0,1,0,0,0,0,0,1
1772,-0.2777777777777778,0.5114942528735632,-0.94,0.3076923076923077,-0.5,-0.6588693957115009,0.6619275382771583,0.605986032520596,1.014830466752855,0.6039526475538478,0.5083844410841468,0.776368203745514,1.0618250232291044,0.8242848780577742,0.947251172944205,-1.0,-1.0,3.0,-0.5,0.25,1.0,0.4,-1.0,2.0,0.5,0,1,0,0,0,0,0,0,1,0,0,0,0,0,0,1
1544,0.16666666666666666,0.5689655172413793,0.04,0.15384615384615385,-0.75,-0.6230936819172113,0.7039839418304037,0.577801454405045,1.038363533450377,0.48061071622324253,0.7189299498162411,0.8851561106957909,1.1200612919384083,0.7189299498162411,0.8190421019838582,-1.0,-2.0,0.0,-0.5,0.0,0.0,1.0,-1.0,1.0,0.0,1,0,0,0,0,0,0,0,1,0,0,0,0,0,0,1
492,-0.16666666666666666,0.7557471264367817,-0.92,0.3076923076923077,1.5,0.557504873294347,-0.09021642240653613,0.02520229510230799,-0.029556383708214454,0.2039025505888449,-0.2862227858405282,-0.10989354155354014,-0.37536818175688036,-0.2862227858405282,0.31159714487129303,0.0,-1.0,0.0,1.5,0.75,-0.25,0.2,0.5,2.0,0.5,0,0,1,0,0,0,0,0,0,1,0,0,0,0,0,1
4377,-0.05555555555555555,0.5229885057471264,-0.34,0.0,1.25,-0.19259259259259257,0.04522947827412931,0.13762546518885727,0.3255816654332793,0.12525526503792894,0.07082795084356677,-0.15770542268316173,0.3413974350728991,0.07082795084356677,1.2700446788566904,0.0,0.0,1.0,0.0,0.75,0.25,-0.4,0.25,0.0,0.0,0,1,0,0,0,0,0,0,0,1,0,0,0,0,0,1
4541,0.8333333333333334,-0.3103448275862069,0.7,-0.23076923076923078,-0.25,0.0,-0.42380547606617064,-0.15937111617477678,-0.05626334692942746,-0.13395028421677588,-0.08870296647731721,0.07614446889381445,-0.24318664449800542,-0.08870296647731721,0.29807749263654026,0.0,0.0,0.0,0.0,-0.25,-0.25,0.2,-0.25,0.0,-0.5,0,0,0,1,0,0,0,0,1,0,0,0,0,0,0,1
1321,-0.2222222222222222,-0.34195402298850575,0.0,-0.46153846153846156,0.5,0.9629629629629629,-1.038237825194907,-0.7177209670600709,-0.8254588476399219,-0.6751517126322198,-0.3877619350384901,-0.48707177625345005,-1.007628303794069,-0.3877619350384901,-0.3757191474672522,0.0,0.0,0.0,0.5,-0.25,-0.5,-0.4,0.5,0.0,0.0,0,1,0,0,0,0,0,0,0,1,0,0,0,0,0,1
8858,-0.1111111111111111,0.35344827586206895,0.4,0.46153846153846156,1.75,0.13756613756613756,-0.22582229896022651,0.11580843537709383,0.06526615931257038,0.36040295771634745,-0.7755238700769802,-0.43106976387327783,-1.007628303794069,-0.7755238700769802,-0.8199621321402158,0.0,0.0,1.0,1.0,1.0,0.0,0.4,0.5,2.0,-0.5,0,1,0,0,0,0,0,0,0,1,0,0,0,0,0,1
3266,0.3333333333333333,-0.8304597701149425,0.94,-0.6153846153846154,-1.5,-0.13756613756613756,-0.28933683474756583,-0.4243917602092659,-0.17369132824440098,-0.8173636728039921,0.49897171996375944,-0.6626115125441394,-0.4630290774619893,0.38776193503849,0.20950887690840939,-1.0,-1.0,0.0,-0.5,-0.75,-0.25,-0.2,-1.0,0.0,-0.5,0,1,0,0,0,0,0,0,1,0,0,1,0,0,0,0
11187,-0.4444444444444444,0.14080459770114942,-0.52,-0.46153846153846156,-0.5,0.9629629629629629,-1.0137775091630297,-0.6417497235944941,-0.7016413337602555,-1.3528286983107507,0.0,-0.6958495530356731,0.0,0.18029903213524281,-0.02345463250614205,0.0,-1.0,0.0,0.5,-0.5,-0.25,-0.4,-0.25,-2.0,0.5,0,0,1,0,0,0,0,0,1,0,0,0,1,0,0,0
8207,0.7222222222222222,-0.7270114942528736,-0.62,-0.7692307692307693,-1.0,0.1925925925925927,0.05442765851238086,-0.8395592672661281,-0.6760112674860832,-0.5980305908885469,-0.7755238700769802,-0.7322577070632672,-0.4630290774619893,-0.7755238700769802,-1.849433141188841,0.0,0.0,0.0,-0.5,-0.75,-0.5,-0.4,-0.5,-1.0,0.5,0,1,0,0,0,0,0,0,1,0,0,0,0,0,0,1
9723,0.5555555555555556,0.514367816091954,-0.82,1.0,0.75,-0.13756613756613756,0.42269532876208316,0.3478531529362333,0.28927470512079634,0.3692925013741948,0.9761425339626003,0.44502108004887764,0.6199827071600946,0.03718763921497886,0.4735371792226165,0.0,0.0,1.0,1.0,0.75,0.5,1.6,-0.25,0.0,0.5,0,1,0,0,0,0,0,0,1,0,0,0,0,0,0,1
2666,-0.1111111111111111,-0.6120689655172413,-0.56,0.6153846153846154,0.5,-0.7117552334943639,0.6040185445493934,0.30593072962051854,0.34433751866497325,0.3623279570687608,0.6122380649615098,0.34549912098468055,0.9075700587577056,-0.7755238700769802,0.29807749263654026,0.0,0.0,1.0,-0.5,1.0,0.25,1.2,-0.75,1.0,0.5,0,1,0,0,0,0,0,0,1,0,0,0,0,0,0,1
5721,0.7777777777777778,-0.882183908045977,0.22,0.6923076923076923,0.0,-0.7222222222222222,0.7546065892122875,0.5077157764419312,0.6796477868781128,0.4165264511805448,0.7576488544432298,0.9170075925370186,0.6008157204042494,0.5758185568959769,0.04421863650592419,-1.0,-1.0,1.0,-0.5,0.75,2.0,0.2,-1.0,2.0,0.0,0,1,0,0,0,1,0,0,0,0,0,0,0,1,0,0
10652,0.7222222222222222,-0.5344827586206896,-0.02,0.15384615384615385,-1.0,0.05664488017429206,0.37147340155239267,0.39967805518385985,0.7147531823022323,0.10646864678855844,0.7137772141594719,0.7628845749298221,1.0737907797784279,-0.7755238700769802,1.0807395341241672,-1.0,-1.0,0.0,0.5,-0.25,0.75,0.2,-1.0,1.0,0.0,0,0,0,1,0,0,0,0,1,0,0,0,0,1,0,0
1646,-0.1111111111111111,-0.7212643678160919,-0.26,-0.6153846153846154,-1.25,0.6878306878306878,-1.0885455194536044,-0.7890549229015935,-0.793391613255783,-1.1828754161455015,0.03718763921497886,-0.6320354792626287,-0.03144440163293923,-0.3877619350384901,-0.5869986227256642,0.0,0.0,0.0,0.0,-0.75,-0.25,-0.4,-0.75,-2.0,0.0,0,1,0,0,0,0,0,0,1,0,0,0,0,1,0,0
4418,-0.7222222222222222,0.382183908045977,-0.26,0.7692307692307693,0.0,-0.7318518518518518,0.8515163062331672,0.5256792483808498,0.6848556800336381,0.4476428630976543,0.590840233434414,0.8658535192187444,0.9501581423206529,0.8898992019955868,-0.25641814192069373,-1.0,-2.0,1.0,-0.5,0.75,0.75,1.4,-1.0,1.0,0.0,0,0,1,0,0,0,0,0,1,0,0,0,0,0,0,1
2656,-0.05555555555555555,0.3936781609195402,0.28,-0.7692307692307693,-0.25,0.1925925925925927,-0.35072424001174446,-0.6987531907066324,-0.43681257369289855,-0.6609919958489534,-0.5308733279587541,-0.8174977601529947,-1.007628303794069,-0.20746290290324726,0.0,1.0,0.0,0.0,-0.5,-0.75,-0.25,-0.6,0.25,0.0,-0.5,1,0,0,0,0,0,0,0,1,0,0,0,1,0,0,0
7990,1.2777777777777777,0.9770114942528736,-0.94,-0.8461538461538461,-0.75,0.48148148148148157,-0.9580679872704773,-1.143970975228957,-1.042052496423055,-0.9522631819915691,-0.5308733279587541,-1.1921710908689298,-0.4630290774619893,-0.3877619350384901,-1.849433141188841,-1.0,-1.0,0.0,-0.5,-1.0,-0.5,-0.4,0.0,0.0,0.5,0,1,0,0,0,0,0,0,1,0,0,0,0,0,0,1
8722,0.7222222222222222,0.7011494252873564,-0.22,0.7692307692307693,0.25,-0.7318518518518518,0.7220611661223706,0.569908079669013,0.764979661653217,0.385196781691502,0.6388889180172997,0.9630176000957114,1.0796397012432057,0.9531986810242506,0.5400893577133797,-1.0,-1.0,3.0,-0.5,0.75,1.25,1.0,-0.75,-1.0,0.0,0,1,0,0,0,0,0,0,1,0,0,0,0,1,0,0
7118,0.7222222222222222,0.9798850574712644,0.24,0.5384615384615384,1.5,-0.43771043771043766,0.5544227744904693,0.4986377743717037,0.7214353599669969,0.519498441434142,0.7755238700769802,0.6408549434285865,0.5520822202293374,0.38776193503849,1.1180396247767563,0.0,0.0,2.0,0.0,1.25,0.75,0.2,0.0,0.0,-0.5,0,1,0,0,0,0,0,0,0,1,0,0,0,0,0,1
2980,1.0,0.3103448275862069,0.06,-0.38461538461538464,0.5,1.3481481481481483,-2.696503525916009,-0.8876516871453942,-1.1467387127690556,-0.864973770899795,-0.7755238700769802,-0.6037264941113603,-0.37536818175688036,-0.3877619350384901,-0.9247165705944205,1.0,0.0,0.0,1.0,-0.25,-0.5,-0.4,0.5,1.0,0.0,0,0,1,0,0,0,1,0,0,0,0,0,0,1,0,0
1839,-0.2222222222222222,-0.8247126436781609,-0.48,-0.5384615384615384,0.25,-0.2407407407407407,-0.26084896145149483,-0.38018509131155603,-0.1821035462981542,-0.3732046439115666,-0.041572243722302185,-0.12517543890733063,-0.06562641226476575,-0.3877619350384901,-0.15768008000897207,-1.0,-2.0,0.0,-0.5,-0.25,-0.5,-0.2,0.25,0.0,0.5,0,0,1,0,0,0,0,0,1,0,0,0,0,0,0,1
10722,-0.16666666666666666,-0.12643678160919541,0.28,0.15384615384615385,0.75,-0.28322440087145967,0.1208119430146476,0.11852250675904476,0.20876957765825346,0.17260431712066743,0.0,0.23256176660337322,-0.03144440163293923,-0.20746290290324726,0.8353813654131744,0.0,0.0,1.0,0.0,0.5,1.0,-0.4,0.0,0.0,-0.5,0,0,0,1,0,0,0,0,0,1,0,0,0,0,0,1
2632,0.8888888888888888,0.05747126436781609,-0.78,0.38461538461538464,0.5,1.0592592592592591,-0.02619877822437281,0.08603910452998595,0.04444401507352532,0.17710037373919008,-0.7755238700769802,-0.21236944249137837,0.02911296866803439,-0.7755238700769802,1.0408487810400828,1.0,1.0,2.0,2.5,0.25,0.5,-0.2,0.0,0.0,0.5,0,1,0,0,0,0,1,0,0,0,0,0,0,0,0,1
9014,-0.2777777777777778,-1.014367816091954,0.32,-0.38461538461538464,0.5,1.3481481481481483,-0.49873566497439936,-0.6866278235723599,-0.8370499399729479,-0.4910387136837044,-0.5308733279587541,-0.5295595783247905,-0.576043627965019,-0.7755238700769802,-1.0529256415547674,1.0,1.0,0.0,1.0,-0.25,-0.5,-0.4,0.5,0.0,-0.5,0,1,0,0,0,0,1,0,0,0,0,0,0,0,0,1
7620,-1.1111111111111112,-0.08045977011494253,0.44,-0.5384615384615384,0.25,0.48148148148148157,-1.7675527445298789,-0.48483516436731666,-0.3639354407352611,-1.1222164641568182,0.10153914919796193,-0.5295595783247905,0.20667320090127414,0.0,0.3503461201575912,0.0,-1.0,0.0,0.0,-0.5,0.0,-0.6,0.5,-2.0,-0.5,0,0,1,0,0,0,0,0,0,1,0,0,1,0,0,0
10968,0.05555555555555555,0.6522988505747126,-0.98,0.8461538461538461,1.25,-0.07407407407407397,0.17856241074130416,0.2123564931851489,0.09663508149063456,0.1405546559897204,0.3154784929617928,0.5682589544156021,0.638257876730324,0.0,0.33771794786875625,0.0,-1.0,0.0,1.0,1.0,1.5,0.2,0.0,0.0,0.5,0,0,1,0,0,0,0,0,0,1,0,0,0,1,0,0
11133,-0.16666666666666666,0.7557471264367817,-0.92,0.3076923076923077,1.5,0.557504873294347,-0.09021642240653613,0.02520229510230799,-0.029556383708214454,0.2039025505888449,-0.2862227858405282,-0.10989354155354014,-0.37536818175688036,-0.2862227858405282,0.31159714487129303,0.0,-1.0,1.0,1.5,0.75,-0.25,0.2,0.5,2.0,0.5,0,0,1,0,0,0,0,0,0,1,0,0,0,0,0,1
2736,-0.4444444444444444,0.5373563218390804,0.78,0.6153846153846154,-0.5,-0.4605475040257649,0.5545057145148886,0.28152158318587084,0.3006057239478102,0.24639190879475023,0.9286590314442188,0.31963101627097806,0.6724398873621507,0.7666995073589845,0.45301504376350465,0.0,0.0,0.0,0.0,0.25,0.75,1.2,-1.0,0.0,-0.5,0,1,0,0,0,0,0,0,1,0,0,0,0,0,0,1
1876,-1.1111111111111112,0.40804597701149425,-0.68,-0.6923076923076923,-0.5,0.0,-1.5278951571053059,-0.5656275759987671,-0.32159721386344664,-0.5550414438340489,-0.7755238700769802,-0.7725050540976793,0.24085521153310066,-0.20746290290324726,-0.15768008000897207,-1.0,-1.0,0.0,-0.5,-0.75,-0.5,-0.2,0.0,0.0,0.5,0,1,0,0,0,0,0,0,1,0,0,0,0,0,0,1
5959,0.1111111111111111,0.764367816091954,0.62,0.0,0.5,1.3481481481481483,-0.548731848367575,-0.25353540618430775,-0.3631416169734309,-0.03190016522792321,-0.7755238700769802,-0.39783172338174416,-1.007628303794069,-0.7755238700769802,-0.15768008000897207,1.0,0.0,0.0,2.0,-0.25,-0.25,0.0,0.5,0.0,-0.5,0,0,1,0,0,0,1,0,0,0,0,0,0,0,0,1
1092,-0.5555555555555556,0.9511494252873564,-0.64,0.38461538461538464,1.75,0.1925925925925927,0.26320418470689905,0.39265852392068856,0.5934162624217303,0.1442720480329595,0.9425022223340124,0.7590530835427538,1.0388938548427442,0.5601290350800188,0.10475443845420482,0.0,0.0,0.0,1.0,1.25,0.25,-0.2,0.25,0.0,0.5,0,1,0,0,0,0,0,0,0,1,0,0,0,1,0,0
4333,0.8888888888888888,-0.7413793103448276,0.54,-0.38461538461538464,0.0,1.3481481481481483,-0.7175516747226929,-0.7309291770348686,-0.9075400189758707,-0.47480607351807536,-0.7755238700769802,-0.6958495530356731,-1.007628303794069,-0.7755238700769802,-1.0529256415547674,1.0,1.0,1.0,1.0,-0.5,-0.25,-0.4,0.25,0.0,-0.5,0,0,0,1,0,0,1,0,0,0,0,0,0,0,0,1
3850,0.3888888888888889,0.6120689655172413,0.06,-0.7692307692307693,-0.5,0.1925925925925927,-1.8922947163072823,-0.8134455571304952,-0.6321821154250621,-1.2571159733443953,-0.2862227858405282,-1.0822775493153898,0.08157014887009044,-0.20746290290324726,-0.25641814192069373,0.0,0.0,0.0,-0.5,-0.75,-0.5,-0.4,0.0,-2.0,0.0,0,0,0,1,0,0,0,0,1,0,1,0,0,0,0,0
6168,0.3888888888888889,-0.020114942528735632,-0.42,-0.6923076923076923,-1.0,0.9629629629629629,-0.1977363450289813,-0.7377145154049668,-0.6158732251326653,-0.5451092696564066,-0.7755238700769802,-0.9273913017065346,-1.007628303794069,-0.7755238700769802,-0.25641814192069373,1.0,0.0,0.0,0.0,-0.75,-0.25,-0.6,-0.5,0.0,0.5,1,0,0,0,0,0,0,0,1,0,0,0,0,0,0,1
607,0.8333333333333334,0.4166666666666667,-0.36,0.5384615384615384,1.75,0.6127946127946128,-0.31671548904914865,0.10122325496562054,0.009109824867575004,0.18263632719600761,0.42494957425346885,0.2533760620603676,0.3659582635642842,-0.7755238700769802,0.06511398322198858,0.0,-1.0,0.0,2.0,1.0,-0.25,0.4,0.5,-1.0,0.0,1,0,0,0,0,0,0,0,0,1,0,0,0,0,0,1
10469,-0.6111111111111112,-0.6091954022988506,-0.14,0.23076923076923078,-0.25,-0.6419753086419753,0.8293098741330442,0.5209281265044569,0.8964582451030938,0.3623279570687608,0.733951626354678,0.9697312437068388,0.7771837049801891,0.40059811775913484,0.4424723863229611,-1.0,-1.0,0.0,-0.5,0.5,0.0,0.8,-1.0,0.0,0.0,0,0,0,1,0,0,0,0,1,0,0,0,0,1,0,0
6983,1.1111111111111112,-0.853448275862069,-0.5,-0.6153846153846154,0.0,0.6878306878306878,-0.4592629758027892,-0.797007714698515,-0.8063275501062561,-0.6609919958489534,-0.3877619350384901,-0.5077252649352844,-0.576043627965019,-0.5308733279587541,-1.849433141188841,1.0,0.0,0.0,0.0,-0.5,-0.5,-0.4,0.25,1.0,0.5,1,0,0,0,0,0,0,0,1,0,0,0,0,0,0,1
3661,-1.3888888888888888,0.7729885057471264,-0.14,0.3076923076923077,-0.75,-0.6588693957115009,0.6895680588724545,0.4754325080433138,0.7775758020967106,0.4071539123351625,0.6190917972785056,0.8516159772753047,0.677858529154613,0.645248659877361,0.15951573240067232,-1.0,-2.0,0.0,-0.5,0.0,1.0,0.6,-1.0,-1.0,0.0,0,0,1,0,0,0,0,0,1,0,0,0,0,1,0,0
9303,-0.3333333333333333,-0.06321839080459771,-0.74,-1.0769230769230769,1.25,-0.9629629629629629,-3.4743848975699456,-0.9198276734736306,0.20635279165240816,-0.864973770899795,-0.20746290290324726,-0.8174977601529947,-0.7353286906280291,-0.2862227858405282,-0.8199621321402158,0.0,0.0,0.0,-1.0,-0.75,-0.5,-1.0,1.75,0.0,0.5,0,1,0,0,0,0,0,0,0,1,0,0,0,0,0,1
692,0.8888888888888888,0.5747126436781609,0.78,-0.8461538461538461,-0.5,0.48148148148148157,-0.5102506532642168,-1.1651076174231962,-1.0751866849165583,-1.1828754161455015,-0.3877619350384901,-0.9273913017065346,-1.007628303794069,-0.7755238700769802,-0.8199621321402158,1.0,1.0,0.0,-0.5,-0.75,-0.5,-0.6,0.0,0.0,-0.5,0,0,0,1,0,0,0,0,1,0,0,0,0,1,0,0
736,-0.7222222222222222,0.3132183908045977,0.36,-0.6153846153846154,0.25,0.6878306878306878,-0.905606862464416,-0.7446266898475834,-0.7205594414786656,-0.7387163872530763,-0.2862227858405282,-0.4674779179008721,-0.4630290774619893,-0.2862227858405282,-0.731393516412085,0.0,0.0,0.0,0.0,-0.5,-0.5,-0.4,0.5,0.0,-0.5,0,0,0,1,0,0,0,0,1,0,0,0,0,1,0,0
9589,1.2222222222222223,-0.7787356321839081,0.1,0.15384615384615385,-1.0,-0.9629629629629629,0.7161959327191927,0.4196716035287557,0.7509887358462239,0.21404672439917355,1.0856136152542766,0.655271616202391,0.9607762292753982,0.931471445717889,0.4835297564776514,-1.0,-2.0,0.0,-1.0,0.0,1.0,0.4,-1.25,2.0,0.0,0,0,0,0,1,0,0,0,1,0,0,0,0,1,0,0
4838,-0.4444444444444444,0.05459770114942529,-0.18,-0.8461538461538461,0.0,0.48148148148148157,-1.2448392592403401,-1.187526030626249,-1.110020789569042,-1.1222164641568182,-0.5308733279587541,-0.7725050540976793,-1.007628303794069,-0.7755238700769802,-1.451179391371804,0.0,0.0,0.0,-0.5,-0.75,-0.5,-0.6,0.5,0.0,0.0,0,0,0,1,0,0,0,0,1,0,0,0,0,1,0,0
9246,-0.8333333333333334,0.7672413793103449,0.48,0.15384615384615385,1.0,0.3965141612200436,-0.37908130044606253,0.017287331607378584,0.028902921528735012,-0.005752935151804659,-0.2862227858405282,0.24754394131428417,0.28712572369308104,0.36059806427048563,0.5310410020510917,0.0,0.0,0.0,1.0,0.5,-0.25,0.2,0.25,1.0,-0.5,0,0,0,1,0,0,0,0,0,1,0,0,0,0,0,1
6261,-0.5,-0.4051724137931034,0.64,0.23076923076923078,-0.5,0.0,0.18633602670412922,0.06320527405897775,0.07286306330005161,0.14550200553941922,0.4477288405141499,0.1028062048829766,-0.03144440163293923,0.5981179371223457,-0.047907629659445665,0.0,0.0,0.0,0.5,-0.25,0.0,1.0,-0.5,0.0,-0.5,0,1,0,0,0,0,0,0,1,0,0,0,0,0,0,1
7366,-0.6666666666666666,0.011494252873563218,-0.74,0.46153846153846156,-1.25,-0.6878306878306878,0.594816960223117,0.47620424515639387,0.7119388402856145,0.46734656694326626,0.38776193503849,0.7908121356971768,0.6613730907052233,0.15594757564090878,0.6754358957375127,-1.0,-2.0,3.0,-0.5,-0.25,1.0,1.2,-1.25,1.0,0.5,0,0,1,0,0,0,0,0,1,0,0,0,0,0,0,1
10659,-0.5,0.1781609195402299,-0.84,-0.3076923076923077,0.25,1.1380471380471382,-2.944574468496162,-0.7377145154049668,-0.9722667014280841,-1.3528286983107507,0.0,-0.6626115125441394,-0.4630290774619893,0.0,-0.07344777701387911,0.0,0.0,0.0,1.0,-0.25,0.0,-0.6,0.25,-1.0,0.5,0,0,0,1,0,0,1,0,0,0,0,0,1,0,0,0
1448,0.3888888888888889,-1.0114942528735633,-0.32,-0.46153846153846156,-0.75,0.9629629629629629,-0.6514897463935079,-0.7516705326433099,-0.8798171431843947,-0.689940953021626,0.1297907130420535,-0.6320354792626287,-1.007628303794069,-0.2862227858405282,-1.0529256415547674,2.0,2.0,0.0,0.5,-0.5,-0.5,-0.2,-0.5,1.0,0.0,0,1,0,0,0,0,0,0,1,0,0,0,0,0,0,1
4286,0.0,-0.5316091954022989,-0.5,0.5384615384615384,0.5,-0.1750841750841751,0.1762013660336786,0.19900520309024416,0.18255511670747393,0.39923203506881166,-0.08870296647731721,-0.05423214131252221,-0.1444589521359689,-0.7755238700769802,0.06511398322198858,0.0,-1.0,1.0,0.5,0.75,1.0,0.2,-0.5,2.0,0.5,0,0,1,0,0,0,0,0,0,1,0,0,0,0,0,1
4749,0.1111111111111111,0.8189655172413793,0.12,0.5384615384615384,1.5,0.6127946127946128,0.20022457036737887,0.14462085216772846,0.0858944741565191,0.24820008241161434,0.36059806427048563,0.005576690118878176,0.43158467582904997,-0.7755238700769802,0.7295519805090722,1.0,1.0,0.0,2.0,1.0,0.0,0.2,0.25,0.0,0.0,0,0,0,1,0,0,0,0,0,1,0,0,0,0,0,1
4478,-0.5,0.3045977011494253,0.76,0.8461538461538461,2.5,0.814814814814815,0.330981985309381,0.18458875269220404,0.04745117637496504,0.32008809206267874,-0.14311139292026412,0.17316707966436307,0.08157014887009044,0.2446505421182259,0.4424723863229611,1.0,1.0,0.0,3.0,1.75,-0.25,0.2,0.5,0.0,-0.5,0,1,0,0,0,0,0,0,0,1,0,0,0,0,0,1
4201,0.4444444444444444,0.3649425287356322,-0.2,0.3076923076923077,0.0,0.557504873294347,0.1848055795553549,0.061631694808723034,0.034752080840448306,0.09092554702847123,-0.041572243722302185,0.27035647928127343,-0.37536818175688036,-0.7755238700769802,0.7485998699746281,0.0,-1.0,0.0,1.5,0.0,0.0,0.6,-0.25,0.0,0.0,0,0,1,0,0,0,0,0,1,0,0,0,0,0,0,1
8720,-0.4444444444444444,0.9482758620689655,0.08,-1.0769230769230769,-2.25,-0.9629629629629629,0.0,0.5334646004801845,2.875307455511865,-0.5550414438340489,-0.3877619350384901,1.2083460935079495,0.0,-0.20746290290324726,-0.047907629659445665,-1.0,-1.0,1.0,-1.0,-1.0,-0.5,-0.8,-1.5,-1.0,0.0,0,0,0,1,0,0,0,0,1,0,0,0,0,1,0,0
10084,-0.1111111111111111,-0.9022988505747126,-0.8,-0.6153846153846154,0.0,0.6878306878306878,-1.137240348751251,-0.7588511575992061,-0.7439795606320702,-1.2571159733443953,-0.3877619350384901,-0.7725050540976793,0.18839803133104463,-0.7755238700769802,-0.1887448729086275,1.0,1.0,0.0,0.0,-0.5,-0.25,-0.6,0.25,0.0,0.5,0,1,0,0,0,0,0,0,0,1,1,0,0,0,0,0
7004,-0.7777777777777778,0.3275862068965517,0.66,-0.46153846153846156,0.75,0.9629629629629629,-2.3568519217202355,-0.5699526611604441,-0.5821911413686852,-0.6474103906387431,-0.2862227858405282,-0.352839017326429,-0.19072946429594947,-0.5308733279587541,-0.02345463250614205,0.0,-1.0,1.0,0.5,-0.25,-0.25,-0.6,0.75,0.0,-0.5,0,0,1,0,0,0,0,0,0,1,0,0,0,1,0,0
9817,0.0,0.9224137931034483,0.44,0.9230769230769231,2.0,-0.5349794238683128,-0.20944171713477272,0.359661692492248,0.3344757365348998,0.5273827707359372,0.07082795084356677,0.2866141025519014,0.02911296866803439,0.07082795084356677,-0.10017625718049661,-1.0,-2.0,0.0,0.0,1.25,0.5,1.4,0.5,1.0,-0.5,0,0,1,0,0,0,0,0,1,0,0,0,0,0,0,1
8080,-0.8888888888888888,0.9339080459770115,0.02,-0.8461538461538461,-1.25,0.48148148148148157,-0.9948863199889971,-1.0533270027820778,-0.8970108754924192,-1.1222164641568182,-0.5308733279587541,-0.8685062832737553,-0.4630290774619893,-0.20746290290324726,-1.0529256415547674,-1.0,-2.0,0.0,-0.5,-1.0,-0.5,-0.4,-0.5,0.0,0.0,0,0,1,0,0,0,0,0,1,0,0,0,0,1,0,0
9432,-0.3888888888888889,0.10344827586206896,-0.52,-0.3076923076923077,0.0,1.1380471380471382,3.922575332245507,-0.6807110482928288,-0.8829110717745264,-0.9522631819915691,0.18029903213524281,-0.48707177625345005,-0.1444589521359689,-0.5308733279587541,-0.3757191474672522,0.0,0.0,0.0,1.0,-0.25,-0.25,-0.4,0.0,0.0,0.5,0,0,0,1,0,0,1,0,0,0,0,0,0,1,0,0
8372,-0.2222222222222222,0.020114942528735632,0.64,-0.8461538461538461,-0.25,0.48148148148148157,-0.6128148635501072,-0.9429471116559227,-0.714828469485766,-1.2571159733443953,-0.2862227858405282,-0.8174977601529947,-0.24318664449800542,-0.3877619350384901,-0.5264628207773835,0.0,0.0,0.0,-0.5,-0.75,-0.5,-0.6,0.25,0.0,-0.5,0,1,0,0,0,0,0,0,1,0,0,0,1,0,0,0
10870,0.16666666666666666,0.07183908045977011,-0.06,0.23076923076923078,1.25,-0.32098765432098764,0.26843732952066857,0.4503975269606661,0.7684063604300355,0.465943740719116,0.5601290350800188,0.3781682909485164,0.46994148984782846,0.9112970335226829,1.3183553662035712,0.0,0.0,0.0,0.0,1.25,0.25,-0.2,-0.25,0.0,0.0,0,1,0,0,0,0,0,0,0,1,0,0,0,0,0,1
4001,1.3333333333333333,-0.9683908045977011,0.14,0.5384615384615384,1.5,0.8754208754208754,0.3366583149781586,0.042207156146486645,-0.09474312002306154,0.2808104921928561,-0.7755238700769802,-0.3000660731068272,-1.007628303794069,-0.7755238700769802,-0.5869986227256642,2.0,2.0,1.0,2.5,1.0,0.0,0.0,0.25,2.0,0.0,0,0,0,1,0,0,0,0,0,1,0,0,0,0,0,1
7270,-0.6111111111111112,-0.5775862068965517,0.84,0.3076923076923077,-0.25,-0.6588693957115009,0.15855103898887643,0.4217616647734557,0.6803218476291535,0.5481480705375172,0.5981179371223457,0.44502108004887764,0.3659582635642842,0.1297907130420535,0.0,-1.0,-2.0,1.0,-0.5,-0.5,0.25,1.6,0.0,0.0,-0.5,1,0,0,0,0,0,0,0,1,0,0,0,0,0,0,1
8235,0.7777777777777778,-0.5747126436781609,-0.82,0.6153846153846154,0.0,-0.4605475040257649,0.45686557431593533,0.2789020404786258,0.29591675606169626,0.29832522691841634,0.436522943019284,0.43972774146369503,0.7187103995221312,0.436522943019284,0.5218478665694974,0.0,0.0,0.0,0.0,0.5,0.75,1.0,-0.75,1.0,0.5,0,0,0,1,0,0,0,0,1,0,0,0,0,0,0,1
9405,0.8888888888888888,0.764367816091954,-0.18,-0.3076923076923077,0.25,0.6127946127946128,0.04392746838876569,-0.3071645684866943,-0.25878518873682277,-0.2402564783035804,-0.2862227858405282,-0.03528628394443194,-0.576043627965019,-0.5308733279587541,-0.07344777701387911,1.0,1.0,1.0,0.5,-0.25,-0.25,-0.2,0.25,2.0,0.0,0,1,0,0,0,0,0,0,1,0,0,0,0,0,0,1
